/Applications/Xcode.app/Contents/Developer/usr/bin/make dev-test DEV_BUILD_CONFIGURATION=debug
/bin/bash -lc 'cd "/Users/james/Documents/Codex/winmux" && source ./script/setup.sh && swift test -c "debug" -Xswiftc -DDEBUG'
warning: swiftly is not installed. Fallback to plain swift. Swift compilation might not be reproducible
swift-driver version: 1.168.6 Apple Swift version 6.4 (swiftlang-6.4.0.34.1 clang-2100.3.34.1)
Target: arm64-apple-macosx27.0.0
Building for debugging...
[Computing dependencies]
[Provisioning 13 / 41]
[Starting]
[1 / 44] HashTreeCollections
[2 / 17] AppBundle
[14 / 38] AppBundle
/Users/james/Documents/Codex/winmux/Sources/AppBundle/mouse/resize/resizeWithMouse.swift:7:5: warning: unstructured throwing task created by 'init(name:priority:operation:)' is not used, which may accidentally ignore errors thrown inside the task [#NoUseUnstructuredThrowingTask]
  5 |     let notif = notif as String
  6 |     let windowId = ax.containingWindowId()
  7 |     Task { @MainActor in
    |     |- warning: unstructured throwing task created by 'init(name:priority:operation:)' is not used, which may accidentally ignore errors thrown inside the task [#NoUseUnstructuredThrowingTask]
    |     `- note: to silence this warning, handle the error inside the task, or store/discard the task value explicitly
  8 |         if WindowMouseInteractionOpacityController.shared.shouldSuppressObserverEvent(windowId: windowId) {
  9 |             return

[#NoUseUnstructuredThrowingTask]: <https://docs.swift.org/compiler/documentation/diagnostics/no-use-throwing-unstructured-task>
[15 / 48] AppBundle
[16 / 54] AppBundle
[18 / 54] AppBundle
/Users/james/Documents/Codex/winmux/Sources/AppBundle/config/HotkeyBinding.swift:112:5: warning: unstructured throwing task created by 'init(name:priority:operation:)' is not used, which may accidentally ignore errors thrown inside the task [#NoUseUnstructuredThrowingTask]
110 | @MainActor private func triggerBinding(_ binding: String, _ commands: [any Command]) {
111 |     if hotkeysSuspended { return }
112 |     Task {
    |     |- warning: unstructured throwing task created by 'init(name:priority:operation:)' is not used, which may accidentally ignore errors thrown inside the task [#NoUseUnstructuredThrowingTask]
    |     `- note: to silence this warning, handle the error inside the task, or store/discard the task value explicitly
113 |         if let activeMode {
114 |             broadcastEvent(.bindingTriggered(

[#NoUseUnstructuredThrowingTask]: <https://docs.swift.org/compiler/documentation/diagnostics/no-use-throwing-unstructured-task>
[19 / 54] AppBundle
[23 / 54] AppBundle
[25 / 54] AppBundle
[26 / 54] AppBundle
[27 / 54] AppBundle
[29 / 54] AppBundle
[31 / 54] AppBundle
[32 / 54] AppBundle
[34 / 54] AppBundle
/Users/james/Documents/Codex/winmux/Sources/AppBundle/ui/tabs/WindowTabStripEditActions.swift:4:5: warning: unstructured throwing task created by 'init(name:priority:operation:)' is not used, which may accidentally ignore errors thrown inside the task [#NoUseUnstructuredThrowingTask]
 2 | func removeWindowFromTabStrip(_ windowId: UInt32, fallbackWorkspace: String) {
 3 |     guard let token: RunSessionGuard = .isServerEnabled else { return }
 4 |     Task {
   |     |- warning: unstructured throwing task created by 'init(name:priority:operation:)' is not used, which may accidentally ignore errors thrown inside the task [#NoUseUnstructuredThrowingTask]
   |     `- note: to silence this warning, handle the error inside the task, or store/discard the task value explicitly
 5 |         try await runLightSession(.menuBarButton, token) {
 6 |             guard let window = Window.get(byId: windowId) else {

/Users/james/Documents/Codex/winmux/Sources/AppBundle/ui/tabs/WindowTabStripEditActions.swift:19:5: warning: unstructured throwing task created by 'init(name:priority:operation:)' is not used, which may accidentally ignore errors thrown inside the task [#NoUseUnstructuredThrowingTask]
17 | func reorderTabInStrip(_ windowId: UInt32, toIndex targetIndex: Int) {
18 |     guard let token: RunSessionGuard = .isServerEnabled else { return }
19 |     Task {
   |     |- warning: unstructured throwing task created by 'init(name:priority:operation:)' is not used, which may accidentally ignore errors thrown inside the task [#NoUseUnstructuredThrowingTask]
   |     `- note: to silence this warning, handle the error inside the task, or store/discard the task value explicitly
20 |         try await runLightSession(.menuBarButton, token) {
21 |             guard let window = Window.get(byId: windowId),

[#NoUseUnstructuredThrowingTask]: <https://docs.swift.org/compiler/documentation/diagnostics/no-use-throwing-unstructured-task>
[35 / 54] AppBundle
[37 / 54] AppBundle
[38 / 54] AppBundle
/Users/james/Documents/Codex/winmux/Sources/AppBundle/ui/core/DisplayRefreshDriver.swift:92:34: warning: main actor-isolated static property 'shared' can not be referenced from a Sendable closure
 25 | @MainActor
 26 | final class DisplayRefreshDriver: @unchecked Sendable {
 27 |     static let shared = DisplayRefreshDriver()
    |                `- note: static property declared here
 28 | 
 29 |     private struct Subscription {
    :
 90 |     private func startFallbackTimer() {
 91 |         let timer = Timer(timeInterval: 1.0 / 60.0, repeats: true) { _ in
 92 |             DisplayRefreshDriver.shared.enqueue(timestamp: CACurrentMediaTime())
    |                                  `- warning: main actor-isolated static property 'shared' can not be referenced from a Sendable closure
 93 |         }
 94 |         fallbackTimer = timer

/Users/james/Documents/Codex/winmux/Sources/AppBundle/ui/hud/SwitcherPalette.swift:111:9: warning: unstructured throwing task created by 'init(name:priority:operation:)' is not used, which may accidentally ignore errors thrown inside the task [#NoUseUnstructuredThrowingTask]
109 |     private func select(_ windowId: UInt32) {
110 |         dismiss()
111 |         Task { @MainActor in
    |         |- warning: unstructured throwing task created by 'init(name:priority:operation:)' is not used, which may accidentally ignore errors thrown inside the task [#NoUseUnstructuredThrowingTask]
    |         `- note: to silence this warning, handle the error inside the task, or store/discard the task value explicitly
112 |             guard let token: RunSessionGuard = .isServerEnabled else { return }
113 |             try await runLightSession(.menuBarButton, token) {

/Users/james/Documents/Codex/winmux/Sources/AppBundle/ui/hud/VolumeView.swift:28:37: warning: 'weak' ownership of capture 'self' differs from implicitly-captured strong reference in outer scope [#ImplicitStrongCapture]
25 | 
26 |     func startTimer() {
27 |         timer = .scheduledTimer(withTimeInterval: 2 /* seconds */, repeats: false) { _ in
   |                                                                                    |- note: 'self' implicitly strongly captured here
   |                                                                                    `- note: add 'self' as a capture list item to silence
28 |             Task { @MainActor [weak self] in
   |                                     |- warning: 'weak' ownership of capture 'self' differs from implicitly-captured strong reference in outer scope [#ImplicitStrongCapture]
   |                                     `- note: explicitly assign the capture list item to silence
29 |                 self?.close()
30 |             }

/Users/james/Documents/Codex/winmux/Sources/AppBundle/ui/menubar/MenuBar.swift:21:13: warning: unstructured throwing task created by 'init(name:priority:operation:)' is not used, which may accidentally ignore errors thrown inside the task [#NoUseUnstructuredThrowingTask]
 19 |         Divider()
 20 |         Button(viewModel.isEnabled ? "Disable" : "Enable") {
 21 |             Task {
    |             |- warning: unstructured throwing task created by 'init(name:priority:operation:)' is not used, which may accidentally ignore errors thrown inside the task [#NoUseUnstructuredThrowingTask]
    |             `- note: to silence this warning, handle the error inside the task, or store/discard the task value explicitly
 22 |                 try await runLightSession(.menuBarButton, .forceRun) { () throws in
 23 |                     _ = try await EnableCommand(args: EnableCmdArgs(rawArgs: [], targetState: .toggle))

/Users/james/Documents/Codex/winmux/Sources/AppBundle/ui/menubar/MenuBar.swift:78:13: warning: unstructured throwing task created by 'init(name:priority:operation:)' is not used, which may accidentally ignore errors thrown inside the task [#NoUseUnstructuredThrowingTask]
 76 |     if let token: RunSessionGuard = .isServerEnabled {
 77 |         let button = Button("Reload config") {
 78 |             Task {
    |             |- warning: unstructured throwing task created by 'init(name:priority:operation:)' is not used, which may accidentally ignore errors thrown inside the task [#NoUseUnstructuredThrowingTask]
    |             `- note: to silence this warning, handle the error inside the task, or store/discard the task value explicitly
 79 |                 try await runLightSession(.menuBarButton, token) { _ = try await reloadConfig() }
 80 |             }

[#ImplicitStrongCapture]: <https://docs.swift.org/compiler/documentation/diagnostics/implicit-strong-capture>
[#NoUseUnstructuredThrowingTask]: <https://docs.swift.org/compiler/documentation/diagnostics/no-use-throwing-unstructured-task>
[39 / 54] AppBundle
[46 / 61] BridgeCore
[50 / 65] WinMuxApp-product
[52 / 66] winmux-marketing-renderer-product
[53 / 66] WinMuxApp-product
[54 / 71]
[58 / 71] WinMuxWorkspaceHelper-product
[58 / 71] AppBundle/Users/james/Documents/Codex/winmux/Sources/AppBundle/focus.swift:265:5: warning: unstructured throwing task created by 'init(name:priority:operation:)' is not used, which may accidentally ignore errors thrown inside the task [#NoUseUnstructuredThrowingTask]
263 |     guard let token: RunSessionGuard = .isServerEnabled else { return }
264 |     // todo potential optimization: don't run runSession if we are already in runSession
265 |     Task {
    |     |- warning: unstructured throwing task created by 'init(name:priority:operation:)' is not used, which may accidentally ignore errors thrown inside the task [#NoUseUnstructuredThrowingTask]
    |     `- note: to silence this warning, handle the error inside the task, or store/discard the task value explicitly
266 |         try await runLightSession(.onFocusedMonitorChanged, token) {
267 |             _ = try await config.onFocusedMonitorChanged.runCmdSeq(.defaultEnv.withFocus(focus), .emptyStdin)

/Users/james/Documents/Codex/winmux/Sources/AppBundle/focus.swift:279:5: warning: unstructured throwing task created by 'init(name:priority:operation:)' is not used, which may accidentally ignore errors thrown inside the task [#NoUseUnstructuredThrowingTask]
277 |     guard let token: RunSessionGuard = .isServerEnabled else { return }
278 |     // todo potential optimization: don't run runSession if we are already in runSession
279 |     Task {
    |     |- warning: unstructured throwing task created by 'init(name:priority:operation:)' is not used, which may accidentally ignore errors thrown inside the task [#NoUseUnstructuredThrowingTask]
    |     `- note: to silence this warning, handle the error inside the task, or store/discard the task value explicitly
280 |         try await runLightSession(.onFocusChanged, token) {
281 |             _ = try await config.onFocusChanged.runCmdSeq(.defaultEnv.withFocus(focus), .emptyStdin)

/Users/james/Documents/Codex/winmux/Sources/AppBundle/initAppBundle.swift:6:5: warning: unstructured throwing task created by 'init(name:priority:operation:)' is not used, which may accidentally ignore errors thrown inside the task [#NoUseUnstructuredThrowingTask]
  4 | 
  5 | @MainActor public func initAppBundle() {
  6 |     Task { try await initializeAppBundle() }
    |     |- warning: unstructured throwing task created by 'init(name:priority:operation:)' is not used, which may accidentally ignore errors thrown inside the task [#NoUseUnstructuredThrowingTask]
    |     `- note: to silence this warning, handle the error inside the task, or store/discard the task value explicitly
  7 | }
  8 | 

[#NoUseUnstructuredThrowingTask]: <https://docs.swift.org/compiler/documentation/diagnostics/no-use-throwing-unstructured-task>

[58 / 71] WinMuxWorkspaceHelper-product
[59 / 71] AppBundle
/Users/james/Documents/Codex/winmux/Sources/AppBundle/ui/settings/ShortcutSettingsGeneralView.swift:142:9: warning: unstructured throwing task created by 'init(name:priority:operation:)' is not used, which may accidentally ignore errors thrown inside the task [#NoUseUnstructuredThrowingTask]
140 | 
141 |     private func reloadConfigAction() {
142 |         Task {
    |         |- warning: unstructured throwing task created by 'init(name:priority:operation:)' is not used, which may accidentally ignore errors thrown inside the task [#NoUseUnstructuredThrowingTask]
    |         `- note: to silence this warning, handle the error inside the task, or store/discard the task value explicitly
143 |             if let token: RunSessionGuard = .isServerEnabled {
144 |                 try await runLightSession(.menuBarButton, token) {

[#NoUseUnstructuredThrowingTask]: <https://docs.swift.org/compiler/documentation/diagnostics/no-use-throwing-unstructured-task>
/Users/james/Documents/Codex/winmux/Sources/AppBundle/GlobalObserver.swift:31:9: warning: unstructured throwing task created by 'init(name:priority:operation:)' is not used, which may accidentally ignore errors thrown inside the task [#NoUseUnstructuredThrowingTask]
 29 |     private static func onHideApp(_ notification: Notification) {
 30 |         let notifName = notification.name.rawValue
 31 |         Task { @MainActor in
    |         |- warning: unstructured throwing task created by 'init(name:priority:operation:)' is not used, which may accidentally ignore errors thrown inside the task [#NoUseUnstructuredThrowingTask]
    |         `- note: to silence this warning, handle the error inside the task, or store/discard the task value explicitly
 32 |             guard let token: RunSessionGuard = .isServerEnabled else { return }
 33 |             try await runLightSession(.globalObserver(notifName), token) {

/Users/james/Documents/Codex/winmux/Sources/AppBundle/GlobalObserver.swift:131:13: warning: unstructured throwing task created by 'init(name:priority:operation:)' is not used, which may accidentally ignore errors thrown inside the task [#NoUseUnstructuredThrowingTask]
129 |             //  resetManipulatedWithMouseIfPossible might call its own refreshSession
130 |             //  The end of the callback calls refreshSession
131 |             Task { @MainActor in
    |             |- warning: unstructured throwing task created by 'init(name:priority:operation:)' is not used, which may accidentally ignore errors thrown inside the task [#NoUseUnstructuredThrowingTask]
    |             `- note: to silence this warning, handle the error inside the task, or store/discard the task value explicitly
132 |                 finishWorkspaceSidebarDragAfterGlobalMouseUp()
133 |                 guard let token: RunSessionGuard = .isServerEnabled else { return }

[#NoUseUnstructuredThrowingTask]: <https://docs.swift.org/compiler/documentation/diagnostics/no-use-throwing-unstructured-task>
[60 / 71]
[61 / 71] AppBundle
[67 / 72] AppBundle-product
[67 / 72] winmux-marketing-renderer-product
[70 / 75] AppBundleTests-product
[82 / 87] AppBundleTests-product
[83 / 87] AppBundleTests-product
/Users/james/Documents/Codex/winmux/Sources/AppBundleTests/model/EventSubscriptionTest.swift:111:18: warning: weak variable 'weakSubscriber' was never mutated; consider changing to 'let' constant [#VariableNeverMutated::WeakMutability]
109 |             release = nil
110 |         }, onClose: { registered = nil })
111 |         weak var weakSubscriber = registered
    |                  `- warning: weak variable 'weakSubscriber' was never mutated; consider changing to 'let' constant [#VariableNeverMutated::WeakMutability]
112 |         registered?.enqueue(event(0))
113 |         await fulfillment(of: [started], timeout: 1)

[#VariableNeverMutated]: <https://docs.swift.org/compiler/documentation/diagnostics/variable-never-mutated>
[#WeakMutability]: <https://docs.swift.org/compiler/documentation/diagnostics/weak-mutability>
[84 / 87] AppBundleTests-product
/Users/james/Documents/Codex/winmux/Sources/AppBundleTests/ui/WorkspaceSidebarTransitionTest.swift:15:22: warning: mutation of captured var 'expansions' in concurrently-executing code [#SendableClosureCaptures]
 13 |             let observer = NotificationCenter.default.addObserver(
 14 |                 forName: workspaceSidebarWillExpandNotification, object: panel, queue: .main
 15 |             ) { _ in expansions += 1 }
    |                      `- warning: mutation of captured var 'expansions' in concurrently-executing code [#SendableClosureCaptures]
 16 |             defer {
 17 |                 subscription.cancel()

/Users/james/Documents/Codex/winmux/Sources/AppBundleTests/ui/WorkspaceSidebarTransitionTest.swift:32:22: warning: mutation of captured var 'collapses' in concurrently-executing code [#SendableClosureCaptures]
 30 |             let observer = NotificationCenter.default.addObserver(
 31 |                 forName: workspaceSidebarWillCollapseNotification, object: panel, queue: .main
 32 |             ) { _ in collapses += 1 }
    |                      `- warning: mutation of captured var 'collapses' in concurrently-executing code [#SendableClosureCaptures]
 33 |             defer { NotificationCenter.default.removeObserver(observer) }
 34 |             panel.handleHoverExit(collapsedWidth: 28)

[#SendableClosureCaptures]: <https://docs.swift.org/compiler/documentation/diagnostics/sendable-closure-captures>
/Users/james/Documents/Codex/winmux/Sources/AppBundleTests/ui/TrackpadNavigationTest.swift:79:17: warning: 'matches' mutated after capture by sendable closure
 71 |         let backend = FakeTrackpadBackend()
 72 |         var activations = 0
 73 |         var matches = false
    |             `- note: variable defined here
 74 |         let controller = TrackpadNavigationController(backend: backend, frontmostPID: { matches ? 0 : 999 }, activate: { _, _ in activations += 1 })
    |                                                                                       | `- note: capturing use
    |                                                                                       `- note: variable captured by sendable closure
 75 |         controller.update(configuration: .init(enabled: true), isActive: true)
 76 |         backend.send([.began(1), .committed(1, .left)])
 77 |         await drainMainQueue()
 78 |         XCTAssertEqual(activations, 0)
 79 |         matches = true
    |                 `- warning: 'matches' mutated after capture by sendable closure
 80 |         backend.send([.ended(1), .began(1)])
 81 |         await drainMainQueue()

/Users/james/Documents/Codex/winmux/Sources/AppBundleTests/ui/TrackpadNavigationTest.swift:156:19: warning: 'frontmost' mutated after capture by sendable closure
143 |         _ = windows[0].focusWindow()
144 |         let backend = FakeTrackpadBackend()
145 |         var frontmost: Int32 = 1
    |             `- note: variable defined here
146 |         var time = ProcessInfo.processInfo.systemUptime
147 |         var visited: [UInt32] = []
148 |         let controller = TrackpadNavigationController(backend: backend, frontmostPID: { frontmost }, now: { time }, activate: { _, destination in
    |                                                                                       | `- note: capturing use
    |                                                                                       `- note: variable captured by sendable closure
149 |             visited.append(destination.windowId)
150 |             _ = destination.focusWindow()
    :
154 |         await drainMainQueue()
155 |         // macOS is still activating the previous request while fingers land.
156 |         frontmost = 2
    |                   `- warning: 'frontmost' mutated after capture by sendable closure
157 |         controller.applicationActivated(2)
158 |         backend.send([.committed(1, .left), .ended(1), .began(1), .committed(1, .right), .ended(1)])

/Users/james/Documents/Codex/winmux/Sources/AppBundleTests/ui/TrackpadNavigationTest.swift:168:14: warning: 'time' mutated after capture by sendable closure
144 |         let backend = FakeTrackpadBackend()
145 |         var frontmost: Int32 = 1
146 |         var time = ProcessInfo.processInfo.systemUptime
    |             `- note: variable defined here
147 |         var visited: [UInt32] = []
148 |         let controller = TrackpadNavigationController(backend: backend, frontmostPID: { frontmost }, now: { time }, activate: { _, destination in
    |                                                                                                           | `- note: capturing use
    |                                                                                                           `- note: variable captured by sendable closure
149 |             visited.append(destination.windowId)
150 |             _ = destination.focusWindow()
    :
166 |         XCTAssertFalse(controller.shouldIgnoreNativeFocus(unrelated))
167 |         // The grace period is bounded; failed activation cannot pin logical focus.
168 |         time += 0.51
    |              `- warning: 'time' mutated after capture by sendable closure
169 |         XCTAssertFalse(controller.shouldIgnoreNativeFocus(windows[0]))
170 |         controller.shutdown()

/Users/james/Documents/Codex/winmux/Sources/AppBundleTests/ui/TrackpadNavigationTest.swift:188:19: warning: 'frontmost' mutated after capture by sendable closure
174 |         let windows = group()
175 |         let backend = FakeTrackpadBackend()
176 |         var frontmost: Int32 = 0
    |             `- note: variable defined here
177 |         var visited: [UInt32] = []
178 |         let controller = TrackpadNavigationController(backend: backend, frontmostPID: { frontmost }, activate: { _, destination in
    |                                                                                       | `- note: capturing use
    |                                                                                       `- note: variable captured by sendable closure
179 |             visited.append(destination.windowId)
180 |             _ = destination.focusWindow()
    :
186 |         frontmost = 999
187 |         controller.applicationActivated(frontmost)
188 |         frontmost = 0
    |                   `- warning: 'frontmost' mutated after capture by sendable closure
189 |         backend.send([.committed(1, .left), .ended(1)])
190 |         await drainMainQueue()
/Users/james/Documents/Codex/winmux/Sources/AppBundleTests/ui/BrowserToolbarPerformanceTest.swift:30:17: warning: 'liveIDs' mutated after capture by sendable closure
15 |         _ = NSApplication.shared
16 |         let id = SurfaceID.browserTab(profile: UUID(), tab: UUID())
17 |         var liveIDs: Set<SurfaceID> = [id]
   |             `- note: variable defined here
18 |         let controller = BrowserToolbarController(isAvailable: { liveIDs.contains($0) })
   |                                                                | `- note: capturing use
   |                                                                `- note: variable captured by sendable closure
19 |         defer { controller.hideAll() }
20 |         controller.update(items: [item(id)]) { _, _ in }
   :
28 |             XCTAssertTrue(controller.panels[id] === panel)
29 |         }
30 |         liveIDs.remove(id)
   |                 `- warning: 'liveIDs' mutated after capture by sendable closure
31 |         controller.update(items: []) { _, _ in }
32 |         XCTAssertNil(controller.panels[id])
/Users/james/Documents/Codex/winmux/Sources/AppBundleTests/tree/BrowserRefreshSchedulerTest.swift:50:17: warning: 'isReady' mutated after capture by sendable closure
 41 | 
 42 |     func testInventoryBeforeRuntimeReadyIsRetainedUntilExplicitStartupResume() async {
 43 |         var isReady = false
    |             `- note: variable defined here
 44 |         var passes = 0
 45 |         let scheduler = CoalescedBrowserRefreshScheduler(isReady: { isReady }) { passes += 1 }
    |                                                                   | `- note: capturing use
    |                                                                   `- note: variable captured by sendable closure
 46 |         for _ in 0 ..< 1000 { scheduler.schedule() }
 47 |         await scheduler.waitUntilIdle()
 48 |         XCTAssertEqual(passes, 0, "Do not consume inventory work while the native model is still initializing")
 49 | 
 50 |         isReady = true
    |                 `- warning: 'isReady' mutated after capture by sendable closure
 51 |         scheduler.resumePendingRefresh()
 52 |         await scheduler.waitUntilIdle()

/Users/james/Documents/Codex/winmux/Sources/AppBundleTests/tree/BrowserRefreshSchedulerTest.swift:75:17: warning: 'isReady' mutated after capture by sendable closure
 58 | 
 59 |     func testReadinessLostDuringSuspendedPassPreservesTrailingInventory() async throws {
 60 |         var isReady = true
    |             `- note: variable defined here
 61 |         var passes = 0
 62 |         var release: CheckedContinuation<Void, Never>?
 63 |         let started = expectation(description: "First pass suspended")
 64 |         let scheduler = CoalescedBrowserRefreshScheduler(isReady: { isReady }) {
    |                                                                   | `- note: capturing use
    |                                                                   `- note: variable captured by sendable closure
 65 |             passes += 1
 66 |             if passes == 1 { await withCheckedContinuation { release = $0; started.fulfill() } }
    :
 73 |         await scheduler.waitUntilIdle()
 74 |         XCTAssertEqual(passes, 1)
 75 |         isReady = true
    |                 `- warning: 'isReady' mutated after capture by sendable closure
 76 |         scheduler.resumePendingRefresh()
 77 |         await scheduler.waitUntilIdle()

/Users/james/Documents/Codex/winmux/Sources/AppBundleTests/tree/BrowserRefreshSchedulerTest.swift:98:17: warning: 'isReady' mutated after capture by sendable closure
 80 | 
 81 |     func testStartupReadinessDoesNotWaitForTrailingInventoryToBecomeIdle() async throws {
 82 |         var isReady = false
    |             `- note: variable defined here
 83 |         var passes = 0
 84 |         var releaseFirst: CheckedContinuation<Void, Never>?
    :
 87 |         let trailingStarted = expectation(description: "New inventory pass suspended")
 88 |         let startupCompleted = expectation(description: "Startup returns before later inventory settles")
 89 |         let scheduler = CoalescedBrowserRefreshScheduler(isReady: { isReady }) {
    |                                                                   | `- note: capturing use
    |                                                                   `- note: variable captured by sendable closure
 90 |             passes += 1
 91 |             if passes == 1 {
    :
 96 |         }
 97 |         scheduler.schedule()
 98 |         isReady = true
    |                 `- warning: 'isReady' mutated after capture by sendable closure
 99 |         let startup = Task { @MainActor in
100 |             await scheduler.resumePendingRefreshAndWaitForPass()

/Users/james/Documents/Codex/winmux/Sources/AppBundleTests/tree/NativeGroupFocusOrderingTest.swift:71:20: warning: 'foreground' mutated after capture by sendable closure
60 | 
61 |     func testInterveningAppActivationRetiresDeferredTargetAndLateFence() {
62 |         var foreground: Int32? = -1
   |             `- note: variable defined here
63 |         let controller = BrowserWorkspaceController(foregroundProcessID: { foreground })
   |                                                                          | `- note: capturing use
   |                                                                          `- note: variable captured by sendable closure
64 |         let window = TestWindow.new(id: 954, parent: focus.workspace.rootTilingContainer)
65 |         let page = SurfaceID.browserTab(profile: UUID(), tab: UUID()), connection = UUID()
   :
69 |                             epoch: UUID(), connection: connection, protocolVersion: 4)
70 |         XCTAssertEqual(controller.select(window.surfaceID, deferNativeFocusUntilLayout: true), .issued)
71 |         foreground = -2
   |                    `- warning: 'foreground' mutated after capture by sendable closure
72 |         XCTAssertTrue(controller.finishNativeGroupFocusAfterLayout())
73 |         XCTAssertNil(TestApp.shared.focusedWindow)
[86 / 90] AppBundleTests-product
[88 / 90] AppBundleTests-product
[91 / 91] winmux-marketing-renderer-product
[95 / 95] WinMuxApp-product
Build complete! (24.27 sec)
Test Suite 'All tests' started at 2026-10-06 17:37:23.672.
Test Suite 'AppBundleTests.xctest' started at 2026-10-06 17:37:23.673.
Test Suite 'AgentCommandTest' started at 2026-10-06 17:37:23.673.
Test Case '-[AppBundleTests.AgentCommandTest testCheckRejectsStaleWorldId]' started.
Test Case '-[AppBundleTests.AgentCommandTest testCheckRejectsStaleWorldId]' passed (0.128 seconds).
Test Case '-[AppBundleTests.AgentCommandTest testCreateTabGroupAcceptsWindowsAliasAndInfersWorkspace]' started.
Test Case '-[AppBundleTests.AgentCommandTest testCreateTabGroupAcceptsWindowsAliasAndInfersWorkspace]' passed (0.060 seconds).
Test Case '-[AppBundleTests.AgentCommandTest testCreateTabGroupAliasCanBeUsedLaterInSameOperations]' started.
Test Case '-[AppBundleTests.AgentCommandTest testCreateTabGroupAliasCanBeUsedLaterInSameOperations]' passed (0.047 seconds).
Test Case '-[AppBundleTests.AgentCommandTest testCreateTabGroupRejectsDuplicateWindows]' started.
Test Case '-[AppBundleTests.AgentCommandTest testCreateTabGroupRejectsDuplicateWindows]' passed (0.007 seconds).
Test Case '-[AppBundleTests.AgentCommandTest testCreateTabGroupSeedsNewWorkspaceToSourceMonitor]' started.
Test Case '-[AppBundleTests.AgentCommandTest testCreateTabGroupSeedsNewWorkspaceToSourceMonitor]' passed (0.059 seconds).
Test Case '-[AppBundleTests.AgentCommandTest testDeclarativeSingleWindowLayoutStaysTiled]' started.
Test Case '-[AppBundleTests.AgentCommandTest testDeclarativeSingleWindowLayoutStaysTiled]' passed (0.323 seconds).
Test Case '-[AppBundleTests.AgentCommandTest testDeclarativeWorkspaceLayoutRejectsDuplicateWindows]' started.
Test Case '-[AppBundleTests.AgentCommandTest testDeclarativeWorkspaceLayoutRejectsDuplicateWindows]' passed (0.038 seconds).
Test Case '-[AppBundleTests.AgentCommandTest testDeclarativeWorkspaceLayoutUsesProportionalSizes]' started.
Test Case '-[AppBundleTests.AgentCommandTest testDeclarativeWorkspaceLayoutUsesProportionalSizes]' passed (0.046 seconds).
Test Case '-[AppBundleTests.AgentCommandTest testDeclarativeWorkspaceLayout]' started.
Test Case '-[AppBundleTests.AgentCommandTest testDeclarativeWorkspaceLayout]' passed (0.045 seconds).
Test Case '-[AppBundleTests.AgentCommandTest testMoveTabGroupToWorkspaceMovesWholeGroup]' started.
Test Case '-[AppBundleTests.AgentCommandTest testMoveTabGroupToWorkspaceMovesWholeGroup]' passed (0.016 seconds).
Test Case '-[AppBundleTests.AgentCommandTest testParse]' started.
Test Case '-[AppBundleTests.AgentCommandTest testParse]' passed (0.011 seconds).
Test Case '-[AppBundleTests.AgentCommandTest testPlacePaneAndSetWinMuxFullscreen]' started.
Test Case '-[AppBundleTests.AgentCommandTest testPlacePaneAndSetWinMuxFullscreen]' passed (0.010 seconds).
Test Case '-[AppBundleTests.AgentCommandTest testQueryIncludesPanesAndTabGroups]' started.
Test Case '-[AppBundleTests.AgentCommandTest testQueryIncludesPanesAndTabGroups]' passed (0.016 seconds).
Test Case '-[AppBundleTests.AgentCommandTest testSetPaneSizeOperationCanTargetVerticalSplit]' started.
Test Case '-[AppBundleTests.AgentCommandTest testSetPaneSizeOperationCanTargetVerticalSplit]' passed (0.013 seconds).
Test Case '-[AppBundleTests.AgentCommandTest testSetPaneSizeOperationUsesProportionalSize]' started.
Test Case '-[AppBundleTests.AgentCommandTest testSetPaneSizeOperationUsesProportionalSize]' passed (0.013 seconds).
Test Case '-[AppBundleTests.AgentCommandTest testSkill]' started.
Test Case '-[AppBundleTests.AgentCommandTest testSkill]' passed (0.013 seconds).
Test Case '-[AppBundleTests.AgentCommandTest testStaleWorldIdStopsBeforeOperationValidation]' started.
Test Case '-[AppBundleTests.AgentCommandTest testStaleWorldIdStopsBeforeOperationValidation]' passed (0.009 seconds).
Test Case '-[AppBundleTests.AgentCommandTest testSwapPanesAcceptsPaneIdAliases]' started.
Test Case '-[AppBundleTests.AgentCommandTest testSwapPanesAcceptsPaneIdAliases]' passed (0.023 seconds).
Test Case '-[AppBundleTests.AgentCommandTest testSwapPanesAcceptsSnakeCaseAndWindowIdAliases]' started.
Test Case '-[AppBundleTests.AgentCommandTest testSwapPanesAcceptsSnakeCaseAndWindowIdAliases]' passed (0.028 seconds).
Test Case '-[AppBundleTests.AgentCommandTest testWorldIdIgnoresFocusChanges]' started.
Test Case '-[AppBundleTests.AgentCommandTest testWorldIdIgnoresFocusChanges]' passed (0.014 seconds).
Test Suite 'AgentCommandTest' passed at 2026-10-06 17:37:24.596.
	 Executed 20 tests, with 0 failures (0 unexpected) in 0.920 (0.923) seconds
Test Suite 'AxRefreshBenchmarkTest' started at 2026-10-06 17:37:24.596.
Test Case '-[AppBundleTests.AxRefreshBenchmarkTest testBenchmark]' started.
Test Case '-[AppBundleTests.AxRefreshBenchmarkTest testBenchmark]' passed (1.344 seconds).
Test Suite 'AxRefreshBenchmarkTest' passed at 2026-10-06 17:37:25.940.
	 Executed 1 test, with 0 failures (0 unexpected) in 1.344 (1.344) seconds
Test Suite 'AxRefreshFastPathTest' started at 2026-10-06 17:37:25.940.
Test Case '-[AppBundleTests.AxRefreshFastPathTest testAppActivationSkipsFullRefreshBarrier]' started.
Test Case '-[AppBundleTests.AxRefreshFastPathTest testAppActivationSkipsFullRefreshBarrier]' passed (0.010 seconds).
Test Case '-[AppBundleTests.AxRefreshFastPathTest testFocusedWindowChangedSkipsFullRefreshBarrier]' started.
Test Case '-[AppBundleTests.AxRefreshFastPathTest testFocusedWindowChangedSkipsFullRefreshBarrier]' passed (0.010 seconds).
Test Case '-[AppBundleTests.AxRefreshFastPathTest testFocusOnlyEventsCanReuseLastAppliedWindowFrames]' started.
Test Case '-[AppBundleTests.AxRefreshFastPathTest testFocusOnlyEventsCanReuseLastAppliedWindowFrames]' passed (0.000 seconds).
Test Case '-[AppBundleTests.AxRefreshFastPathTest testNativeMinimizeRefreshKeepsActiveAdjacentEmptyWorkspaceForReuse]' started.
Test Case '-[AppBundleTests.AxRefreshFastPathTest testNativeMinimizeRefreshKeepsActiveAdjacentEmptyWorkspaceForReuse]' passed (0.032 seconds).
Test Case '-[AppBundleTests.AxRefreshFastPathTest testWindowCreatedStillRunsFullRefreshBarrier]' started.
Test Case '-[AppBundleTests.AxRefreshFastPathTest testWindowCreatedStillRunsFullRefreshBarrier]' passed (0.023 seconds).
Test Suite 'AxRefreshFastPathTest' passed at 2026-10-06 17:37:26.016.
	 Executed 5 tests, with 0 failures (0 unexpected) in 0.076 (0.076) seconds
Test Suite 'BalanceSizesCommandTest' started at 2026-10-06 17:37:26.016.
Test Case '-[AppBundleTests.BalanceSizesCommandTest testBalanceSizesCommand]' started.
Test Case '-[AppBundleTests.BalanceSizesCommandTest testBalanceSizesCommand]' passed (0.006 seconds).
Test Suite 'BalanceSizesCommandTest' passed at 2026-10-06 17:37:26.022.
	 Executed 1 test, with 0 failures (0 unexpected) in 0.006 (0.006) seconds
Test Suite 'BrowserAccessibilityWindowsTest' started at 2026-10-06 17:37:26.022.
Test Case '-[AppBundleTests.BrowserAccessibilityWindowsTest testBrowserWindowsMergeWithoutLosingOrDuplicatingAppKitWindows]' started.
Test Case '-[AppBundleTests.BrowserAccessibilityWindowsTest testBrowserWindowsMergeWithoutLosingOrDuplicatingAppKitWindows]' passed (0.008 seconds).
Test Case '-[AppBundleTests.BrowserAccessibilityWindowsTest testFreshQueryExcludesHiddenAndDecorativePanelsAndReflectsVisibilityChanges]' started.
Test Case '-[AppBundleTests.BrowserAccessibilityWindowsTest testFreshQueryExcludesHiddenAndDecorativePanelsAndReflectsVisibilityChanges]' passed (0.005 seconds).
Test Suite 'BrowserAccessibilityWindowsTest' passed at 2026-10-06 17:37:26.035.
	 Executed 2 tests, with 0 failures (0 unexpected) in 0.013 (0.013) seconds
Test Suite 'BrowserForkIntegrationTest' started at 2026-10-06 17:37:26.035.
Test Case '-[AppBundleTests.BrowserForkIntegrationTest testFloatingAndTemporaryNativeStatesStayOutsideSharedTiles]' started.
Test Case '-[AppBundleTests.BrowserForkIntegrationTest testFloatingAndTemporaryNativeStatesStayOutsideSharedTiles]' passed (0.015 seconds).
Test Case '-[AppBundleTests.BrowserForkIntegrationTest testFreshInventoryUsesCurrentAutomaticGroupAndRetainsPagesOnRestore]' started.
Test Case '-[AppBundleTests.BrowserForkIntegrationTest testFreshInventoryUsesCurrentAutomaticGroupAndRetainsPagesOnRestore]' passed (0.013 seconds).
Test Case '-[AppBundleTests.BrowserForkIntegrationTest testMovingLastLiveGroupClearsBrowserFocusAndRetainsMissingNativeReservation]' started.
Test Case '-[AppBundleTests.BrowserForkIntegrationTest testMovingLastLiveGroupClearsBrowserFocusAndRetainsMissingNativeReservation]' passed (0.014 seconds).
Test Case '-[AppBundleTests.BrowserForkIntegrationTest testNativeAdoptionPreservesNestedSplitWeightsAndStackSelection]' started.
Test Case '-[AppBundleTests.BrowserForkIntegrationTest testNativeAdoptionPreservesNestedSplitWeightsAndStackSelection]' passed (0.012 seconds).
Test Case '-[AppBundleTests.BrowserForkIntegrationTest testUnavailableLegacyAndRecycledOwnersCannotPartiallyMoveGroup]' started.
Test Case '-[AppBundleTests.BrowserForkIntegrationTest testUnavailableLegacyAndRecycledOwnersCannotPartiallyMoveGroup]' passed (0.011 seconds).
Test Case '-[AppBundleTests.BrowserForkIntegrationTest testUnprojectedDestinationPreservesItsExistingNativeSplit]' started.
Test Case '-[AppBundleTests.BrowserForkIntegrationTest testUnprojectedDestinationPreservesItsExistingNativeSplit]' passed (0.012 seconds).
Test Case '-[AppBundleTests.BrowserForkIntegrationTest testWholeMixedSubtreeMovesToFreshGroupAndKeepsSourceFocus]' started.
Test Case '-[AppBundleTests.BrowserForkIntegrationTest testWholeMixedSubtreeMovesToFreshGroupAndKeepsSourceFocus]' passed (0.017 seconds).
Test Suite 'BrowserForkIntegrationTest' passed at 2026-10-06 17:37:26.129.
	 Executed 7 tests, with 0 failures (0 unexpected) in 0.093 (0.094) seconds
Test Suite 'BrowserGroupLayoutFocusTest' started at 2026-10-06 17:37:26.129.
Test Case '-[AppBundleTests.BrowserGroupLayoutFocusTest testLateLayoutReplyCannotActivatePageFromHiddenGroup]' started.
Test Case '-[AppBundleTests.BrowserGroupLayoutFocusTest testLateLayoutReplyCannotActivatePageFromHiddenGroup]' passed (0.014 seconds).
Test Case '-[AppBundleTests.BrowserGroupLayoutFocusTest testLayoutReplyReaffirmsPageInVisibleGroup]' started.
Test Case '-[AppBundleTests.BrowserGroupLayoutFocusTest testLayoutReplyReaffirmsPageInVisibleGroup]' passed (0.007 seconds).
Test Suite 'BrowserGroupLayoutFocusTest' passed at 2026-10-06 17:37:26.151.
	 Executed 2 tests, with 0 failures (0 unexpected) in 0.021 (0.021) seconds
Test Suite 'BrowserGroupSwitchTest' started at 2026-10-06 17:37:26.151.
Test Case '-[AppBundleTests.BrowserGroupSwitchTest testEmptyGroupClearsBrowserSelection]' started.
Test Case '-[AppBundleTests.BrowserGroupSwitchTest testEmptyGroupClearsBrowserSelection]' passed (0.007 seconds).
Test Case '-[AppBundleTests.BrowserGroupSwitchTest testHiddenGroupFocusedInventoryCannotReplaceCurrentBrowserSelection]' started.
Test Case '-[AppBundleTests.BrowserGroupSwitchTest testHiddenGroupFocusedInventoryCannotReplaceCurrentBrowserSelection]' passed (0.017 seconds).
Test Case '-[AppBundleTests.BrowserGroupSwitchTest testRemovedBrowserSelectionFallsBackToRemainingAvailablePage]' started.
Test Case '-[AppBundleTests.BrowserGroupSwitchTest testRemovedBrowserSelectionFallsBackToRemainingAvailablePage]' passed (0.017 seconds).
Test Case '-[AppBundleTests.BrowserGroupSwitchTest testReturningToBrowserOnlyGroupRemembersItsLastPage]' started.
Test Case '-[AppBundleTests.BrowserGroupSwitchTest testReturningToBrowserOnlyGroupRemembersItsLastPage]' passed (0.012 seconds).
Test Case '-[AppBundleTests.BrowserGroupSwitchTest testReturningToMixedGroupRestoresBrowserSelectionWithoutNativeFocusOverride]' started.
Test Case '-[AppBundleTests.BrowserGroupSwitchTest testReturningToMixedGroupRestoresBrowserSelectionWithoutNativeFocusOverride]' passed (0.034 seconds).
Test Case '-[AppBundleTests.BrowserGroupSwitchTest testReturningToMixedGroupRestoresItsNativeSelection]' started.
Test Case '-[AppBundleTests.BrowserGroupSwitchTest testReturningToMixedGroupRestoresItsNativeSelection]' passed (0.029 seconds).
Test Case '-[AppBundleTests.BrowserGroupSwitchTest testSidebarGroupHeaderSelectsAnAvailableBrowserPage]' started.
Test Case '-[AppBundleTests.BrowserGroupSwitchTest testSidebarGroupHeaderSelectsAnAvailableBrowserPage]' passed (0.028 seconds).
Test Case '-[AppBundleTests.BrowserGroupSwitchTest testStartupGroupActivationPreservesDeferredBrowserSelection]' started.
Test Case '-[AppBundleTests.BrowserGroupSwitchTest testStartupGroupActivationPreservesDeferredBrowserSelection]' passed (0.022 seconds).
Test Case '-[AppBundleTests.BrowserGroupSwitchTest testWorkspaceCommandSelectsBrowserOnlyDestination]' started.
Test Case '-[AppBundleTests.BrowserGroupSwitchTest testWorkspaceCommandSelectsBrowserOnlyDestination]' passed (0.012 seconds).
Test Suite 'BrowserGroupSwitchTest' passed at 2026-10-06 17:37:26.330.
	 Executed 9 tests, with 0 failures (0 unexpected) in 0.179 (0.179) seconds
Test Suite 'BrowserNativeManagementTest' started at 2026-10-06 17:37:26.330.
Test Case '-[AppBundleTests.BrowserNativeManagementTest testFreshManagedDefaultsUseOriginalHierarchyAndCompactNeutralSidebar]' started.
Test Case '-[AppBundleTests.BrowserNativeManagementTest testFreshManagedDefaultsUseOriginalHierarchyAndCompactNeutralSidebar]' passed (0.016 seconds).
Test Case '-[AppBundleTests.BrowserNativeManagementTest testIsolatedStateRequiresMarkerAndPreservesConfigurationOnRestart]' started.
Test Case '-[AppBundleTests.BrowserNativeManagementTest testIsolatedStateRequiresMarkerAndPreservesConfigurationOnRestart]' passed (0.004 seconds).
Test Case '-[AppBundleTests.BrowserNativeManagementTest testManagedDefaultsHaveSharedShortcutsAndDoNotReplaceExistingSettings]' started.
Test Case '-[AppBundleTests.BrowserNativeManagementTest testManagedDefaultsHaveSharedShortcutsAndDoNotReplaceExistingSettings]' passed (0.003 seconds).
Test Case '-[AppBundleTests.BrowserNativeManagementTest testNativeCommandAndEmptyWorkspaceFenceBrowserIntent]' started.
Test Case '-[AppBundleTests.BrowserNativeManagementTest testNativeCommandAndEmptyWorkspaceFenceBrowserIntent]' passed (0.001 seconds).
Test Case '-[AppBundleTests.BrowserNativeManagementTest testOwnershipPreflightReleasesItsLeaseAndDoesNotStealAnExistingLease]' started.
Test Case '-[AppBundleTests.BrowserNativeManagementTest testOwnershipPreflightReleasesItsLeaseAndDoesNotStealAnExistingLease]' passed (0.006 seconds).
Test Case '-[AppBundleTests.BrowserNativeManagementTest testStandaloneOwnershipRecognizesNativeAppButAllowsTransportHelper]' started.
Test Case '-[AppBundleTests.BrowserNativeManagementTest testStandaloneOwnershipRecognizesNativeAppButAllowsTransportHelper]' passed (0.001 seconds).
Test Case '-[AppBundleTests.BrowserNativeManagementTest testStateRejectsSessionSymlinkAndLeaseRejectsConcurrentOwner]' started.
Test Case '-[AppBundleTests.BrowserNativeManagementTest testStateRejectsSessionSymlinkAndLeaseRejectsConcurrentOwner]' passed (0.002 seconds).
Test Case '-[AppBundleTests.BrowserNativeManagementTest testUnifiedAlphaMigratesExistingDefaultModeWithoutChangingOtherSettings]' started.
Test Case '-[AppBundleTests.BrowserNativeManagementTest testUnifiedAlphaMigratesExistingDefaultModeWithoutChangingOtherSettings]' passed (0.004 seconds).
Test Case '-[AppBundleTests.BrowserNativeManagementTest testViewsTrialStartsInViewsModeAndPreservesLaterPreferences]' started.
Test Case '-[AppBundleTests.BrowserNativeManagementTest testViewsTrialStartsInViewsModeAndPreservesLaterPreferences]' passed (0.003 seconds).
Test Suite 'BrowserNativeManagementTest' passed at 2026-10-06 17:37:26.370.
	 Executed 9 tests, with 0 failures (0 unexpected) in 0.039 (0.040) seconds
Test Suite 'BrowserNativeReservationTest' started at 2026-10-06 17:37:26.370.
Test Case '-[AppBundleTests.BrowserNativeReservationTest testEditsCannotDeleteOrMoveUnresolvedReservations]' started.
Test Case '-[AppBundleTests.BrowserNativeReservationTest testEditsCannotDeleteOrMoveUnresolvedReservations]' passed (0.001 seconds).
Test Case '-[AppBundleTests.BrowserNativeReservationTest testMatchingNativeBindingReclaimsReservationAndLaterClosureIsNotExempt]' started.
Test Case '-[AppBundleTests.BrowserNativeReservationTest testMatchingNativeBindingReclaimsReservationAndLaterClosureIsNotExempt]' passed (0.004 seconds).
Test Case '-[AppBundleTests.BrowserNativeReservationTest testProjectedResizePreservesCollapsedReservedGroupAndMetadata]' started.
Test Case '-[AppBundleTests.BrowserNativeReservationTest testProjectedResizePreservesCollapsedReservedGroupAndMetadata]' passed (0.007 seconds).
Test Case '-[AppBundleTests.BrowserNativeReservationTest testReservationAloneDoesNotCreateAResizableNeighbor]' started.
Test Case '-[AppBundleTests.BrowserNativeReservationTest testReservationAloneDoesNotCreateAResizableNeighbor]' passed (0.007 seconds).
Test Case '-[AppBundleTests.BrowserNativeReservationTest testResizeChangesVisiblePaneByExactAmountBesideReservation]' started.
Test Case '-[AppBundleTests.BrowserNativeReservationTest testResizeChangesVisiblePaneByExactAmountBesideReservation]' passed (0.007 seconds).
Test Case '-[AppBundleTests.BrowserNativeReservationTest testUnavailableBrowserIsNotTreatedAsAnUnresolvedNativeReservation]' started.
Test Case '-[AppBundleTests.BrowserNativeReservationTest testUnavailableBrowserIsNotTreatedAsAnUnresolvedNativeReservation]' passed (0.006 seconds).
Test Case '-[AppBundleTests.BrowserNativeReservationTest testUnresolvedNativeReservationDoesNotOccupyAColumnOrBlockLiveSplit]' started.
Test Case '-[AppBundleTests.BrowserNativeReservationTest testUnresolvedNativeReservationDoesNotOccupyAColumnOrBlockLiveSplit]' passed (0.007 seconds).
Test Case '-[AppBundleTests.BrowserNativeReservationTest testUnresolvedSelectedStackMemberDoesNotHideItsLivePage]' started.
Test Case '-[AppBundleTests.BrowserNativeReservationTest testUnresolvedSelectedStackMemberDoesNotHideItsLivePage]' passed (0.007 seconds).
Test Suite 'BrowserNativeReservationTest' passed at 2026-10-06 17:37:26.417.
	 Executed 8 tests, with 0 failures (0 unexpected) in 0.046 (0.047) seconds
Test Suite 'BrowserNativeWindowControlsTest' started at 2026-10-06 17:37:26.417.
Test Case '-[AppBundleTests.BrowserNativeWindowControlsTest testAutomaticGroupSelectionSkipsSuspendedMRUButSidebarCanExplicitlyRestore]' started.
Test Case '-[AppBundleTests.BrowserNativeWindowControlsTest testAutomaticGroupSelectionSkipsSuspendedMRUButSidebarCanExplicitlyRestore]' passed (0.008 seconds).
Test Case '-[AppBundleTests.BrowserNativeWindowControlsTest testGreenButtonDispatchesFullscreenAndOptionGreenDispatchesZoom]' started.
Test Case '-[AppBundleTests.BrowserNativeWindowControlsTest testGreenButtonDispatchesFullscreenAndOptionGreenDispatchesZoom]' passed (0.002 seconds).
Test Case '-[AppBundleTests.BrowserNativeWindowControlsTest testLayoutReplyCannotRestoreNativelyMinimizedPage]' started.
Test Case '-[AppBundleTests.BrowserNativeWindowControlsTest testLayoutReplyCannotRestoreNativelyMinimizedPage]' passed (0.002 seconds).
Test Case '-[AppBundleTests.BrowserNativeWindowControlsTest testMinimizingPassivePaneNeverActivatesItAndFocusedPaneRetiresPendingFocus]' started.
Test Case '-[AppBundleTests.BrowserNativeWindowControlsTest testMinimizingPassivePaneNeverActivatesItAndFocusedPaneRetiresPendingFocus]' passed (0.006 seconds).
Test Case '-[AppBundleTests.BrowserNativeWindowControlsTest testNativeMinimizeFullscreenAndZoomRetainStackAndRestoreOriginalPlacement]' started.
Test Case '-[AppBundleTests.BrowserNativeWindowControlsTest testNativeMinimizeFullscreenAndZoomRetainStackAndRestoreOriginalPlacement]' passed (0.004 seconds).
Test Suite 'BrowserNativeWindowControlsTest' passed at 2026-10-06 17:37:26.439.
	 Executed 5 tests, with 0 failures (0 unexpected) in 0.022 (0.022) seconds
Test Suite 'BrowserNewTabShortcutTest' started at 2026-10-06 17:37:26.439.
Test Case '-[AppBundleTests.BrowserNewTabShortcutTest testBrowserRecorderReassignmentRemovesOnlyTheDirectlyConflictingAction]' started.
Test Case '-[AppBundleTests.BrowserNewTabShortcutTest testBrowserRecorderReassignmentRemovesOnlyTheDirectlyConflictingAction]' passed (0.003 seconds).
Test Case '-[AppBundleTests.BrowserNewTabShortcutTest testBrowserRecorderSavePreservesOtherBindingsAndDoesNotAddGroupShortcuts]' started.
Test Case '-[AppBundleTests.BrowserNewTabShortcutTest testBrowserRecorderSavePreservesOtherBindingsAndDoesNotAddGroupShortcuts]' passed (0.001 seconds).
Test Case '-[AppBundleTests.BrowserNewTabShortcutTest testClearAndRebindPersistAcrossParseWithoutChangingOtherBindings]' started.
Test Case '-[AppBundleTests.BrowserNewTabShortcutTest testClearAndRebindPersistAcrossParseWithoutChangingOtherBindings]' passed (0.000 seconds).
Test Case '-[AppBundleTests.BrowserNewTabShortcutTest testOldConfigsReceiveDefaultWhileExplicitConflictsWin]' started.
Test Case '-[AppBundleTests.BrowserNewTabShortcutTest testOldConfigsReceiveDefaultWhileExplicitConflictsWin]' passed (0.000 seconds).
Test Case '-[AppBundleTests.BrowserNewTabShortcutTest testRuntimeGateAddsBrowserDefaultOnlyForBrowserManagementAndPreservesExplicitBindings]' started.
Test Case '-[AppBundleTests.BrowserNewTabShortcutTest testRuntimeGateAddsBrowserDefaultOnlyForBrowserManagementAndPreservesExplicitBindings]' passed (0.001 seconds).
Test Suite 'BrowserNewTabShortcutTest' passed at 2026-10-06 17:37:26.446.
	 Executed 5 tests, with 0 failures (0 unexpected) in 0.006 (0.006) seconds
Test Suite 'BrowserNewTabTest' started at 2026-10-06 17:37:26.446.
Test Case '-[AppBundleTests.BrowserNewTabTest testCreationCapturesWorkspaceAndPlacesInventoryBeforeOrAfterReply]' started.
2026-10-06 17:37:26.450 xctest[74006:6486371] WinMux new tab: dispatch
2026-10-06 17:37:26.450 xctest[74006:6486371] WinMux new tab: issued
2026-10-06 17:37:26.451 xctest[74006:6486371] WinMux new tab: dispatch
2026-10-06 17:37:26.451 xctest[74006:6486371] WinMux new tab: issued
Test Case '-[AppBundleTests.BrowserNewTabTest testCreationCapturesWorkspaceAndPlacesInventoryBeforeOrAfterReply]' passed (0.006 seconds).
Test Case '-[AppBundleTests.BrowserNewTabTest testNewRequestRetiresOlderReplyWaitingForInventory]' started.
2026-10-06 17:37:26.452 xctest[74006:6486371] WinMux new tab: dispatch
2026-10-06 17:37:26.452 xctest[74006:6486371] WinMux new tab: issued
2026-10-06 17:37:26.452 xctest[74006:6486371] WinMux new tab: dispatch
2026-10-06 17:37:26.452 xctest[74006:6486371] WinMux new tab: issued
Test Case '-[AppBundleTests.BrowserNewTabTest testNewRequestRetiresOlderReplyWaitingForInventory]' passed (0.001 seconds).
Test Case '-[AppBundleTests.BrowserNewTabTest testOlderCreationReplyDoesNotReplaceNewerSelection]' started.
2026-10-06 17:37:26.453 xctest[74006:6486371] WinMux new tab: dispatch
2026-10-06 17:37:26.453 xctest[74006:6486371] WinMux new tab: dispatch
2026-10-06 17:37:26.453 xctest[74006:6486371] WinMux new tab: issued
2026-10-06 17:37:26.453 xctest[74006:6486371] WinMux new tab: issued
Test Case '-[AppBundleTests.BrowserNewTabTest testOlderCreationReplyDoesNotReplaceNewerSelection]' passed (0.001 seconds).
Test Suite 'BrowserNewTabTest' passed at 2026-10-06 17:37:26.453.
	 Executed 3 tests, with 0 failures (0 unexpected) in 0.007 (0.008) seconds
Test Suite 'BrowserPagePresentationTest' started at 2026-10-06 17:37:26.453.
Test Case '-[AppBundleTests.BrowserPagePresentationTest testAddressNormalizationSupportsLocalDevelopmentAndRejectsActiveSchemes]' started.
Test Case '-[AppBundleTests.BrowserPagePresentationTest testAddressNormalizationSupportsLocalDevelopmentAndRejectsActiveSchemes]' passed (0.001 seconds).
Test Case '-[AppBundleTests.BrowserPagePresentationTest testDelayedInventoryCannotTakeSelectionFromAnotherApp]' started.
Test Case '-[AppBundleTests.BrowserPagePresentationTest testDelayedInventoryCannotTakeSelectionFromAnotherApp]' passed (0.001 seconds).
Test Case '-[AppBundleTests.BrowserPagePresentationTest testDenseMixedLayoutFitsManagedMinimumBeforeConventionalHostsAreAdopted]' started.
Test Case '-[AppBundleTests.BrowserPagePresentationTest testDenseMixedLayoutFitsManagedMinimumBeforeConventionalHostsAreAdopted]' passed (0.006 seconds).
Test Case '-[AppBundleTests.BrowserPagePresentationTest testNeighboringPageShellsHaveIndependentGutters]' started.
Test Case '-[AppBundleTests.BrowserPagePresentationTest testNeighboringPageShellsHaveIndependentGutters]' passed (0.006 seconds).
Test Case '-[AppBundleTests.BrowserPagePresentationTest testNewPageActionAllowsEngineToSelectItsNewWindow]' started.
Test Case '-[AppBundleTests.BrowserPagePresentationTest testNewPageActionAllowsEngineToSelectItsNewWindow]' passed (0.001 seconds).
Test Case '-[AppBundleTests.BrowserPagePresentationTest testPageChromeUnifiesHeaderAndBodyAcrossNegativeScreenCoordinates]' started.
Test Case '-[AppBundleTests.BrowserPagePresentationTest testPageChromeUnifiesHeaderAndBodyAcrossNegativeScreenCoordinates]' passed (0.000 seconds).
Test Case '-[AppBundleTests.BrowserPagePresentationTest testPageMinimumIncludesItsChromeWithoutShrinkingChromiumBelowItsMinimum]' started.
Test Case '-[AppBundleTests.BrowserPagePresentationTest testPageMinimumIncludesItsChromeWithoutShrinkingChromiumBelowItsMinimum]' passed (0.001 seconds).
Test Case '-[AppBundleTests.BrowserPagePresentationTest testProtocolFourAdoptsFirstPageWithoutManualGroupingAndReflectsNativeFocus]' started.
Test Case '-[AppBundleTests.BrowserPagePresentationTest testProtocolFourAdoptsFirstPageWithoutManualGroupingAndReflectsNativeFocus]' passed (0.006 seconds).
Test Case '-[AppBundleTests.BrowserPagePresentationTest testStackRetainsIndependentHostsAndReservesNativeToolbar]' started.
Test Case '-[AppBundleTests.BrowserPagePresentationTest testStackRetainsIndependentHostsAndReservesNativeToolbar]' passed (0.006 seconds).
Test Suite 'BrowserPagePresentationTest' passed at 2026-10-06 17:37:26.482.
	 Executed 9 tests, with 0 failures (0 unexpected) in 0.028 (0.028) seconds
Test Suite 'BrowserPlacementRestoreTest' started at 2026-10-06 17:37:26.482.
Test Case '-[AppBundleTests.BrowserPlacementRestoreTest testInterruptedSharedFrameCannotPoisonTheLayoutCache]' started.
Test Case '-[AppBundleTests.BrowserPlacementRestoreTest testInterruptedSharedFrameCannotPoisonTheLayoutCache]' passed (0.001 seconds).
Test Case '-[AppBundleTests.BrowserPlacementRestoreTest testInventoryBeforeRestoreIsRecoveredAndLaterNewTabsUseCurrentWorkspace]' started.
Test Case '-[AppBundleTests.BrowserPlacementRestoreTest testInventoryBeforeRestoreIsRecoveredAndLaterNewTabsUseCurrentWorkspace]' passed (0.006 seconds).
Test Case '-[AppBundleTests.BrowserPlacementRestoreTest testLaterFullInventoryTilesNewPageInActiveGroupAfterRestore]' started.
Test Case '-[AppBundleTests.BrowserPlacementRestoreTest testLaterFullInventoryTilesNewPageInActiveGroupAfterRestore]' passed (0.001 seconds).
Test Case '-[AppBundleTests.BrowserPlacementRestoreTest testMixedCommandsAndGestureRejectChangedGroup]' started.
Test Case '-[AppBundleTests.BrowserPlacementRestoreTest testMixedCommandsAndGestureRejectChangedGroup]' passed (0.006 seconds).
Test Case '-[AppBundleTests.BrowserPlacementRestoreTest testNestedFitNavigationAndGestureRejectsChangedEffectiveStack]' started.
Test Case '-[AppBundleTests.BrowserPlacementRestoreTest testNestedFitNavigationAndGestureRejectsChangedEffectiveStack]' passed (0.007 seconds).
Test Case '-[AppBundleTests.BrowserPlacementRestoreTest testOverflowTilesKeepSelectionWhenAnotherTileIsFocused]' started.
Test Case '-[AppBundleTests.BrowserPlacementRestoreTest testOverflowTilesKeepSelectionWhenAnotherTileIsFocused]' passed (0.007 seconds).
Test Case '-[AppBundleTests.BrowserPlacementRestoreTest testRestoredPlacementWaitsForOwnerAndConfirmedRemovalPersists]' started.
Test Case '-[AppBundleTests.BrowserPlacementRestoreTest testRestoredPlacementWaitsForOwnerAndConfirmedRemovalPersists]' passed (0.007 seconds).
Test Case '-[AppBundleTests.BrowserPlacementRestoreTest testSelectingRestoredTabActivatesItsWorkspace]' started.
Test Case '-[AppBundleTests.BrowserPlacementRestoreTest testSelectingRestoredTabActivatesItsWorkspace]' passed (0.007 seconds).
Test Case '-[AppBundleTests.BrowserPlacementRestoreTest testTemporaryRootStackUsesMixedTabNavigationWithoutChangingSavedTree]' started.
Test Case '-[AppBundleTests.BrowserPlacementRestoreTest testTemporaryRootStackUsesMixedTabNavigationWithoutChangingSavedTree]' passed (0.002 seconds).
Test Case '-[AppBundleTests.BrowserPlacementRestoreTest testV4KeepsBrowserPlacementAcrossBootWithoutTrustingNativeWindowNumber]' started.
Test Case '-[AppBundleTests.BrowserPlacementRestoreTest testV4KeepsBrowserPlacementAcrossBootWithoutTrustingNativeWindowNumber]' passed (0.008 seconds).
Test Suite 'BrowserPlacementRestoreTest' passed at 2026-10-06 17:37:26.534.
	 Executed 10 tests, with 0 failures (0 unexpected) in 0.052 (0.052) seconds
Test Suite 'BrowserProfileMovesTest' started at 2026-10-06 17:37:26.534.
Test Case '-[AppBundleTests.BrowserProfileMovesTest testChangedDestinationProfileOrSourceNavigationCancelsMove]' started.
Test Case '-[AppBundleTests.BrowserProfileMovesTest testChangedDestinationProfileOrSourceNavigationCancelsMove]' passed (0.006 seconds).
Test Case '-[AppBundleTests.BrowserProfileMovesTest testCrossProfileMoveWaitsForBothReplyAndInventoryAndKeepsSourceUntilClose]' started.
Test Case '-[AppBundleTests.BrowserProfileMovesTest testCrossProfileMoveWaitsForBothReplyAndInventoryAndKeepsSourceUntilClose]' passed (0.002 seconds).
Test Case '-[AppBundleTests.BrowserProfileMovesTest testDivergentVersionSixOwnersCannotReceiveNewFeatureMessages]' started.
Test Case '-[AppBundleTests.BrowserProfileMovesTest testDivergentVersionSixOwnersCannotReceiveNewFeatureMessages]' passed (0.002 seconds).
Test Case '-[AppBundleTests.BrowserProfileMovesTest testFailedCreationAndDuplicateMoveLeaveOriginalUntouched]' started.
Test Case '-[AppBundleTests.BrowserProfileMovesTest testFailedCreationAndDuplicateMoveLeaveOriginalUntouched]' passed (0.001 seconds).
Test Case '-[AppBundleTests.BrowserProfileMovesTest testFocusFollowsReplacementOnlyWhenRequested]' started.
Test Case '-[AppBundleTests.BrowserProfileMovesTest testFocusFollowsReplacementOnlyWhenRequested]' passed (0.002 seconds).
Test Case '-[AppBundleTests.BrowserProfileMovesTest testGroupFailureClosesOnlyCopiesEvenWithLateCreationReply]' started.
Test Case '-[AppBundleTests.BrowserProfileMovesTest testGroupFailureClosesOnlyCopiesEvenWithLateCreationReply]' passed (0.001 seconds).
Test Case '-[AppBundleTests.BrowserProfileMovesTest testGroupMoveCommitsAllReplacementsTogetherAndRetainsSplitIdentity]' started.
Test Case '-[AppBundleTests.BrowserProfileMovesTest testGroupMoveCommitsAllReplacementsTogetherAndRetainsSplitIdentity]' passed (0.002 seconds).
Test Case '-[AppBundleTests.BrowserProfileMovesTest testLaterSelectionWinsOverDelayedMoveFocus]' started.
Test Case '-[AppBundleTests.BrowserProfileMovesTest testLaterSelectionWinsOverDelayedMoveFocus]' passed (0.009 seconds).
Test Case '-[AppBundleTests.BrowserProfileMovesTest testLiveAndClosedPinsAdoptDestinationProfileAndKeepShortcutIdentity]' started.
Test Case '-[AppBundleTests.BrowserProfileMovesTest testLiveAndClosedPinsAdoptDestinationProfileAndKeepShortcutIdentity]' passed (0.003 seconds).
Test Case '-[AppBundleTests.BrowserProfileMovesTest testNamedToSharedUsesExplicitSharedRouting]' started.
Test Case '-[AppBundleTests.BrowserProfileMovesTest testNamedToSharedUsesExplicitSharedRouting]' passed (0.001 seconds).
Test Case '-[AppBundleTests.BrowserProfileMovesTest testOrderedCrossSpaceMoveKeepsItsRequestedPosition]' started.
Test Case '-[AppBundleTests.BrowserProfileMovesTest testOrderedCrossSpaceMoveKeepsItsRequestedPosition]' passed (0.001 seconds).
Test Case '-[AppBundleTests.BrowserProfileMovesTest testPinnedSplitMovesAcrossProfilesOnlyAfterAllPagesAreReady]' started.
Test Case '-[AppBundleTests.BrowserProfileMovesTest testPinnedSplitMovesAcrossProfilesOnlyAfterAllPagesAreReady]' passed (0.003 seconds).
Test Case '-[AppBundleTests.BrowserProfileMovesTest testSameNamedAndSharedProfilesMoveWithoutReopening]' started.
Test Case '-[AppBundleTests.BrowserProfileMovesTest testSameNamedAndSharedProfilesMoveWithoutReopening]' passed (0.013 seconds).
Test Case '-[AppBundleTests.BrowserProfileMovesTest testSameSpaceReorganizationDoesNotChangeExistingTabsAfterDefaultChanges]' started.
Test Case '-[AppBundleTests.BrowserProfileMovesTest testSameSpaceReorganizationDoesNotChangeExistingTabsAfterDefaultChanges]' passed (0.001 seconds).
Test Case '-[AppBundleTests.BrowserProfileMovesTest testWrongProfileReplyCannotCloseOriginalAndDisconnectCancelsPendingMove]' started.
Test Case '-[AppBundleTests.BrowserProfileMovesTest testWrongProfileReplyCannotCloseOriginalAndDisconnectCancelsPendingMove]' passed (0.001 seconds).
Test Suite 'BrowserProfileMovesTest' passed at 2026-10-06 17:37:26.584.
	 Executed 15 tests, with 0 failures (0 unexpected) in 0.048 (0.050) seconds
Test Suite 'BrowserRefreshSchedulerTest' started at 2026-10-06 17:37:26.584.
Test Case '-[AppBundleTests.BrowserRefreshSchedulerTest testBurstBeforeTaskStartsUsesOnePass]' started.
Test Case '-[AppBundleTests.BrowserRefreshSchedulerTest testBurstBeforeTaskStartsUsesOnePass]' passed (0.001 seconds).
Test Case '-[AppBundleTests.BrowserRefreshSchedulerTest testInventoryBeforeRuntimeReadyIsRetainedUntilExplicitStartupResume]' started.
Test Case '-[AppBundleTests.BrowserRefreshSchedulerTest testInventoryBeforeRuntimeReadyIsRetainedUntilExplicitStartupResume]' passed (0.000 seconds).
Test Case '-[AppBundleTests.BrowserRefreshSchedulerTest testInventoryBurstDoesNotOverlapSuspendedLayoutAndRunsOneTrailingPass]' started.
Test Case '-[AppBundleTests.BrowserRefreshSchedulerTest testInventoryBurstDoesNotOverlapSuspendedLayoutAndRunsOneTrailingPass]' passed (0.001 seconds).
Test Case '-[AppBundleTests.BrowserRefreshSchedulerTest testReadinessLostDuringSuspendedPassPreservesTrailingInventory]' started.
Test Case '-[AppBundleTests.BrowserRefreshSchedulerTest testReadinessLostDuringSuspendedPassPreservesTrailingInventory]' passed (0.001 seconds).
Test Case '-[AppBundleTests.BrowserRefreshSchedulerTest testStartupReadinessDoesNotWaitForTrailingInventoryToBecomeIdle]' started.
Test Case '-[AppBundleTests.BrowserRefreshSchedulerTest testStartupReadinessDoesNotWaitForTrailingInventoryToBecomeIdle]' passed (0.001 seconds).
Test Suite 'BrowserRefreshSchedulerTest' passed at 2026-10-06 17:37:26.588.
	 Executed 5 tests, with 0 failures (0 unexpected) in 0.003 (0.004) seconds
Test Suite 'BrowserRestartCleanupTest' started at 2026-10-06 17:37:26.588.
Test Case '-[AppBundleTests.BrowserRestartCleanupTest testAnUnconnectedProfileKeepsPlacementWithoutShowingAnEmptyGroup]' started.
Test Case '-[AppBundleTests.BrowserRestartCleanupTest testAnUnconnectedProfileKeepsPlacementWithoutShowingAnEmptyGroup]' passed (0.003 seconds).
Test Case '-[AppBundleTests.BrowserRestartCleanupTest testCompletedDiscoveryRemovesMissingAndPreviouslyOrphanedNativeEntries]' started.
Test Case '-[AppBundleTests.BrowserRestartCleanupTest testCompletedDiscoveryRemovesMissingAndPreviouslyOrphanedNativeEntries]' passed (0.029 seconds).
Test Case '-[AppBundleTests.BrowserRestartCleanupTest testDelayedNativeDiscoveryKeepsItsSavedPositionUntilTheOwnerReturns]' started.
Test Case '-[AppBundleTests.BrowserRestartCleanupTest testDelayedNativeDiscoveryKeepsItsSavedPositionUntilTheOwnerReturns]' passed (0.031 seconds).
Test Case '-[AppBundleTests.BrowserRestartCleanupTest testDeltaAndRejectedFullInventoryCannotRetireUnclaimedPlacement]' started.
Test Case '-[AppBundleTests.BrowserRestartCleanupTest testDeltaAndRejectedFullInventoryCannotRetireUnclaimedPlacement]' passed (0.007 seconds).
Test Case '-[AppBundleTests.BrowserRestartCleanupTest testDiscoveryDeadlineRetiresMissingWindowEvenWhileItsAppIsRunning]' started.
Test Case '-[AppBundleTests.BrowserRestartCleanupTest testDiscoveryDeadlineRetiresMissingWindowEvenWhileItsAppIsRunning]' passed (0.011 seconds).
Test Case '-[AppBundleTests.BrowserRestartCleanupTest testFullBrowserInventoryRemovesAbsentSavedTabAndItsEmptyNumberedGroup]' started.
Test Case '-[AppBundleTests.BrowserRestartCleanupTest testFullBrowserInventoryRemovesAbsentSavedTabAndItsEmptyNumberedGroup]' passed (0.007 seconds).
Test Case '-[AppBundleTests.BrowserRestartCleanupTest testFullInventoryDoesNotDiscardANewTabWhoseCreationReplyArrivedFirst]' started.
Test Case '-[AppBundleTests.BrowserRestartCleanupTest testFullInventoryDoesNotDiscardANewTabWhoseCreationReplyArrivedFirst]' passed (0.007 seconds).
Test Case '-[AppBundleTests.BrowserRestartCleanupTest testInventoryArrivingBeforeTheSessionFileAlsoRetiresStaleReferences]' started.
Test Case '-[AppBundleTests.BrowserRestartCleanupTest testInventoryArrivingBeforeTheSessionFileAlsoRetiresStaleReferences]' passed (0.002 seconds).
Test Case '-[AppBundleTests.BrowserRestartCleanupTest testPreviousBootCannotLeaveAPlaceholderOrClaimAReusedWindowNumber]' started.
Test Case '-[AppBundleTests.BrowserRestartCleanupTest testPreviousBootCannotLeaveAPlaceholderOrClaimAReusedWindowNumber]' passed (0.017 seconds).
Test Case '-[AppBundleTests.BrowserRestartCleanupTest testReconnectRetiresTabsClosedWhileTheHelperWasDisconnected]' started.
Test Case '-[AppBundleTests.BrowserRestartCleanupTest testReconnectRetiresTabsClosedWhileTheHelperWasDisconnected]' passed (0.007 seconds).
Test Suite 'BrowserRestartCleanupTest' passed at 2026-10-06 17:37:26.710.
	 Executed 10 tests, with 0 failures (0 unexpected) in 0.121 (0.122) seconds
Test Suite 'BrowserSidebarIntegrationTest' started at 2026-10-06 17:37:26.710.
Test Case '-[AppBundleTests.BrowserSidebarIntegrationTest testAuthenticatedProcessRemainsExcludedAcrossTransientDisconnect]' started.
Test Case '-[AppBundleTests.BrowserSidebarIntegrationTest testAuthenticatedProcessRemainsExcludedAcrossTransientDisconnect]' passed (0.001 seconds).
Test Case '-[AppBundleTests.BrowserSidebarIntegrationTest testBrowserRowsShareNativeSidebarAndSearchWithoutNativeBindings]' started.
Test Case '-[AppBundleTests.BrowserSidebarIntegrationTest testBrowserRowsShareNativeSidebarAndSearchWithoutNativeBindings]' passed (0.001 seconds).
Test Case '-[AppBundleTests.BrowserSidebarIntegrationTest testClosedOrReusedNativeLeafCannotBeReorganized]' started.
Test Case '-[AppBundleTests.BrowserSidebarIntegrationTest testClosedOrReusedNativeLeafCannotBeReorganized]' passed (0.010 seconds).
Test Case '-[AppBundleTests.BrowserSidebarIntegrationTest testCurrentWebsiteFaviconReachesSharedRowsAndSearchAfterNavigation]' started.
Test Case '-[AppBundleTests.BrowserSidebarIntegrationTest testCurrentWebsiteFaviconReachesSharedRowsAndSearchAfterNavigation]' passed (0.008 seconds).
Test Case '-[AppBundleTests.BrowserSidebarIntegrationTest testDisconnectAndDuplicateOwnersCannotResurrectOrMisrouteRows]' started.
Test Case '-[AppBundleTests.BrowserSidebarIntegrationTest testDisconnectAndDuplicateOwnersCannotResurrectOrMisrouteRows]' passed (0.007 seconds).
Test Case '-[AppBundleTests.BrowserSidebarIntegrationTest testMixedOrganizationUsesLiveOwnersAndSurvivesDisconnect]' started.
Test Case '-[AppBundleTests.BrowserSidebarIntegrationTest testMixedOrganizationUsesLiveOwnersAndSurvivesDisconnect]' passed (0.003 seconds).
Test Case '-[AppBundleTests.BrowserSidebarIntegrationTest testMultipleBrowserFencesReaffirmOnlyTheCurrentOwner]' started.
Test Case '-[AppBundleTests.BrowserSidebarIntegrationTest testMultipleBrowserFencesReaffirmOnlyTheCurrentOwner]' passed (0.007 seconds).
Test Case '-[AppBundleTests.BrowserSidebarIntegrationTest testNativeFocusFencesBrowserAndLateReplyCannotRefocusAnOlderNativeTarget]' started.
Test Case '-[AppBundleTests.BrowserSidebarIntegrationTest testNativeFocusFencesBrowserAndLateReplyCannotRefocusAnOlderNativeTarget]' passed (0.006 seconds).
Test Case '-[AppBundleTests.BrowserSidebarIntegrationTest testOpenPinUsesCurrentWebsiteIconWhileClosedPinKeepsSavedIcon]' started.
Test Case '-[AppBundleTests.BrowserSidebarIntegrationTest testOpenPinUsesCurrentWebsiteIconWhileClosedPinKeepsSavedIcon]' passed (0.007 seconds).
Test Case '-[AppBundleTests.BrowserSidebarIntegrationTest testSidebarProjectionMatchesLiveRowsAndRefreshesOwnershipAndIcons]' started.
Test Case '-[AppBundleTests.BrowserSidebarIntegrationTest testSidebarProjectionMatchesLiveRowsAndRefreshesOwnershipAndIcons]' passed (0.003 seconds).
Test Case '-[AppBundleTests.BrowserSidebarIntegrationTest testUnifiedSearchAndTypedDragIncludeBothKindsInsideGroups]' started.
Test Case '-[AppBundleTests.BrowserSidebarIntegrationTest testUnifiedSearchAndTypedDragIncludeBothKindsInsideGroups]' passed (0.001 seconds).
Test Suite 'BrowserSidebarIntegrationTest' passed at 2026-10-06 17:37:26.765.
	 Executed 11 tests, with 0 failures (0 unexpected) in 0.054 (0.055) seconds
Test Suite 'BrowserSidebarPinsTest' started at 2026-10-06 17:37:26.765.
Test Case '-[AppBundleTests.BrowserSidebarPinsTest testBrowserProcessRestartCanRetireTheOldPinReservation]' started.
Test Case '-[AppBundleTests.BrowserSidebarPinsTest testBrowserProcessRestartCanRetireTheOldPinReservation]' passed (0.002 seconds).
Test Case '-[AppBundleTests.BrowserSidebarPinsTest testClosedPinOpensSavedURLInItsSpaceAndWaitsForInventoryBeforeAnotherOpen]' started.
2026-10-06 17:37:26.773 xctest[74006:6486371] WinMux new tab: dispatch
2026-10-06 17:37:26.773 xctest[74006:6486371] WinMux new tab: issued
Test Case '-[AppBundleTests.BrowserSidebarPinsTest testClosedPinOpensSavedURLInItsSpaceAndWaitsForInventoryBeforeAnotherOpen]' passed (0.007 seconds).
Test Case '-[AppBundleTests.BrowserSidebarPinsTest testClosedTemplateDoesNotReclaimAGroupMovedToAnotherDesktop]' started.
Test Case '-[AppBundleTests.BrowserSidebarPinsTest testClosedTemplateDoesNotReclaimAGroupMovedToAnotherDesktop]' passed (0.001 seconds).
Test Case '-[AppBundleTests.BrowserSidebarPinsTest testClosingPinPreservesItsOriginalURLProfileIconAndSearchIdentity]' started.
Test Case '-[AppBundleTests.BrowserSidebarPinsTest testClosingPinPreservesItsOriginalURLProfileIconAndSearchIdentity]' passed (0.002 seconds).
Test Case '-[AppBundleTests.BrowserSidebarPinsTest testDraggingLivePinIntoRegularGroupUnpinsWithoutClosing]' started.
Test Case '-[AppBundleTests.BrowserSidebarPinsTest testDraggingLivePinIntoRegularGroupUnpinsWithoutClosing]' passed (0.007 seconds).
Test Case '-[AppBundleTests.BrowserSidebarPinsTest testFailedOpenCanRetryAndUnpinDuringCreationDoesNotRecreateShortcut]' started.
2026-10-06 17:37:26.789 xctest[74006:6486371] WinMux new tab: dispatch
2026-10-06 17:37:26.789 xctest[74006:6486371] WinMux new tab: unavailable
2026-10-06 17:37:26.789 xctest[74006:6486371] WinMux new tab: dispatch
2026-10-06 17:37:26.789 xctest[74006:6486371] WinMux new tab: issued
Test Case '-[AppBundleTests.BrowserSidebarPinsTest testFailedOpenCanRetryAndUnpinDuringCreationDoesNotRecreateShortcut]' passed (0.006 seconds).
Test Case '-[AppBundleTests.BrowserSidebarPinsTest testMovingMemberIntoAnotherPinUpdatesDurableOwnership]' started.
Test Case '-[AppBundleTests.BrowserSidebarPinsTest testMovingMemberIntoAnotherPinUpdatesDurableOwnership]' passed (0.002 seconds).
Test Case '-[AppBundleTests.BrowserSidebarPinsTest testMovingPinDuringCreationUsesLatestSpaceWithoutOverridingNewFocus]' started.
2026-10-06 17:37:26.798 xctest[74006:6486371] WinMux new tab: dispatch
2026-10-06 17:37:26.799 xctest[74006:6486371] WinMux new tab: issued
Test Case '-[AppBundleTests.BrowserSidebarPinsTest testMovingPinDuringCreationUsesLatestSpaceWithoutOverridingNewFocus]' passed (0.007 seconds).
Test Case '-[AppBundleTests.BrowserSidebarPinsTest testOtherOwnerInventoryDoesNotCloseLivePinAndDisconnectDoesNotDuplicateIt]' started.
Test Case '-[AppBundleTests.BrowserSidebarPinsTest testOtherOwnerInventoryDoesNotCloseLivePinAndDisconnectDoesNotDuplicateIt]' passed (0.007 seconds).
Test Case '-[AppBundleTests.BrowserSidebarPinsTest testPartialGroupReopenRestoresSlotWithoutStealingLiveFocus]' started.
2026-10-06 17:37:26.814 xctest[74006:6486371] WinMux new tab: dispatch
2026-10-06 17:37:26.814 xctest[74006:6486371] WinMux new tab: issued
Test Case '-[AppBundleTests.BrowserSidebarPinsTest testPartialGroupReopenRestoresSlotWithoutStealingLiveFocus]' passed (0.008 seconds).
Test Case '-[AppBundleTests.BrowserSidebarPinsTest testPinningGroupedMemberPreservesBothPanesAndUnpinKeepsDesktop]' started.
Test Case '-[AppBundleTests.BrowserSidebarPinsTest testPinningGroupedMemberPreservesBothPanesAndUnpinKeepsDesktop]' passed (0.012 seconds).
Test Case '-[AppBundleTests.BrowserSidebarPinsTest testRestoredMissingLivePinBecomesClosedShortcutWithoutGhostPane]' started.
Test Case '-[AppBundleTests.BrowserSidebarPinsTest testRestoredMissingLivePinBecomesClosedShortcutWithoutGhostPane]' passed (0.012 seconds).
Test Case '-[AppBundleTests.BrowserSidebarPinsTest testUnpinDuringLostConnectionMovesReservedPageToRegularGroup]' started.
Test Case '-[AppBundleTests.BrowserSidebarPinsTest testUnpinDuringLostConnectionMovesReservedPageToRegularGroup]' passed (0.002 seconds).
Test Case '-[AppBundleTests.BrowserSidebarPinsTest testUnpinSelectedPageReturnsItsFocusToRegularGroup]' started.
Test Case '-[AppBundleTests.BrowserSidebarPinsTest testUnpinSelectedPageReturnsItsFocusToRegularGroup]' passed (0.007 seconds).
Test Suite 'BrowserSidebarPinsTest' passed at 2026-10-06 17:37:26.848.
	 Executed 14 tests, with 0 failures (0 unexpected) in 0.082 (0.083) seconds
Test Suite 'BrowserSurfaceDropTest' started at 2026-10-06 17:37:26.848.
Test Case '-[AppBundleTests.BrowserSurfaceDropTest testBrowserAndNativeSourcesResolveAndSplitEachOther]' started.
Test Case '-[AppBundleTests.BrowserSurfaceDropTest testBrowserAndNativeSourcesResolveAndSplitEachOther]' passed (0.014 seconds).
Test Case '-[AppBundleTests.BrowserSurfaceDropTest testBrowserToBrowserTabThenSplitUsesOnlyVisibleTarget]' started.
Test Case '-[AppBundleTests.BrowserSurfaceDropTest testBrowserToBrowserTabThenSplitUsesOnlyVisibleTarget]' passed (0.008 seconds).
Test Case '-[AppBundleTests.BrowserSurfaceDropTest testCenterSwapsLeavesAndSelfDoesNotResolve]' started.
Test Case '-[AppBundleTests.BrowserSurfaceDropTest testCenterSwapsLeavesAndSelfDoesNotResolve]' passed (0.007 seconds).
Test Case '-[AppBundleTests.BrowserSurfaceDropTest testCrossWorkspaceBrowserMovePreservesNativeTargetAndRejectsCrossSwap]' started.
Test Case '-[AppBundleTests.BrowserSurfaceDropTest testCrossWorkspaceBrowserMovePreservesNativeTargetAndRejectsCrossSwap]' passed (0.007 seconds).
Test Case '-[AppBundleTests.BrowserSurfaceDropTest testCrossWorkspaceMoveCommitsBothOwnersOnlyAfterTargetValidation]' started.
Test Case '-[AppBundleTests.BrowserSurfaceDropTest testCrossWorkspaceMoveCommitsBothOwnersOnlyAfterTargetValidation]' passed (0.016 seconds).
Test Case '-[AppBundleTests.BrowserSurfaceDropTest testDisconnectStaleFrameAndReusedWindowIDCannotCommit]' started.
Test Case '-[AppBundleTests.BrowserSurfaceDropTest testDisconnectStaleFrameAndReusedWindowIDCannotCommit]' passed (0.015 seconds).
Test Case '-[AppBundleTests.BrowserSurfaceDropTest testLegacyOwnerAndDisabledTabsDoNotOfferUnsupportedDrop]' started.
Test Case '-[AppBundleTests.BrowserSurfaceDropTest testLegacyOwnerAndDisabledTabsDoNotOfferUnsupportedDrop]' passed (0.007 seconds).
Test Case '-[AppBundleTests.BrowserSurfaceDropTest testRestoredReservationsAllowCrossWorkspaceDropWithoutMovingOrDisplayingThem]' started.
Test Case '-[AppBundleTests.BrowserSurfaceDropTest testRestoredReservationsAllowCrossWorkspaceDropWithoutMovingOrDisplayingThem]' passed (0.012 seconds).
Test Case '-[AppBundleTests.BrowserSurfaceDropTest testUnavailableWorkspaceMemberRejectsCrossMoveBeforeNativeRebinding]' started.
Test Case '-[AppBundleTests.BrowserSurfaceDropTest testUnavailableWorkspaceMemberRejectsCrossMoveBeforeNativeRebinding]' passed (0.014 seconds).
Test Suite 'BrowserSurfaceDropTest' passed at 2026-10-06 17:37:26.949.
	 Executed 9 tests, with 0 failures (0 unexpected) in 0.100 (0.101) seconds
Test Suite 'BrowserSurfaceNavigationTest' started at 2026-10-06 17:37:26.949.
Test Case '-[AppBundleTests.BrowserSurfaceNavigationTest testDirectionsFollowTheSameRowAndColumnAcrossGrid]' started.
Test Case '-[AppBundleTests.BrowserSurfaceNavigationTest testDirectionsFollowTheSameRowAndColumnAcrossGrid]' passed (0.000 seconds).
Test Case '-[AppBundleTests.BrowserSurfaceNavigationTest testHiddenStackLeavesAreExcludedFromDirectionalTargets]' started.
Test Case '-[AppBundleTests.BrowserSurfaceNavigationTest testHiddenStackLeavesAreExcludedFromDirectionalTargets]' passed (0.000 seconds).
Test Suite 'BrowserSurfaceNavigationTest' passed at 2026-10-06 17:37:26.950.
	 Executed 2 tests, with 0 failures (0 unexpected) in 0.001 (0.001) seconds
Test Suite 'BrowserToolbarDragTest' started at 2026-10-06 17:37:26.950.
Test Case '-[AppBundleTests.BrowserToolbarDragTest testCancelledOrReleasedGestureCannotRestartFromStrayEvents]' started.
Test Case '-[AppBundleTests.BrowserToolbarDragTest testCancelledOrReleasedGestureCannotRestartFromStrayEvents]' passed (0.000 seconds).
Test Case '-[AppBundleTests.BrowserToolbarDragTest testInteractiveHeaderHasWindowAndToolbarAccessibilityWhileBackingIsIgnored]' started.
Test Case '-[AppBundleTests.BrowserToolbarDragTest testInteractiveHeaderHasWindowAndToolbarAccessibilityWhileBackingIsIgnored]' passed (0.035 seconds).
Test Case '-[AppBundleTests.BrowserToolbarDragTest testMovedAndResizedBodyKeepsContinuousChromeAcrossDisplays]' started.
Test Case '-[AppBundleTests.BrowserToolbarDragTest testMovedAndResizedBodyKeepsContinuousChromeAcrossDisplays]' passed (0.000 seconds).
Test Case '-[AppBundleTests.BrowserToolbarDragTest testSmallPointerMotionRemainsClickAndFirstDragKeepsOriginalAnchor]' started.
Test Case '-[AppBundleTests.BrowserToolbarDragTest testSmallPointerMotionRemainsClickAndFirstDragKeepsOriginalAnchor]' passed (0.000 seconds).
Test Case '-[AppBundleTests.BrowserToolbarDragTest testStandardWindowControlsDispatchTheirWindowActions]' started.
Test Case '-[AppBundleTests.BrowserToolbarDragTest testStandardWindowControlsDispatchTheirWindowActions]' passed (0.034 seconds).
Test Case '-[AppBundleTests.BrowserToolbarDragTest testTrafficLightsAndAddressRemainUsableInNarrowSplits]' started.
Test Case '-[AppBundleTests.BrowserToolbarDragTest testTrafficLightsAndAddressRemainUsableInNarrowSplits]' passed (0.045 seconds).
Test Suite 'BrowserToolbarDragTest' passed at 2026-10-06 17:37:27.066.
	 Executed 6 tests, with 0 failures (0 unexpected) in 0.116 (0.116) seconds
Test Suite 'BrowserToolbarPerformanceTest' started at 2026-10-06 17:37:27.066.
Test Case '-[AppBundleTests.BrowserToolbarPerformanceTest testHiddenToolbarCacheIsBounded]' started.
Test Case '-[AppBundleTests.BrowserToolbarPerformanceTest testHiddenToolbarCacheIsBounded]' passed (1.005 seconds).
Test Case '-[AppBundleTests.BrowserToolbarPerformanceTest testPinFaviconIsReusedAndInvalidImagesAreIgnored]' started.
Test Case '-[AppBundleTests.BrowserToolbarPerformanceTest testPinFaviconIsReusedAndInvalidImagesAreIgnored]' passed (0.004 seconds).
Test Case '-[AppBundleTests.BrowserToolbarPerformanceTest testSwitchingGroupsHidesAndReusesControlsThenEvictsClosedPages]' started.
Test Case '-[AppBundleTests.BrowserToolbarPerformanceTest testSwitchingGroupsHidesAndReusesControlsThenEvictsClosedPages]' passed (0.056 seconds).
Test Case '-[AppBundleTests.BrowserToolbarPerformanceTest testUnchangedToolbarDoesNotRecreateSymbolsOrRequestLayout]' started.
Test Case '-[AppBundleTests.BrowserToolbarPerformanceTest testUnchangedToolbarDoesNotRecreateSymbolsOrRequestLayout]' passed (0.010 seconds).
Test Suite 'BrowserToolbarPerformanceTest' passed at 2026-10-06 17:37:28.142.
	 Executed 4 tests, with 0 failures (0 unexpected) in 1.076 (1.076) seconds
Test Suite 'ChromeSelectionTest' started at 2026-10-06 17:37:28.142.
Test Case '-[AppBundleTests.ChromeSelectionTest testBrowserGlassDoesNotInterceptControlsAndAddressFitsHeader]' started.
Test Case '-[AppBundleTests.ChromeSelectionTest testBrowserGlassDoesNotInterceptControlsAndAddressFitsHeader]' passed (0.041 seconds).
Test Case '-[AppBundleTests.ChromeSelectionTest testLayoutSelectionSurvivesFocusInAnotherPaneAndInventorySelectedFlags]' started.
Test Case '-[AppBundleTests.ChromeSelectionTest testLayoutSelectionSurvivesFocusInAnotherPaneAndInventorySelectedFlags]' passed (0.004 seconds).
Test Case '-[AppBundleTests.ChromeSelectionTest testOpenPinShowsLoadingAndClosedPinRetainsIdentityWithoutLoading]' started.
Test Case '-[AppBundleTests.ChromeSelectionTest testOpenPinShowsLoadingAndClosedPinRetainsIdentityWithoutLoading]' passed (0.002 seconds).
Test Case '-[AppBundleTests.ChromeSelectionTest testSearchTargetAndGroupDoNotCompeteWithSelectedLeaf]' started.
Test Case '-[AppBundleTests.ChromeSelectionTest testSearchTargetAndGroupDoNotCompeteWithSelectedLeaf]' passed (0.005 seconds).
Test Case '-[AppBundleTests.ChromeSelectionTest testSplitContainersDoNotMarkEveryPaneSelected]' started.
Test Case '-[AppBundleTests.ChromeSelectionTest testSplitContainersDoNotMarkEveryPaneSelected]' passed (0.001 seconds).
Test Suite 'ChromeSelectionTest' passed at 2026-10-06 17:37:28.195.
	 Executed 5 tests, with 0 failures (0 unexpected) in 0.052 (0.053) seconds
Test Suite 'ClientServerTest' started at 2026-10-06 17:37:28.195.
Test Case '-[AppBundleTests.ClientServerTest testClientRequestJsonCompatibility_encoding]' started.
Test Case '-[AppBundleTests.ClientServerTest testClientRequestJsonCompatibility_encoding]' passed (0.000 seconds).
Test Case '-[AppBundleTests.ClientServerTest testClientRequestJsonV1_decoding]' started.
Test Case '-[AppBundleTests.ClientServerTest testClientRequestJsonV1_decoding]' passed (0.000 seconds).
Test Case '-[AppBundleTests.ClientServerTest testClientRequestJsonV2_decoding]' started.
Test Case '-[AppBundleTests.ClientServerTest testClientRequestJsonV2_decoding]' passed (0.000 seconds).
Test Case '-[AppBundleTests.ClientServerTest testClientRequestJsonV3_decoding]' started.
Test Case '-[AppBundleTests.ClientServerTest testClientRequestJsonV3_decoding]' passed (0.000 seconds).
Test Case '-[AppBundleTests.ClientServerTest testClientRequestJsonV3_decoding2]' started.
Test Case '-[AppBundleTests.ClientServerTest testClientRequestJsonV3_decoding2]' passed (0.000 seconds).
Test Case '-[AppBundleTests.ClientServerTest testClientRequestJsonV9999_decoding]' started.
Test Case '-[AppBundleTests.ClientServerTest testClientRequestJsonV9999_decoding]' passed (0.000 seconds).
Test Case '-[AppBundleTests.ClientServerTest testServerEventDecoding]' started.
Test Case '-[AppBundleTests.ClientServerTest testServerEventDecoding]' passed (0.000 seconds).
Test Case '-[AppBundleTests.ClientServerTest testServerEventEncoding]' started.
Test Case '-[AppBundleTests.ClientServerTest testServerEventEncoding]' passed (0.000 seconds).
Test Suite 'ClientServerTest' passed at 2026-10-06 17:37:28.197.
	 Executed 8 tests, with 0 failures (0 unexpected) in 0.001 (0.002) seconds
Test Suite 'CloseCommandTest' started at 2026-10-06 17:37:28.197.
Test Case '-[AppBundleTests.CloseCommandTest testCloseViaWindowIdFlag]' started.
Test Case '-[AppBundleTests.CloseCommandTest testCloseViaWindowIdFlag]' passed (0.010 seconds).
Test Case '-[AppBundleTests.CloseCommandTest testSimple]' started.
Test Case '-[AppBundleTests.CloseCommandTest testSimple]' passed (0.014 seconds).
Test Suite 'CloseCommandTest' passed at 2026-10-06 17:37:28.222.
	 Executed 2 tests, with 0 failures (0 unexpected) in 0.024 (0.024) seconds
Test Suite 'ConfigBootstrapTest' started at 2026-10-06 17:37:28.222.
Test Case '-[AppBundleTests.ConfigBootstrapTest testEnsureBootstrapConfigCopiesLegacyConfig]' started.
Test Case '-[AppBundleTests.ConfigBootstrapTest testEnsureBootstrapConfigCopiesLegacyConfig]' passed (0.002 seconds).
Test Case '-[AppBundleTests.ConfigBootstrapTest testEnsureBootstrapConfigImportsAerospaceConfigWhenNoWinMuxConfigExists]' started.
Test Case '-[AppBundleTests.ConfigBootstrapTest testEnsureBootstrapConfigImportsAerospaceConfigWhenNoWinMuxConfigExists]' passed (0.007 seconds).
Test Case '-[AppBundleTests.ConfigBootstrapTest testEnsureBootstrapConfigPrefersFirstLegacyConfigWithoutFailing]' started.
Test Case '-[AppBundleTests.ConfigBootstrapTest testEnsureBootstrapConfigPrefersFirstLegacyConfigWithoutFailing]' passed (0.002 seconds).
Test Case '-[AppBundleTests.ConfigBootstrapTest testStarterConfigParses]' started.
Test Case '-[AppBundleTests.ConfigBootstrapTest testStarterConfigParses]' passed (0.006 seconds).
Test Suite 'ConfigBootstrapTest' passed at 2026-10-06 17:37:28.239.
	 Executed 4 tests, with 0 failures (0 unexpected) in 0.017 (0.018) seconds
Test Suite 'ConfigTest' started at 2026-10-06 17:37:28.239.
Test Case '-[AppBundleTests.ConfigTest testBindingEqualityChecksCommandCount]' started.
Test Case '-[AppBundleTests.ConfigTest testBindingEqualityChecksCommandCount]' passed (0.000 seconds).
Test Case '-[AppBundleTests.ConfigTest testConfigVersionOutOfBounds]' started.
Test Case '-[AppBundleTests.ConfigTest testConfigVersionOutOfBounds]' passed (0.000 seconds).
Test Case '-[AppBundleTests.ConfigTest testDropBindings]' started.
Test Case '-[AppBundleTests.ConfigTest testDropBindings]' passed (0.000 seconds).
Test Case '-[AppBundleTests.ConfigTest testDuplicatedPersistentWorkspaces]' started.
Test Case '-[AppBundleTests.ConfigTest testDuplicatedPersistentWorkspaces]' passed (0.000 seconds).
Test Case '-[AppBundleTests.ConfigTest testExecOnWorkspaceChangeDifferentTypesError]' started.
Test Case '-[AppBundleTests.ConfigTest testExecOnWorkspaceChangeDifferentTypesError]' passed (0.000 seconds).
Test Case '-[AppBundleTests.ConfigTest testFlipEventTapCancelsOptionLauncherButPreservesSingleTap]' started.
Test Case '-[AppBundleTests.ConfigTest testFlipEventTapCancelsOptionLauncherButPreservesSingleTap]' passed (0.005 seconds).
Test Case '-[AppBundleTests.ConfigTest testHotkeyParseError]' started.
Test Case '-[AppBundleTests.ConfigTest testHotkeyParseError]' passed (0.000 seconds).
Test Case '-[AppBundleTests.ConfigTest testModesMustContainDefaultModeError]' started.
Test Case '-[AppBundleTests.ConfigTest testModesMustContainDefaultModeError]' passed (0.000 seconds).
Test Case '-[AppBundleTests.ConfigTest testMoveWorkspaceToMonitorCommandParsing]' started.
Test Case '-[AppBundleTests.ConfigTest testMoveWorkspaceToMonitorCommandParsing]' passed (0.000 seconds).
Test Case '-[AppBundleTests.ConfigTest testParseAutomaticallyTileNewWindows]' started.
Test Case '-[AppBundleTests.ConfigTest testParseAutomaticallyTileNewWindows]' passed (0.000 seconds).
Test Case '-[AppBundleTests.ConfigTest testParseDefaultConfig]' started.
Test Case '-[AppBundleTests.ConfigTest testParseDefaultConfig]' passed (0.003 seconds).
Test Case '-[AppBundleTests.ConfigTest testParseGaps]' started.
Test Case '-[AppBundleTests.ConfigTest testParseGaps]' passed (0.001 seconds).
Test Case '-[AppBundleTests.ConfigTest testParseI3Config]' started.
Test Case '-[AppBundleTests.ConfigTest testParseI3Config]' passed (0.000 seconds).
Test Case '-[AppBundleTests.ConfigTest testParseKeyMapping]' started.
Test Case '-[AppBundleTests.ConfigTest testParseKeyMapping]' passed (0.000 seconds).
Test Case '-[AppBundleTests.ConfigTest testParseMode]' started.
Test Case '-[AppBundleTests.ConfigTest testParseMode]' passed (0.000 seconds).
Test Case '-[AppBundleTests.ConfigTest testParseOnWindowDetected]' started.
Test Case '-[AppBundleTests.ConfigTest testParseOnWindowDetected]' passed (0.001 seconds).
Test Case '-[AppBundleTests.ConfigTest testParseOnWindowDetectedRegex]' started.
Test Case '-[AppBundleTests.ConfigTest testParseOnWindowDetectedRegex]' passed (0.000 seconds).
Test Case '-[AppBundleTests.ConfigTest testParseRectangleShortcutsPresetIsRemoved]' started.
Test Case '-[AppBundleTests.ConfigTest testParseRectangleShortcutsPresetIsRemoved]' passed (0.001 seconds).
Test Case '-[AppBundleTests.ConfigTest testParseShakeToToggleTiling]' started.
Test Case '-[AppBundleTests.ConfigTest testParseShakeToToggleTiling]' passed (0.000 seconds).
Test Case '-[AppBundleTests.ConfigTest testParseTapBindings]' started.
Test Case '-[AppBundleTests.ConfigTest testParseTapBindings]' passed (0.000 seconds).
Test Case '-[AppBundleTests.ConfigTest testParseTiles]' started.
Test Case '-[AppBundleTests.ConfigTest testParseTiles]' passed (0.000 seconds).
Test Case '-[AppBundleTests.ConfigTest testParseWindowTabs]' started.
Test Case '-[AppBundleTests.ConfigTest testParseWindowTabs]' passed (0.000 seconds).
Test Case '-[AppBundleTests.ConfigTest testParseWorkspaceSidebar]' started.
Test Case '-[AppBundleTests.ConfigTest testParseWorkspaceSidebar]' passed (0.001 seconds).
Test Case '-[AppBundleTests.ConfigTest testParseWorkspaceToMonitorAssignment]' started.
Test Case '-[AppBundleTests.ConfigTest testParseWorkspaceToMonitorAssignment]' passed (0.001 seconds).
Test Case '-[AppBundleTests.ConfigTest testParseZeroGapsForBorderlessTiling]' started.
Test Case '-[AppBundleTests.ConfigTest testParseZeroGapsForBorderlessTiling]' passed (0.000 seconds).
Test Case '-[AppBundleTests.ConfigTest testPermanentWorkspaceNames]' started.
Test Case '-[AppBundleTests.ConfigTest testPermanentWorkspaceNames]' passed (0.000 seconds).
Test Case '-[AppBundleTests.ConfigTest testPersistentWorkspacesAreAvailableOnlySinceVersion2]' started.
Test Case '-[AppBundleTests.ConfigTest testPersistentWorkspacesAreAvailableOnlySinceVersion2]' passed (0.000 seconds).
Test Case '-[AppBundleTests.ConfigTest testQueryCantBeUsedInConfig]' started.
Test Case '-[AppBundleTests.ConfigTest testQueryCantBeUsedInConfig]' passed (0.000 seconds).
Test Case '-[AppBundleTests.ConfigTest testRegex]' started.
Test Case '-[AppBundleTests.ConfigTest testRegex]' passed (0.000 seconds).
Test Case '-[AppBundleTests.ConfigTest testRemovedRectangleShortcutsPresetDoesNotOverrideExplicitBindings]' started.
Test Case '-[AppBundleTests.ConfigTest testRemovedRectangleShortcutsPresetDoesNotOverrideExplicitBindings]' passed (0.000 seconds).
Test Case '-[AppBundleTests.ConfigTest testSidebarMenuBarStyleSettingsRoundTrip]' started.
Test Case '-[AppBundleTests.ConfigTest testSidebarMenuBarStyleSettingsRoundTrip]' passed (0.000 seconds).
Test Case '-[AppBundleTests.ConfigTest testSidebarSwipeCreationSettingsRoundTrip]' started.
Test Case '-[AppBundleTests.ConfigTest testSidebarSwipeCreationSettingsRoundTrip]' passed (0.000 seconds).
Test Case '-[AppBundleTests.ConfigTest testSplitCommandAndFlattenContainersNormalization]' started.
Test Case '-[AppBundleTests.ConfigTest testSplitCommandAndFlattenContainersNormalization]' passed (0.000 seconds).
Test Case '-[AppBundleTests.ConfigTest testSystemChromeFollowsAppearanceWhileFixedColorsKeepTheirContrast]' started.
Test Case '-[AppBundleTests.ConfigTest testSystemChromeFollowsAppearanceWhileFixedColorsKeepTheirContrast]' passed (0.001 seconds).
Test Case '-[AppBundleTests.ConfigTest testTapBindingParseError]' started.
Test Case '-[AppBundleTests.ConfigTest testTapBindingParseError]' passed (0.000 seconds).
Test Case '-[AppBundleTests.ConfigTest testTapModifierKeyUsesSideSpecificModifierFlags]' started.
Test Case '-[AppBundleTests.ConfigTest testTapModifierKeyUsesSideSpecificModifierFlags]' passed (0.000 seconds).
Test Case '-[AppBundleTests.ConfigTest testTapModifierStateClearsAfterMissedRelease]' started.
Test Case '-[AppBundleTests.ConfigTest testTapModifierStateClearsAfterMissedRelease]' passed (0.000 seconds).
Test Case '-[AppBundleTests.ConfigTest testTomlParseError]' started.
Test Case '-[AppBundleTests.ConfigTest testTomlParseError]' passed (0.001 seconds).
Test Case '-[AppBundleTests.ConfigTest testTypeMismatch]' started.
Test Case '-[AppBundleTests.ConfigTest testTypeMismatch]' passed (0.000 seconds).
Test Case '-[AppBundleTests.ConfigTest testUnknownKeyParseError]' started.
Test Case '-[AppBundleTests.ConfigTest testUnknownKeyParseError]' passed (0.000 seconds).
Test Case '-[AppBundleTests.ConfigTest testUnknownTopLevelKeyParseError]' started.
Test Case '-[AppBundleTests.ConfigTest testUnknownTopLevelKeyParseError]' passed (0.000 seconds).
Test Case '-[AppBundleTests.ConfigTest testUpdateWorkspaceSidebarLabelConfigAddsNewLabelWithoutExtraBlankLine]' started.
Test Case '-[AppBundleTests.ConfigTest testUpdateWorkspaceSidebarLabelConfigAddsNewLabelWithoutExtraBlankLine]' passed (0.000 seconds).
Test Case '-[AppBundleTests.ConfigTest testUpdateWorkspaceSidebarLabelConfigAddsSectionWhenMissing]' started.
Test Case '-[AppBundleTests.ConfigTest testUpdateWorkspaceSidebarLabelConfigAddsSectionWhenMissing]' passed (0.000 seconds).
Test Case '-[AppBundleTests.ConfigTest testUpdateWorkspaceSidebarLabelConfigRemovesLastLabelSection]' started.
Test Case '-[AppBundleTests.ConfigTest testUpdateWorkspaceSidebarLabelConfigRemovesLastLabelSection]' passed (0.000 seconds).
Test Case '-[AppBundleTests.ConfigTest testUpdateWorkspaceSidebarLabelConfigReplacesExistingLabel]' started.
Test Case '-[AppBundleTests.ConfigTest testUpdateWorkspaceSidebarLabelConfigReplacesExistingLabel]' passed (0.000 seconds).
Test Case '-[AppBundleTests.ConfigTest testUpdateWorkspaceSidebarMenuBarReserveConfigAddsValueToExistingSection]' started.
Test Case '-[AppBundleTests.ConfigTest testUpdateWorkspaceSidebarMenuBarReserveConfigAddsValueToExistingSection]' passed (0.000 seconds).
Test Case '-[AppBundleTests.ConfigTest testUpdateWorkspaceSidebarMenuBarReserveConfigReplacesValueAndPreservesComment]' started.
Test Case '-[AppBundleTests.ConfigTest testUpdateWorkspaceSidebarMenuBarReserveConfigReplacesValueAndPreservesComment]' passed (0.000 seconds).
Test Case '-[AppBundleTests.ConfigTest testUpdateWorkspaceSidebarProjectColorConfigAddsAndReplacesColor]' started.
Test Case '-[AppBundleTests.ConfigTest testUpdateWorkspaceSidebarProjectColorConfigAddsAndReplacesColor]' passed (0.000 seconds).
Test Case '-[AppBundleTests.ConfigTest testUpdateWorkspaceSidebarProjectColorConfigRemovesLastColorSection]' started.
Test Case '-[AppBundleTests.ConfigTest testUpdateWorkspaceSidebarProjectColorConfigRemovesLastColorSection]' passed (0.000 seconds).
Test Case '-[AppBundleTests.ConfigTest testUpdateWorkspaceSidebarProjectDeletionActionReplacesValueAndPreservesComment]' started.
Test Case '-[AppBundleTests.ConfigTest testUpdateWorkspaceSidebarProjectDeletionActionReplacesValueAndPreservesComment]' passed (0.000 seconds).
Test Case '-[AppBundleTests.ConfigTest testWindowDetectedCallbackEqualityChecksCommandCount]' started.
Test Case '-[AppBundleTests.ConfigTest testWindowDetectedCallbackEqualityChecksCommandCount]' passed (0.000 seconds).
Test Suite 'ConfigTest' passed at 2026-10-06 17:37:28.266.
	 Executed 51 tests, with 0 failures (0 unexpected) in 0.023 (0.027) seconds
Test Suite 'DisplayFrameMailboxTest' started at 2026-10-06 17:37:28.266.
Test Case '-[AppBundleTests.DisplayFrameMailboxTest testBurstQueuesOneDeliveryWithNewestTimestamp]' started.
Test Case '-[AppBundleTests.DisplayFrameMailboxTest testBurstQueuesOneDeliveryWithNewestTimestamp]' passed (0.001 seconds).
Test Case '-[AppBundleTests.DisplayFrameMailboxTest testConcurrentTicksStillQueueOnlyOneDelivery]' started.
Test Case '-[AppBundleTests.DisplayFrameMailboxTest testConcurrentTicksStillQueueOnlyOneDelivery]' passed (0.001 seconds).
Test Case '-[AppBundleTests.DisplayFrameMailboxTest testStoppedAndOldGenerationCallbacksCannotReachNewSession]' started.
Test Case '-[AppBundleTests.DisplayFrameMailboxTest testStoppedAndOldGenerationCallbacksCannotReachNewSession]' passed (0.000 seconds).
Test Suite 'DisplayFrameMailboxTest' passed at 2026-10-06 17:37:28.268.
	 Executed 3 tests, with 0 failures (0 unexpected) in 0.002 (0.002) seconds
Test Suite 'DoubleSidedWindowsTest' started at 2026-10-06 17:37:28.268.
Test Case '-[AppBundleTests.DoubleSidedWindowsTest testBodyClickTargetsPairButDoesNotPassThroughOtherWindows]' started.
Test Case '-[AppBundleTests.DoubleSidedWindowsTest testBodyClickTargetsPairButDoesNotPassThroughOtherWindows]' passed (0.005 seconds).
Test Case '-[AppBundleTests.DoubleSidedWindowsTest testClickTolerancePreservesDrags]' started.
Test Case '-[AppBundleTests.DoubleSidedWindowsTest testClickTolerancePreservesDrags]' passed (0.000 seconds).
Test Case '-[AppBundleTests.DoubleSidedWindowsTest testDefaultAndFullscreenKeepExistingBehavior]' started.
Test Case '-[AppBundleTests.DoubleSidedWindowsTest testDefaultAndFullscreenKeepExistingBehavior]' passed (0.014 seconds).
Test Case '-[AppBundleTests.DoubleSidedWindowsTest testOptionTabShortcutDoesNotClaimOtherTabCombinations]' started.
Test Case '-[AppBundleTests.DoubleSidedWindowsTest testOptionTabShortcutDoesNotClaimOtherTabCombinations]' passed (0.000 seconds).
Test Case '-[AppBundleTests.DoubleSidedWindowsTest testPairReturnsToTabsWhenThirdWindowJoins]' started.
Test Case '-[AppBundleTests.DoubleSidedWindowsTest testPairReturnsToTabsWhenThirdWindowJoins]' passed (0.008 seconds).
Test Suite 'DoubleSidedWindowsTest' passed at 2026-10-06 17:37:28.296.
	 Executed 5 tests, with 0 failures (0 unexpected) in 0.027 (0.028) seconds
Test Suite 'EventSubscriptionTest' started at 2026-10-06 17:37:28.296.
Test Case '-[AppBundleTests.EventSubscriptionTest testDisconnectReleasesBlockedWriterAndRegistration]' started.
Test Case '-[AppBundleTests.EventSubscriptionTest testDisconnectReleasesBlockedWriterAndRegistration]' passed (0.001 seconds).
Test Case '-[AppBundleTests.EventSubscriptionTest testSlowReaderDoesNotBlockHealthyClient]' started.
Test Case '-[AppBundleTests.EventSubscriptionTest testSlowReaderDoesNotBlockHealthyClient]' passed (0.001 seconds).
Test Case '-[AppBundleTests.EventSubscriptionTest testSlowReaderHasBoundedQueueAndCancelsTransportOnOverflow]' started.
Test Case '-[AppBundleTests.EventSubscriptionTest testSlowReaderHasBoundedQueueAndCancelsTransportOnOverflow]' passed (0.001 seconds).
Test Case '-[AppBundleTests.EventSubscriptionTest testSuspendedWriterPreservesOrderWithoutConcurrentSends]' started.
Test Case '-[AppBundleTests.EventSubscriptionTest testSuspendedWriterPreservesOrderWithoutConcurrentSends]' passed (0.001 seconds).
Test Case '-[AppBundleTests.EventSubscriptionTest testWriteFailureDropsQueuedEventsAndUnsubscribesOnce]' started.
Test Case '-[AppBundleTests.EventSubscriptionTest testWriteFailureDropsQueuedEventsAndUnsubscribesOnce]' passed (0.000 seconds).
Test Suite 'EventSubscriptionTest' passed at 2026-10-06 17:37:28.299.
	 Executed 5 tests, with 0 failures (0 unexpected) in 0.003 (0.003) seconds
Test Suite 'ExecCommandTest' started at 2026-10-06 17:37:28.299.
Test Case '-[AppBundleTests.ExecCommandTest testParseExecCommand]' started.
Test Case '-[AppBundleTests.ExecCommandTest testParseExecCommand]' passed (0.006 seconds).
Test Suite 'ExecCommandTest' passed at 2026-10-06 17:37:28.305.
	 Executed 1 test, with 0 failures (0 unexpected) in 0.006 (0.006) seconds
Test Suite 'FlattenWorkspaceTreeCommandTest' started at 2026-10-06 17:37:28.305.
Test Case '-[AppBundleTests.FlattenWorkspaceTreeCommandTest testSimple]' started.
Test Case '-[AppBundleTests.FlattenWorkspaceTreeCommandTest testSimple]' passed (0.023 seconds).
Test Suite 'FlattenWorkspaceTreeCommandTest' passed at 2026-10-06 17:37:28.328.
	 Executed 1 test, with 0 failures (0 unexpected) in 0.023 (0.023) seconds
Test Suite 'FocusCommandTest' started at 2026-10-06 17:37:28.328.
Test Case '-[AppBundleTests.FocusCommandTest testFocus]' started.
Test Case '-[AppBundleTests.FocusCommandTest testFocus]' passed (0.012 seconds).
Test Case '-[AppBundleTests.FocusCommandTest testFocusAcrossTheContainerOrientation]' started.
Test Case '-[AppBundleTests.FocusCommandTest testFocusAcrossTheContainerOrientation]' passed (0.007 seconds).
Test Case '-[AppBundleTests.FocusCommandTest testFocusAlongTheContainerOrientation]' started.
Test Case '-[AppBundleTests.FocusCommandTest testFocusAlongTheContainerOrientation]' passed (0.006 seconds).
Test Case '-[AppBundleTests.FocusCommandTest testFocusDfsRelative]' started.
Test Case '-[AppBundleTests.FocusCommandTest testFocusDfsRelative]' passed (0.008 seconds).
Test Case '-[AppBundleTests.FocusCommandTest testFocusDfsRelativeWrapping]' started.
Test Case '-[AppBundleTests.FocusCommandTest testFocusDfsRelativeWrapping]' passed (0.007 seconds).
Test Case '-[AppBundleTests.FocusCommandTest testFocusFindMruLeaf]' started.
Test Case '-[AppBundleTests.FocusCommandTest testFocusFindMruLeaf]' passed (0.007 seconds).
Test Case '-[AppBundleTests.FocusCommandTest testFocusNoWrapping]' started.
Test Case '-[AppBundleTests.FocusCommandTest testFocusNoWrapping]' passed (0.006 seconds).
Test Case '-[AppBundleTests.FocusCommandTest testFocusOutsideOfTheContainer2]' started.
Test Case '-[AppBundleTests.FocusCommandTest testFocusOutsideOfTheContainer2]' passed (0.006 seconds).
Test Case '-[AppBundleTests.FocusCommandTest testFocusOutsideOfTheContainer]' started.
Test Case '-[AppBundleTests.FocusCommandTest testFocusOutsideOfTheContainer]' passed (0.006 seconds).
Test Case '-[AppBundleTests.FocusCommandTest testFocusOverFloatingWindows]' started.
Test Case '-[AppBundleTests.FocusCommandTest testFocusOverFloatingWindows]' passed (0.047 seconds).
Test Case '-[AppBundleTests.FocusCommandTest testFocusTabIndexTargetsSpecificTabInsideCurrentGroup]' started.
Test Case '-[AppBundleTests.FocusCommandTest testFocusTabIndexTargetsSpecificTabInsideCurrentGroup]' passed (0.020 seconds).
Test Case '-[AppBundleTests.FocusCommandTest testFocusTabRelativeFailsOutsideTabGroupWhenRequested]' started.
Test Case '-[AppBundleTests.FocusCommandTest testFocusTabRelativeFailsOutsideTabGroupWhenRequested]' passed (0.006 seconds).
Test Case '-[AppBundleTests.FocusCommandTest testFocusTabRelativeStaysInsideCurrentTabGroup]' started.
Test Case '-[AppBundleTests.FocusCommandTest testFocusTabRelativeStaysInsideCurrentTabGroup]' passed (0.006 seconds).
Test Case '-[AppBundleTests.FocusCommandTest testFocusTabRelativeWrapsInsideCurrentTabGroup]' started.
Test Case '-[AppBundleTests.FocusCommandTest testFocusTabRelativeWrapsInsideCurrentTabGroup]' passed (0.006 seconds).
Test Case '-[AppBundleTests.FocusCommandTest testFocusWrapping]' started.
Test Case '-[AppBundleTests.FocusCommandTest testFocusWrapping]' passed (0.006 seconds).
Test Case '-[AppBundleTests.FocusCommandTest testParse]' started.
Test Case '-[AppBundleTests.FocusCommandTest testParse]' passed (0.006 seconds).
Test Suite 'FocusCommandTest' passed at 2026-10-06 17:37:28.492.
	 Executed 16 tests, with 0 failures (0 unexpected) in 0.162 (0.164) seconds
Test Suite 'FocusLatencyTest' started at 2026-10-06 17:37:28.492.
Test Case '-[AppBundleTests.FocusLatencyTest testBrowserSelectionKeepsLightSessionFromRefocusingNativeWorkspaceMRU]' started.
Test Case '-[AppBundleTests.FocusLatencyTest testBrowserSelectionKeepsLightSessionFromRefocusingNativeWorkspaceMRU]' passed (0.012 seconds).
Test Case '-[AppBundleTests.FocusLatencyTest testExplicitFloatingTargetKeepsItsParentAndAvoidsGeometryReads]' started.
Test Case '-[AppBundleTests.FocusLatencyTest testExplicitFloatingTargetKeepsItsParentAndAvoidsGeometryReads]' passed (0.013 seconds).
Test Case '-[AppBundleTests.FocusLatencyTest testExplicitFocusGeometryBenchmark]' started.
Test Case '-[AppBundleTests.FocusLatencyTest testExplicitFocusGeometryBenchmark]' passed (0.018 seconds).
Test Case '-[AppBundleTests.FocusLatencyTest testFailedFullscreenReadRemainsRetryable]' started.
Test Case '-[AppBundleTests.FocusLatencyTest testFailedFullscreenReadRemainsRetryable]' passed (0.026 seconds).
Test Case '-[AppBundleTests.FocusLatencyTest testFullscreenCacheInvalidatesAndDoesNotInventMinimizedState]' started.
Test Case '-[AppBundleTests.FocusLatencyTest testFullscreenCacheInvalidatesAndDoesNotInventMinimizedState]' passed (0.006 seconds).
Test Case '-[AppBundleTests.FocusLatencyTest testFullscreenCacheReusesNormalizationAndNilFocusClearsChrome]' started.
Test Case '-[AppBundleTests.FocusLatencyTest testFullscreenCacheReusesNormalizationAndNilFocusClearsChrome]' passed (0.006 seconds).
Test Case '-[AppBundleTests.FocusLatencyTest testFullscreenChromeReadBenchmark]' started.
Test Case '-[AppBundleTests.FocusLatencyTest testFullscreenChromeReadBenchmark]' passed (0.009 seconds).
Test Case '-[AppBundleTests.FocusLatencyTest testInvalidatedFullscreenObservationDoesNotOverwriteCurrentChrome]' started.
Test Case '-[AppBundleTests.FocusLatencyTest testInvalidatedFullscreenObservationDoesNotOverwriteCurrentChrome]' passed (0.006 seconds).
Test Case '-[AppBundleTests.FocusLatencyTest testNativeFocusIsRequestedAfterLayoutBeforeSidebarPublication]' started.
Test Case '-[AppBundleTests.FocusLatencyTest testNativeFocusIsRequestedAfterLayoutBeforeSidebarPublication]' passed (0.010 seconds).
Test Case '-[AppBundleTests.FocusLatencyTest testNewerFocusWinsOverSuspendedFullscreenLookup]' started.
Test Case '-[AppBundleTests.FocusLatencyTest testNewerFocusWinsOverSuspendedFullscreenLookup]' passed (0.006 seconds).
Test Case '-[AppBundleTests.FocusLatencyTest testUnchangedOrCancelledFocusDoesNotRequestNativeFocus]' started.
Test Case '-[AppBundleTests.FocusLatencyTest testUnchangedOrCancelledFocusDoesNotRequestNativeFocus]' passed (0.010 seconds).
Test Suite 'FocusLatencyTest' passed at 2026-10-06 17:37:28.614.
	 Executed 11 tests, with 0 failures (0 unexpected) in 0.121 (0.122) seconds
Test Suite 'GeometryRefreshTest' started at 2026-10-06 17:37:28.614.
Test Case '-[AppBundleTests.GeometryRefreshTest testGeometryBurstKeepsEveryWindowAndTrailingEvent]' started.
Test Case '-[AppBundleTests.GeometryRefreshTest testGeometryBurstKeepsEveryWindowAndTrailingEvent]' passed (0.006 seconds).
Test Case '-[AppBundleTests.GeometryRefreshTest testGeometrySkipsDiscoveryAndPreservesUnrelatedFramesAndNativeState]' started.
Test Case '-[AppBundleTests.GeometryRefreshTest testGeometrySkipsDiscoveryAndPreservesUnrelatedFramesAndNativeState]' passed (0.012 seconds).
Test Case '-[AppBundleTests.GeometryRefreshTest testLifecycleAndGlobalRequestsBroadenGeometryWork]' started.
Test Case '-[AppBundleTests.GeometryRefreshTest testLifecycleAndGlobalRequestsBroadenGeometryWork]' passed (0.006 seconds).
Test Case '-[AppBundleTests.GeometryRefreshTest testNativeFullscreenTransitionStillNormalizesAffectedWindow]' started.
Test Case '-[AppBundleTests.GeometryRefreshTest testNativeFullscreenTransitionStillNormalizesAffectedWindow]' passed (0.029 seconds).
Test Case '-[AppBundleTests.GeometryRefreshTest testUnidentifiedGeometryKeepsRecoveryBarrier]' started.
Test Case '-[AppBundleTests.GeometryRefreshTest testUnidentifiedGeometryKeepsRecoveryBarrier]' passed (0.014 seconds).
Test Suite 'GeometryRefreshTest' passed at 2026-10-06 17:37:28.682.
	 Executed 5 tests, with 0 failures (0 unexpected) in 0.067 (0.068) seconds
Test Suite 'HostedShortcutSettingsWindowTest' started at 2026-10-06 17:37:28.682.
Test Case '-[AppBundleTests.HostedShortcutSettingsWindowTest testHelperAndOriginalSettingsRequestsUseTheSameRequestModel]' started.
Test Case '-[AppBundleTests.HostedShortcutSettingsWindowTest testHelperAndOriginalSettingsRequestsUseTheSameRequestModel]' passed (0.006 seconds).
Test Case '-[AppBundleTests.HostedShortcutSettingsWindowTest testHostedSettingsReusesTheOriginalSettingsWindowAfterClose]' started.
Test Case '-[AppBundleTests.HostedShortcutSettingsWindowTest testHostedSettingsReusesTheOriginalSettingsWindowAfterClose]' passed (0.026 seconds).
Test Suite 'HostedShortcutSettingsWindowTest' passed at 2026-10-06 17:37:28.714.
	 Executed 2 tests, with 0 failures (0 unexpected) in 0.032 (0.032) seconds
Test Suite 'IncognitoSpacesTest' started at 2026-10-06 17:37:28.714.
Test Case '-[AppBundleTests.IncognitoSpacesTest testNativeDragAndDirectBindingCannotEnterPrivateSpace]' started.
Test Case '-[AppBundleTests.IncognitoSpacesTest testNativeDragAndDirectBindingCannotEnterPrivateSpace]' passed (0.003 seconds).
Test Case '-[AppBundleTests.IncognitoSpacesTest testNewTabInsidePrivateSpaceUsesExactPrivateOwner]' started.
2026-10-06 17:37:28.724 xctest[74006:6486371] WinMux new tab: dispatch
2026-10-06 17:37:28.724 xctest[74006:6486371] WinMux new tab: unavailable
Test Case '-[AppBundleTests.IncognitoSpacesTest testNewTabInsidePrivateSpaceUsesExactPrivateOwner]' passed (0.008 seconds).
Test Case '-[AppBundleTests.IncognitoSpacesTest testPrivateStateNeverEntersRestartSnapshotIncludingMonitorMemory]' started.
Test Case '-[AppBundleTests.IncognitoSpacesTest testPrivateStateNeverEntersRestartSnapshotIncludingMonitorMemory]' passed (0.002 seconds).
Test Case '-[AppBundleTests.IncognitoSpacesTest testReconnectRecreatesPrivateSpaceWithoutRecoveryOrPersistence]' started.
Test Case '-[AppBundleTests.IncognitoSpacesTest testReconnectRecreatesPrivateSpaceWithoutRecoveryOrPersistence]' passed (0.007 seconds).
Test Case '-[AppBundleTests.IncognitoSpacesTest testSeparatePrivateProfilesCannotMixAndRegularTabsStayOutside]' started.
Test Case '-[AppBundleTests.IncognitoSpacesTest testSeparatePrivateProfilesCannotMixAndRegularTabsStayOutside]' passed (0.003 seconds).
Test Case '-[AppBundleTests.IncognitoSpacesTest testTemporarySpaceContainsOnlyPrivateTabsAndDisappearsAfterLastClose]' started.
Test Case '-[AppBundleTests.IncognitoSpacesTest testTemporarySpaceContainsOnlyPrivateTabsAndDisappearsAfterLastClose]' passed (0.008 seconds).
Test Suite 'IncognitoSpacesTest' passed at 2026-10-06 17:37:28.746.
	 Executed 6 tests, with 0 failures (0 unexpected) in 0.031 (0.031) seconds
Test Suite 'JoinWithCommandTest' started at 2026-10-06 17:37:28.746.
Test Case '-[AppBundleTests.JoinWithCommandTest testMoveIn]' started.
Test Case '-[AppBundleTests.JoinWithCommandTest testMoveIn]' passed (0.014 seconds).
Test Suite 'JoinWithCommandTest' passed at 2026-10-06 17:37:28.760.
	 Executed 1 test, with 0 failures (0 unexpected) in 0.014 (0.014) seconds
Test Suite 'LayoutFrameWriteBenchmarkTest' started at 2026-10-06 17:37:28.760.
Test Case '-[AppBundleTests.LayoutFrameWriteBenchmarkTest testGeometryRefreshBenchmark]' started.
Test Case '-[AppBundleTests.LayoutFrameWriteBenchmarkTest testGeometryRefreshBenchmark]' passed (0.235 seconds).
Test Case '-[AppBundleTests.LayoutFrameWriteBenchmarkTest testRepeatedLayoutBenchmark]' started.
Test Case '-[AppBundleTests.LayoutFrameWriteBenchmarkTest testRepeatedLayoutBenchmark]' passed (0.167 seconds).
Test Suite 'LayoutFrameWriteBenchmarkTest' passed at 2026-10-06 17:37:29.162.
	 Executed 2 tests, with 0 failures (0 unexpected) in 0.402 (0.402) seconds
Test Suite 'ListAppsTest' started at 2026-10-06 17:37:29.162.
Test Case '-[AppBundleTests.ListAppsTest testParse]' started.
Test Case '-[AppBundleTests.ListAppsTest testParse]' passed (0.000 seconds).
Test Suite 'ListAppsTest' passed at 2026-10-06 17:37:29.163.
	 Executed 1 test, with 0 failures (0 unexpected) in 0.000 (0.001) seconds
Test Suite 'ListModesTest' started at 2026-10-06 17:37:29.163.
Test Case '-[AppBundleTests.ListModesTest testListModesOutput]' started.
Test Case '-[AppBundleTests.ListModesTest testListModesOutput]' passed (0.001 seconds).
Test Case '-[AppBundleTests.ListModesTest testParseListModesCommand]' started.
Test Case '-[AppBundleTests.ListModesTest testParseListModesCommand]' passed (0.000 seconds).
Test Case '-[AppBundleTests.ListModesTest testParseListModesCommandConflicts]' started.
Test Case '-[AppBundleTests.ListModesTest testParseListModesCommandConflicts]' passed (0.000 seconds).
Test Suite 'ListModesTest' passed at 2026-10-06 17:37:29.165.
	 Executed 3 tests, with 0 failures (0 unexpected) in 0.002 (0.002) seconds
Test Suite 'ListMonitorsTest' started at 2026-10-06 17:37:29.165.
Test Case '-[AppBundleTests.ListMonitorsTest testParseListMonitorsCommand]' started.
Test Case '-[AppBundleTests.ListMonitorsTest testParseListMonitorsCommand]' passed (0.000 seconds).
Test Suite 'ListMonitorsTest' passed at 2026-10-06 17:37:29.165.
	 Executed 1 test, with 0 failures (0 unexpected) in 0.000 (0.000) seconds
Test Suite 'ListWindowsTest' started at 2026-10-06 17:37:29.165.
Test Case '-[AppBundleTests.ListWindowsTest testFormat]' started.
Test Case '-[AppBundleTests.ListWindowsTest testFormat]' passed (0.009 seconds).
Test Case '-[AppBundleTests.ListWindowsTest testInterpolationVariablesConsistency]' started.
Test Case '-[AppBundleTests.ListWindowsTest testInterpolationVariablesConsistency]' passed (0.005 seconds).
Test Case '-[AppBundleTests.ListWindowsTest testListWindowsAllIgnoresNonUserFacingWorkspace]' started.
Test Case '-[AppBundleTests.ListWindowsTest testListWindowsAllIgnoresNonUserFacingWorkspace]' passed (0.001 seconds).
Test Case '-[AppBundleTests.ListWindowsTest testParse]' started.
Test Case '-[AppBundleTests.ListWindowsTest testParse]' passed (0.015 seconds).
Test Suite 'ListWindowsTest' passed at 2026-10-06 17:37:29.195.
	 Executed 4 tests, with 0 failures (0 unexpected) in 0.030 (0.030) seconds
Test Suite 'ListWorkspacesTest' started at 2026-10-06 17:37:29.195.
Test Case '-[AppBundleTests.ListWorkspacesTest testListWorkspacesUsesProjectViewportOrderInsteadOfRawNameSort]' started.
Test Case '-[AppBundleTests.ListWorkspacesTest testListWorkspacesUsesProjectViewportOrderInsteadOfRawNameSort]' passed (0.001 seconds).
Test Case '-[AppBundleTests.ListWorkspacesTest testParse]' started.
Test Case '-[AppBundleTests.ListWorkspacesTest testParse]' passed (0.000 seconds).
Test Suite 'ListWorkspacesTest' passed at 2026-10-06 17:37:29.197.
	 Executed 2 tests, with 0 failures (0 unexpected) in 0.001 (0.001) seconds
Test Suite 'ModelRefreshBenchmarkTest' started at 2026-10-06 17:37:29.197.
Test Case '-[AppBundleTests.ModelRefreshBenchmarkTest testFrozenSnapshotAndClosedCacheBenchmark]' started.
Test Case '-[AppBundleTests.ModelRefreshBenchmarkTest testFrozenSnapshotAndClosedCacheBenchmark]' passed (0.037 seconds).
Test Case '-[AppBundleTests.ModelRefreshBenchmarkTest testSessionContentComparisonBenchmark]' started.
Test Case '-[AppBundleTests.ModelRefreshBenchmarkTest testSessionContentComparisonBenchmark]' passed (0.084 seconds).
Test Case '-[AppBundleTests.ModelRefreshBenchmarkTest testSidebarSnapshotBenchmark]' started.
Test Case '-[AppBundleTests.ModelRefreshBenchmarkTest testSidebarSnapshotBenchmark]' passed (0.356 seconds).
Test Case '-[AppBundleTests.ModelRefreshBenchmarkTest testTabSnapshotBenchmark]' started.
Test Case '-[AppBundleTests.ModelRefreshBenchmarkTest testTabSnapshotBenchmark]' passed (0.291 seconds).
Test Suite 'ModelRefreshBenchmarkTest' passed at 2026-10-06 17:37:29.965.
	 Executed 4 tests, with 0 failures (0 unexpected) in 0.768 (0.769) seconds
Test Suite 'ModelSnapshotRegressionTest' started at 2026-10-06 17:37:29.965.
Test Case '-[AppBundleTests.ModelSnapshotRegressionTest testBulkDisplayNamesMatchIndividualNamesThroughProjectAndLifecycleChanges]' started.
Test Case '-[AppBundleTests.ModelSnapshotRegressionTest testBulkDisplayNamesMatchIndividualNamesThroughProjectAndLifecycleChanges]' passed (0.011 seconds).
Test Case '-[AppBundleTests.ModelSnapshotRegressionTest testClosedCacheRetainsOriginalSnapshotUntilANewWindowAppears]' started.
Test Case '-[AppBundleTests.ModelSnapshotRegressionTest testClosedCacheRetainsOriginalSnapshotUntilANewWindowAppears]' passed (0.069 seconds).
Test Case '-[AppBundleTests.ModelSnapshotRegressionTest testFrozenRecentOrderFollowsFocusRemovalAndReinsertion]' started.
Test Case '-[AppBundleTests.ModelSnapshotRegressionTest testFrozenRecentOrderFollowsFocusRemovalAndReinsertion]' passed (0.008 seconds).
Test Case '-[AppBundleTests.ModelSnapshotRegressionTest testTabSnapshotKeepsOrderAndLoadsColdTitlesInBackground]' started.
Test Case '-[AppBundleTests.ModelSnapshotRegressionTest testTabSnapshotKeepsOrderAndLoadsColdTitlesInBackground]' passed (0.029 seconds).
Test Suite 'ModelSnapshotRegressionTest' passed at 2026-10-06 17:37:30.084.
	 Executed 4 tests, with 0 failures (0 unexpected) in 0.118 (0.118) seconds
Test Suite 'MonitorConfigurationObserverTest' started at 2026-10-06 17:37:30.084.
Test Case '-[AppBundleTests.MonitorConfigurationObserverTest testStartupMonitorPolicyDoesNotScheduleDuplicateDiscovery]' started.
Test Case '-[AppBundleTests.MonitorConfigurationObserverTest testStartupMonitorPolicyDoesNotScheduleDuplicateDiscovery]' passed (0.011 seconds).
Test Suite 'MonitorConfigurationObserverTest' passed at 2026-10-06 17:37:30.095.
	 Executed 1 test, with 0 failures (0 unexpected) in 0.011 (0.011) seconds
Test Suite 'MonitorTopologyTest' started at 2026-10-06 17:37:30.095.
Test Case '-[AppBundleTests.MonitorTopologyTest testAlwaysExpandedWorkspaceSidebarReservesExpandedWidthWithGaps]' started.
Test Case '-[AppBundleTests.MonitorTopologyTest testAlwaysExpandedWorkspaceSidebarReservesExpandedWidthWithGaps]' passed (0.001 seconds).
Test Case '-[AppBundleTests.MonitorTopologyTest testAutoHiddenWorkspaceSidebarDoesNotReserveWindowLayoutSpace]' started.
Test Case '-[AppBundleTests.MonitorTopologyTest testAutoHiddenWorkspaceSidebarDoesNotReserveWindowLayoutSpace]' passed (0.005 seconds).
Test Case '-[AppBundleTests.MonitorTopologyTest testSortedMonitorsUseSpatialOrderEvenWhenMainDisplayIsOnTheRight]' started.
Test Case '-[AppBundleTests.MonitorTopologyTest testSortedMonitorsUseSpatialOrderEvenWhenMainDisplayIsOnTheRight]' passed (0.005 seconds).
Test Case '-[AppBundleTests.MonitorTopologyTest testWorkspaceSidebarExplicitSecondaryConfigOnlyInsetsSecondaryMonitor]' started.
Test Case '-[AppBundleTests.MonitorTopologyTest testWorkspaceSidebarExplicitSecondaryConfigOnlyInsetsSecondaryMonitor]' passed (0.000 seconds).
Test Case '-[AppBundleTests.MonitorTopologyTest testWorkspaceSidebarMainMonitorConfigCreatesPanelOnEveryMonitor]' started.
Test Case '-[AppBundleTests.MonitorTopologyTest testWorkspaceSidebarMainMonitorConfigCreatesPanelOnEveryMonitor]' passed (0.005 seconds).
Test Case '-[AppBundleTests.MonitorTopologyTest testWorkspaceSidebarMainMonitorConfigResolvesAllMonitors]' started.
Test Case '-[AppBundleTests.MonitorTopologyTest testWorkspaceSidebarMainMonitorConfigResolvesAllMonitors]' passed (0.005 seconds).
Test Suite 'MonitorTopologyTest' passed at 2026-10-06 17:37:30.118.
	 Executed 6 tests, with 0 failures (0 unexpected) in 0.023 (0.023) seconds
Test Suite 'MouseDragSubjectTest' started at 2026-10-06 17:37:30.118.
Test Case '-[AppBundleTests.MouseDragSubjectTest testMouseInteractionHiddenIdsStayHiddenUntilSessionRestore]' started.
Test Case '-[AppBundleTests.MouseDragSubjectTest testMouseInteractionHiddenIdsStayHiddenUntilSessionRestore]' passed (0.000 seconds).
Test Case '-[AppBundleTests.MouseDragSubjectTest testResizeGestureCalibrationCorrectsPendingCornerGuessFromObservedDelta]' started.
Test Case '-[AppBundleTests.MouseDragSubjectTest testResizeGestureCalibrationCorrectsPendingCornerGuessFromObservedDelta]' passed (0.000 seconds).
Test Case '-[AppBundleTests.MouseDragSubjectTest testResizeGestureCandidateEdgesStayTightToActualFrameEdges]' started.
Test Case '-[AppBundleTests.MouseDragSubjectTest testResizeGestureCandidateEdgesStayTightToActualFrameEdges]' passed (0.000 seconds).
Test Case '-[AppBundleTests.MouseDragSubjectTest testSameWorkspaceSurfaceIntentIsAlwaysAllowed]' started.
Test Case '-[AppBundleTests.MouseDragSubjectTest testSameWorkspaceSurfaceIntentIsAlwaysAllowed]' passed (0.000 seconds).
Test Case '-[AppBundleTests.MouseDragSubjectTest testShouldPromoteWindowDragToTabGroupDrag]' started.
Test Case '-[AppBundleTests.MouseDragSubjectTest testShouldPromoteWindowDragToTabGroupDrag]' passed (0.000 seconds).
Test Case '-[AppBundleTests.MouseDragSubjectTest testWindowDragFrameGateCoalescesFastSamples]' started.
Test Case '-[AppBundleTests.MouseDragSubjectTest testWindowDragFrameGateCoalescesFastSamples]' passed (0.000 seconds).
Test Case '-[AppBundleTests.MouseDragSubjectTest testWindowDragFrameGateForceProcessesSample]' started.
Test Case '-[AppBundleTests.MouseDragSubjectTest testWindowDragFrameGateForceProcessesSample]' passed (0.000 seconds).
Test Case '-[AppBundleTests.MouseDragSubjectTest testWindowDragFrameGateTracksVelocityAndSettledState]' started.
Test Case '-[AppBundleTests.MouseDragSubjectTest testWindowDragFrameGateTracksVelocityAndSettledState]' passed (0.000 seconds).
Test Suite 'MouseDragSubjectTest' passed at 2026-10-06 17:37:30.120.
	 Executed 8 tests, with 0 failures (0 unexpected) in 0.001 (0.001) seconds
Test Suite 'MoveCommandTest' started at 2026-10-06 17:37:30.120.
Test Case '-[AppBundleTests.MoveCommandTest testCreateImplicitContainer]' started.
Test Case '-[AppBundleTests.MoveCommandTest testCreateImplicitContainer]' passed (0.015 seconds).
Test Case '-[AppBundleTests.MoveCommandTest testFail]' started.
Test Case '-[AppBundleTests.MoveCommandTest testFail]' passed (0.006 seconds).
Test Case '-[AppBundleTests.MoveCommandTest testMove_mru]' started.
Test Case '-[AppBundleTests.MoveCommandTest testMove_mru]' passed (0.013 seconds).
Test Case '-[AppBundleTests.MoveCommandTest testMove_swapWindows]' started.
Test Case '-[AppBundleTests.MoveCommandTest testMove_swapWindows]' passed (0.012 seconds).
Test Case '-[AppBundleTests.MoveCommandTest testMove_swapWithTabGroupTreatsTabGroupAsSingleNode]' started.
Test Case '-[AppBundleTests.MoveCommandTest testMove_swapWithTabGroupTreatsTabGroupAsSingleNode]' passed (0.012 seconds).
Test Case '-[AppBundleTests.MoveCommandTest testMoveIn_newWeight]' started.
Test Case '-[AppBundleTests.MoveCommandTest testMoveIn_newWeight]' passed (0.012 seconds).
Test Case '-[AppBundleTests.MoveCommandTest testMoveInto_findTopMostContainerWithRightOrientation]' started.
Test Case '-[AppBundleTests.MoveCommandTest testMoveInto_findTopMostContainerWithRightOrientation]' passed (0.012 seconds).
Test Case '-[AppBundleTests.MoveCommandTest testMoveOut_tabGroupTreatsTabGroupAsSingleNode]' started.
Test Case '-[AppBundleTests.MoveCommandTest testMoveOut_tabGroupTreatsTabGroupAsSingleNode]' passed (0.006 seconds).
Test Case '-[AppBundleTests.MoveCommandTest testMoveOut]' started.
Test Case '-[AppBundleTests.MoveCommandTest testMoveOut]' passed (0.012 seconds).
Test Case '-[AppBundleTests.MoveCommandTest testMoveOutWithNormalization_left]' started.
Test Case '-[AppBundleTests.MoveCommandTest testMoveOutWithNormalization_left]' passed (0.034 seconds).
Test Case '-[AppBundleTests.MoveCommandTest testMoveOutWithNormalization_right]' started.
Test Case '-[AppBundleTests.MoveCommandTest testMoveOutWithNormalization_right]' passed (0.034 seconds).
Test Case '-[AppBundleTests.MoveCommandTest testStop_onInnerNode]' started.
Test Case '-[AppBundleTests.MoveCommandTest testStop_onInnerNode]' passed (0.012 seconds).
Test Case '-[AppBundleTests.MoveCommandTest testStop_onRootNode_whenNoBoundary]' started.
Test Case '-[AppBundleTests.MoveCommandTest testStop_onRootNode_whenNoBoundary]' passed (0.012 seconds).
Test Case '-[AppBundleTests.MoveCommandTest testStop_onRootNode_withOppositeOrientation]' started.
Test Case '-[AppBundleTests.MoveCommandTest testStop_onRootNode_withOppositeOrientation]' passed (0.006 seconds).
Test Case '-[AppBundleTests.MoveCommandTest testStop_onRootNode]' started.
Test Case '-[AppBundleTests.MoveCommandTest testStop_onRootNode]' passed (0.006 seconds).
Test Case '-[AppBundleTests.MoveCommandTest testSwap_preserveWeight]' started.
Test Case '-[AppBundleTests.MoveCommandTest testSwap_preserveWeight]' passed (0.012 seconds).
Test Suite 'MoveCommandTest' passed at 2026-10-06 17:37:30.338.
	 Executed 16 tests, with 0 failures (0 unexpected) in 0.217 (0.218) seconds
Test Suite 'MoveNodeToMonitorCommandTest' started at 2026-10-06 17:37:30.338.
Test Case '-[AppBundleTests.MoveNodeToMonitorCommandTest testParse]' started.
Test Case '-[AppBundleTests.MoveNodeToMonitorCommandTest testParse]' passed (0.006 seconds).
Test Suite 'MoveNodeToMonitorCommandTest' passed at 2026-10-06 17:37:30.344.
	 Executed 1 test, with 0 failures (0 unexpected) in 0.006 (0.006) seconds
Test Suite 'MoveNodeToWorkspaceCommandTest' started at 2026-10-06 17:37:30.344.
Test Case '-[AppBundleTests.MoveNodeToWorkspaceCommandTest testAnotherWindowSubject]' started.
Test Case '-[AppBundleTests.MoveNodeToWorkspaceCommandTest testAnotherWindowSubject]' passed (0.008 seconds).
Test Case '-[AppBundleTests.MoveNodeToWorkspaceCommandTest testDirectNumericMoveCreatesOnlyAdjacentWorkspace]' started.
Test Case '-[AppBundleTests.MoveNodeToWorkspaceCommandTest testDirectNumericMoveCreatesOnlyAdjacentWorkspace]' passed (0.017 seconds).
Test Case '-[AppBundleTests.MoveNodeToWorkspaceCommandTest testDirectNumericMoveDoesNotCreateMultipleHopsAfterBlankIsCollected]' started.
Test Case '-[AppBundleTests.MoveNodeToWorkspaceCommandTest testDirectNumericMoveDoesNotCreateMultipleHopsAfterBlankIsCollected]' passed (0.011 seconds).
Test Case '-[AppBundleTests.MoveNodeToWorkspaceCommandTest testDirectNumericMoveDoesNotCreateWorkspaceMultipleHopsAway]' started.
Test Case '-[AppBundleTests.MoveNodeToWorkspaceCommandTest testDirectNumericMoveDoesNotCreateWorkspaceMultipleHopsAway]' passed (0.006 seconds).
Test Case '-[AppBundleTests.MoveNodeToWorkspaceCommandTest testDirectNumericMoveFillsDisplayIndexGapBeforeAppending]' started.
Test Case '-[AppBundleTests.MoveNodeToWorkspaceCommandTest testDirectNumericMoveFillsDisplayIndexGapBeforeAppending]' passed (0.012 seconds).
Test Case '-[AppBundleTests.MoveNodeToWorkspaceCommandTest testMoveWindowToWorkspaceWrapsRootTabGroupInsteadOfTabbingIntoIt]' started.
Test Case '-[AppBundleTests.MoveNodeToWorkspaceCommandTest testMoveWindowToWorkspaceWrapsRootTabGroupInsteadOfTabbingIntoIt]' passed (0.026 seconds).
Test Case '-[AppBundleTests.MoveNodeToWorkspaceCommandTest testMovingLastWindowLeavesOneAdjacentEmptyWorkspace]' started.
Test Case '-[AppBundleTests.MoveNodeToWorkspaceCommandTest testMovingLastWindowLeavesOneAdjacentEmptyWorkspace]' passed (0.017 seconds).
Test Case '-[AppBundleTests.MoveNodeToWorkspaceCommandTest testNewForceAssignedWorkspaceUsesForcedMonitorViewport]' started.
Test Case '-[AppBundleTests.MoveNodeToWorkspaceCommandTest testNewForceAssignedWorkspaceUsesForcedMonitorViewport]' passed (0.017 seconds).
Test Case '-[AppBundleTests.MoveNodeToWorkspaceCommandTest testNewWorkspaceInheritsSourceProject]' started.
Test Case '-[AppBundleTests.MoveNodeToWorkspaceCommandTest testNewWorkspaceInheritsSourceProject]' passed (0.022 seconds).
Test Case '-[AppBundleTests.MoveNodeToWorkspaceCommandTest testNewWorkspaceKeepsSourceMonitorPreferenceBeforeItBecomesVisible]' started.
Test Case '-[AppBundleTests.MoveNodeToWorkspaceCommandTest testNewWorkspaceKeepsSourceMonitorPreferenceBeforeItBecomesVisible]' passed (0.022 seconds).
Test Case '-[AppBundleTests.MoveNodeToWorkspaceCommandTest testParse]' started.
Test Case '-[AppBundleTests.MoveNodeToWorkspaceCommandTest testParse]' passed (0.010 seconds).
Test Case '-[AppBundleTests.MoveNodeToWorkspaceCommandTest testPreserveFloatingLayout]' started.
Test Case '-[AppBundleTests.MoveNodeToWorkspaceCommandTest testPreserveFloatingLayout]' passed (0.008 seconds).
Test Case '-[AppBundleTests.MoveNodeToWorkspaceCommandTest testRelativeNextMoveCreatesAdjacentWorkspace]' started.
Test Case '-[AppBundleTests.MoveNodeToWorkspaceCommandTest testRelativeNextMoveCreatesAdjacentWorkspace]' passed (0.022 seconds).
Test Case '-[AppBundleTests.MoveNodeToWorkspaceCommandTest testSimple]' started.
Test Case '-[AppBundleTests.MoveNodeToWorkspaceCommandTest testSimple]' passed (0.017 seconds).
Test Case '-[AppBundleTests.MoveNodeToWorkspaceCommandTest testSummonWindow]' started.
Test Case '-[AppBundleTests.MoveNodeToWorkspaceCommandTest testSummonWindow]' passed (0.017 seconds).
Test Suite 'MoveNodeToWorkspaceCommandTest' passed at 2026-10-06 17:37:30.578.
	 Executed 15 tests, with 0 failures (0 unexpected) in 0.233 (0.235) seconds
Test Suite 'NativeGroupFocusOrderingTest' started at 2026-10-06 17:37:30.578.
Test Case '-[AppBundleTests.NativeGroupFocusOrderingTest testHiddenNativeRowAutomaticallyWaitsForPlacement]' started.
Test Case '-[AppBundleTests.NativeGroupFocusOrderingTest testHiddenNativeRowAutomaticallyWaitsForPlacement]' passed (0.010 seconds).
Test Case '-[AppBundleTests.NativeGroupFocusOrderingTest testImmediateBrowserFenceCannotRaiseDeferredNativeGroup]' started.
Test Case '-[AppBundleTests.NativeGroupFocusOrderingTest testImmediateBrowserFenceCannotRaiseDeferredNativeGroup]' passed (0.006 seconds).
Test Case '-[AppBundleTests.NativeGroupFocusOrderingTest testInterveningAppActivationRetiresDeferredTargetAndLateFence]' started.
Test Case '-[AppBundleTests.NativeGroupFocusOrderingTest testInterveningAppActivationRetiresDeferredTargetAndLateFence]' passed (0.006 seconds).
Test Case '-[AppBundleTests.NativeGroupFocusOrderingTest testRapidNativeBrowserNativeIntentOnlyRaisesLatestTarget]' started.
Test Case '-[AppBundleTests.NativeGroupFocusOrderingTest testRapidNativeBrowserNativeIntentOnlyRaisesLatestTarget]' passed (0.006 seconds).
Test Case '-[AppBundleTests.NativeGroupFocusOrderingTest testVisibleNativeRowRetainsImmediateFocus]' started.
Test Case '-[AppBundleTests.NativeGroupFocusOrderingTest testVisibleNativeRowRetainsImmediateFocus]' passed (0.005 seconds).
Test Suite 'NativeGroupFocusOrderingTest' passed at 2026-10-06 17:37:30.614.
	 Executed 5 tests, with 0 failures (0 unexpected) in 0.035 (0.036) seconds
Test Suite 'NativeSurfaceIntegrationTest' started at 2026-10-06 17:37:30.614.
Test Case '-[AppBundleTests.NativeSurfaceIntegrationTest testCloseRequestLeavesUnconfirmedWindowInModel]' started.
Test Case '-[AppBundleTests.NativeSurfaceIntegrationTest testCloseRequestLeavesUnconfirmedWindowInModel]' passed (0.005 seconds).
Test Case '-[AppBundleTests.NativeSurfaceIntegrationTest testSidebarIdentityAndAdapterFollowLiveWindow]' started.
Test Case '-[AppBundleTests.NativeSurfaceIntegrationTest testSidebarIdentityAndAdapterFollowLiveWindow]' passed (0.006 seconds).
Test Case '-[AppBundleTests.NativeSurfaceIntegrationTest testStaleSidebarItemCannotControlReusedNativeWindowID]' started.
Test Case '-[AppBundleTests.NativeSurfaceIntegrationTest testStaleSidebarItemCannotControlReusedNativeWindowID]' passed (0.008 seconds).
Test Case '-[AppBundleTests.NativeSurfaceIntegrationTest testSurfaceIdentitySurvivesRestartOnlyAfterNativeBindingMatches]' started.
Test Case '-[AppBundleTests.NativeSurfaceIntegrationTest testSurfaceIdentitySurvivesRestartOnlyAfterNativeBindingMatches]' passed (0.037 seconds).
Test Case '-[AppBundleTests.NativeSurfaceIntegrationTest testSurfaceRestorationRejectsBrowserAndDuplicateNativeIdentities]' started.
Test Case '-[AppBundleTests.NativeSurfaceIntegrationTest testSurfaceRestorationRejectsBrowserAndDuplicateNativeIdentities]' passed (0.005 seconds).
Test Case '-[AppBundleTests.NativeSurfaceIntegrationTest testVersionTwoImportsAndNextCaptureWritesTypedIdentities]' started.
Test Case '-[AppBundleTests.NativeSurfaceIntegrationTest testVersionTwoImportsAndNextCaptureWritesTypedIdentities]' passed (0.009 seconds).
Test Suite 'NativeSurfaceIntegrationTest' passed at 2026-10-06 17:37:30.684.
	 Executed 6 tests, with 0 failures (0 unexpected) in 0.069 (0.070) seconds
Test Suite 'NewFloatingWindowFocusTest' started at 2026-10-06 17:37:30.684.
Test Case '-[AppBundleTests.NewFloatingWindowFocusTest testAlreadyNativeFocusedFloatingWindowStillGetsRaisedOnce]' started.
Test Case '-[AppBundleTests.NewFloatingWindowFocusTest testAlreadyNativeFocusedFloatingWindowStillGetsRaisedOnce]' passed (0.022 seconds).
Test Case '-[AppBundleTests.NewFloatingWindowFocusTest testFloatingFocusAlwaysUsesExplicitRaise]' started.
Test Case '-[AppBundleTests.NewFloatingWindowFocusTest testFloatingFocusAlwaysUsesExplicitRaise]' passed (0.010 seconds).
Test Case '-[AppBundleTests.NewFloatingWindowFocusTest testLatestOpeningWinsAndIsNotRaisedAgain]' started.
Test Case '-[AppBundleTests.NewFloatingWindowFocusTest testLatestOpeningWinsAndIsNotRaisedAgain]' passed (0.001 seconds).
Test Case '-[AppBundleTests.NewFloatingWindowFocusTest testMinimizedWindowIsNormalizedBeforeSelectingNewFloat]' started.
Test Case '-[AppBundleTests.NewFloatingWindowFocusTest testMinimizedWindowIsNormalizedBeforeSelectingNewFloat]' passed (0.025 seconds).
Test Case '-[AppBundleTests.NewFloatingWindowFocusTest testNewFloatingWindowIsFocusedAndRaisedAfterPlacement]' started.
Test Case '-[AppBundleTests.NewFloatingWindowFocusTest testNewFloatingWindowIsFocusedAndRaisedAfterPlacement]' passed (0.010 seconds).
Test Case '-[AppBundleTests.NewFloatingWindowFocusTest testRetiledOrClosedWindowDoesNotTakeFocus]' started.
Test Case '-[AppBundleTests.NewFloatingWindowFocusTest testRetiledOrClosedWindowDoesNotTakeFocus]' passed (0.016 seconds).
Test Case '-[AppBundleTests.NewFloatingWindowFocusTest testStartupWindowsDoNotTakeFocus]' started.
Test Case '-[AppBundleTests.NewFloatingWindowFocusTest testStartupWindowsDoNotTakeFocus]' passed (0.005 seconds).
Test Case '-[AppBundleTests.NewFloatingWindowFocusTest testWindowRoutedToHiddenWorkspaceDoesNotSwitchWorkspaces]' started.
Test Case '-[AppBundleTests.NewFloatingWindowFocusTest testWindowRoutedToHiddenWorkspaceDoesNotSwitchWorkspaces]' passed (0.008 seconds).
Test Suite 'NewFloatingWindowFocusTest' passed at 2026-10-06 17:37:30.782.
	 Executed 8 tests, with 0 failures (0 unexpected) in 0.098 (0.098) seconds
Test Suite 'NewItemOrderingTest' started at 2026-10-06 17:37:30.782.
Test Case '-[AppBundleTests.NewItemOrderingTest testArrivalFromPinInsertsBeforeExistingRegularViews]' started.
Test Case '-[AppBundleTests.NewItemOrderingTest testArrivalFromPinInsertsBeforeExistingRegularViews]' passed (0.006 seconds).
Test Case '-[AppBundleTests.NewItemOrderingTest testBrowserCreationInTilingModeInsertsAfterSourceBeforeLaterItems]' started.
2026-10-06 17:37:30.798 xctest[74006:6486371] WinMux new tab: dispatch
2026-10-06 17:37:30.798 xctest[74006:6486371] WinMux new tab: issued
Test Case '-[AppBundleTests.NewItemOrderingTest testBrowserCreationInTilingModeInsertsAfterSourceBeforeLaterItems]' passed (0.011 seconds).
Test Case '-[AppBundleTests.NewItemOrderingTest testBrowserReplyKeepsOriginalSourceAfterFocusChangesInEitherArrivalOrder]' started.
2026-10-06 17:37:30.800 xctest[74006:6486371] WinMux new tab: dispatch
2026-10-06 17:37:30.800 xctest[74006:6486371] WinMux new tab: issued
2026-10-06 17:37:30.807 xctest[74006:6486371] WinMux new tab: dispatch
2026-10-06 17:37:30.807 xctest[74006:6486371] WinMux new tab: issued
Test Case '-[AppBundleTests.NewItemOrderingTest testBrowserReplyKeepsOriginalSourceAfterFocusChangesInEitherArrivalOrder]' passed (0.009 seconds).
Test Case '-[AppBundleTests.NewItemOrderingTest testNativeArrivalInsertsAfterSourceWithLaterViews]' started.
Test Case '-[AppBundleTests.NewItemOrderingTest testNativeArrivalInsertsAfterSourceWithLaterViews]' passed (0.014 seconds).
Test Case '-[AppBundleTests.NewItemOrderingTest testNativeTabGroupArrivalInsertsAfterFocusedTab]' started.
Test Case '-[AppBundleTests.NewItemOrderingTest testNativeTabGroupArrivalInsertsAfterFocusedTab]' passed (0.018 seconds).
Test Case '-[AppBundleTests.NewItemOrderingTest testPrivateBrowserArrivalInsertsAfterItsSourceView]' started.
Test Case '-[AppBundleTests.NewItemOrderingTest testPrivateBrowserArrivalInsertsAfterItsSourceView]' passed (0.006 seconds).
Test Case '-[AppBundleTests.NewItemOrderingTest testReusedEmptyViewMovesFromBeforeSourceToImmediatelyAfterIt]' started.
Test Case '-[AppBundleTests.NewItemOrderingTest testReusedEmptyViewMovesFromBeforeSourceToImmediatelyAfterIt]' passed (0.001 seconds).
Test Case '-[AppBundleTests.NewItemOrderingTest testToolbarUsesItsOwnPageAndOwnerWhenAnotherPageIsFocused]' started.
2026-10-06 17:37:30.858 xctest[74006:6486371] WinMux new tab: dispatch
2026-10-06 17:37:30.858 xctest[74006:6486371] WinMux new tab: issued
Test Case '-[AppBundleTests.NewItemOrderingTest testToolbarUsesItsOwnPageAndOwnerWhenAnotherPageIsFocused]' passed (0.012 seconds).
Test Suite 'NewItemOrderingTest' passed at 2026-10-06 17:37:30.859.
	 Executed 8 tests, with 0 failures (0 unexpected) in 0.075 (0.076) seconds
Test Suite 'NormalizeLayoutReasonCacheTest' started at 2026-10-06 17:37:30.859.
Test Case '-[AppBundleTests.NormalizeLayoutReasonCacheTest testMinimizedTransitionIsObservedAfterInvalidation]' started.
Test Case '-[AppBundleTests.NormalizeLayoutReasonCacheTest testMinimizedTransitionIsObservedAfterInvalidation]' passed (0.013 seconds).
Test Case '-[AppBundleTests.NormalizeLayoutReasonCacheTest testNativeStateChangeIsObservedAfterInvalidation]' started.
Test Case '-[AppBundleTests.NormalizeLayoutReasonCacheTest testNativeStateChangeIsObservedAfterInvalidation]' passed (0.022 seconds).
Test Case '-[AppBundleTests.NormalizeLayoutReasonCacheTest testStaleObservationWriteBackIsDiscarded]' started.
Test Case '-[AppBundleTests.NormalizeLayoutReasonCacheTest testStaleObservationWriteBackIsDiscarded]' passed (0.006 seconds).
Test Case '-[AppBundleTests.NormalizeLayoutReasonCacheTest testSteadyStateBarrierDoesNotRefetchNativeState]' started.
Test Case '-[AppBundleTests.NormalizeLayoutReasonCacheTest testSteadyStateBarrierDoesNotRefetchNativeState]' passed (0.006 seconds).
Test Suite 'NormalizeLayoutReasonCacheTest' passed at 2026-10-06 17:37:30.907.
	 Executed 4 tests, with 0 failures (0 unexpected) in 0.048 (0.049) seconds
Test Suite 'ParseEnvVariablesTest' started at 2026-10-06 17:37:30.907.
Test Case '-[AppBundleTests.ParseEnvVariablesTest testAddVars]' started.
Test Case '-[AppBundleTests.ParseEnvVariablesTest testAddVars]' passed (0.001 seconds).
Test Case '-[AppBundleTests.ParseEnvVariablesTest testCyclicDep]' started.
Test Case '-[AppBundleTests.ParseEnvVariablesTest testCyclicDep]' passed (0.000 seconds).
Test Case '-[AppBundleTests.ParseEnvVariablesTest testForbidPwd]' started.
Test Case '-[AppBundleTests.ParseEnvVariablesTest testForbidPwd]' passed (0.000 seconds).
Test Case '-[AppBundleTests.ParseEnvVariablesTest testInherit]' started.
Test Case '-[AppBundleTests.ParseEnvVariablesTest testInherit]' passed (0.000 seconds).
Test Case '-[AppBundleTests.ParseEnvVariablesTest testInterpolation]' started.
Test Case '-[AppBundleTests.ParseEnvVariablesTest testInterpolation]' passed (0.000 seconds).
Test Suite 'ParseEnvVariablesTest' passed at 2026-10-06 17:37:30.909.
	 Executed 5 tests, with 0 failures (0 unexpected) in 0.001 (0.002) seconds
Test Suite 'PinnedViewGroupsTest' started at 2026-10-06 17:37:30.909.
Test Case '-[AppBundleTests.PinnedViewGroupsTest testClosedBrowserGroupRetainsTemplateAndRebindsNewIdentity]' started.
Test Case '-[AppBundleTests.PinnedViewGroupsTest testClosedBrowserGroupRetainsTemplateAndRebindsNewIdentity]' passed (0.007 seconds).
Test Case '-[AppBundleTests.PinnedViewGroupsTest testFailedGroupPinLeavesAllMembersUnchanged]' started.
Test Case '-[AppBundleTests.PinnedViewGroupsTest testFailedGroupPinLeavesAllMembersUnchanged]' passed (0.020 seconds).
Test Case '-[AppBundleTests.PinnedViewGroupsTest testPinWholeSplitKeepsNestedLayoutWeightsAndSingleDesktopSelection]' started.
Test Case '-[AppBundleTests.PinnedViewGroupsTest testPinWholeSplitKeepsNestedLayoutWeightsAndSingleDesktopSelection]' passed (0.058 seconds).
Test Case '-[AppBundleTests.PinnedViewGroupsTest testPinWholeViewAndSeparateMemberMakesIndependentPins]' started.
Test Case '-[AppBundleTests.PinnedViewGroupsTest testPinWholeViewAndSeparateMemberMakesIndependentPins]' passed (0.041 seconds).
Test Suite 'PinnedViewGroupsTest' passed at 2026-10-06 17:37:31.036.
	 Executed 4 tests, with 0 failures (0 unexpected) in 0.127 (0.127) seconds
Test Suite 'PostCommandRefreshBenchmarkTest' started at 2026-10-06 17:37:31.036.
Test Case '-[AppBundleTests.PostCommandRefreshBenchmarkTest testHotkeyBenchmark]' started.
Test Case '-[AppBundleTests.PostCommandRefreshBenchmarkTest testHotkeyBenchmark]' passed (1.070 seconds).
Test Suite 'PostCommandRefreshBenchmarkTest' passed at 2026-10-06 17:37:32.106.
	 Executed 1 test, with 0 failures (0 unexpected) in 1.070 (1.070) seconds
Test Suite 'RefreshFocusSyncTest' started at 2026-10-06 17:37:32.106.
Test Case '-[AppBundleTests.RefreshFocusSyncTest testBrowserForegroundDoesNotRefocusTheOldNativeLeaf]' started.
Test Case '-[AppBundleTests.RefreshFocusSyncTest testBrowserForegroundDoesNotRefocusTheOldNativeLeaf]' passed (0.000 seconds).
Test Case '-[AppBundleTests.RefreshFocusSyncTest testShouldNotSyncFocusBackToAccessoryAppWithoutFocusedWindow]' started.
Test Case '-[AppBundleTests.RefreshFocusSyncTest testShouldNotSyncFocusBackToAccessoryAppWithoutFocusedWindow]' passed (0.000 seconds).
Test Case '-[AppBundleTests.RefreshFocusSyncTest testShouldNotSyncFocusBackToPopupWindow]' started.
Test Case '-[AppBundleTests.RefreshFocusSyncTest testShouldNotSyncFocusBackToPopupWindow]' passed (0.003 seconds).
Test Case '-[AppBundleTests.RefreshFocusSyncTest testShouldSyncFocusBackToRegularWorkspaceWindow]' started.
Test Case '-[AppBundleTests.RefreshFocusSyncTest testShouldSyncFocusBackToRegularWorkspaceWindow]' passed (0.000 seconds).
Test Suite 'RefreshFocusSyncTest' passed at 2026-10-06 17:37:32.111.
	 Executed 4 tests, with 0 failures (0 unexpected) in 0.004 (0.004) seconds
Test Suite 'RefreshSessionEventReassertionTest' started at 2026-10-06 17:37:32.111.
Test Case '-[AppBundleTests.RefreshSessionEventReassertionTest testOnlyWakeAndStartupRequireHiddenWindowsReassertion]' started.
Test Case '-[AppBundleTests.RefreshSessionEventReassertionTest testOnlyWakeAndStartupRequireHiddenWindowsReassertion]' passed (0.000 seconds).
Test Suite 'RefreshSessionEventReassertionTest' passed at 2026-10-06 17:37:32.111.
	 Executed 1 test, with 0 failures (0 unexpected) in 0.000 (0.000) seconds
Test Suite 'ResizeCommandTest' started at 2026-10-06 17:37:32.111.
Test Case '-[AppBundleTests.ResizeCommandTest testParseCommand]' started.
Test Case '-[AppBundleTests.ResizeCommandTest testParseCommand]' passed (0.006 seconds).
Test Case '-[AppBundleTests.ResizeCommandTest testResizeFloatingWindowReturnsError]' started.
Test Case '-[AppBundleTests.ResizeCommandTest testResizeFloatingWindowReturnsError]' passed (0.001 seconds).
Test Case '-[AppBundleTests.ResizeCommandTest testResizeHeightUsesVerticalAncestorForFocusedWindow]' started.
Test Case '-[AppBundleTests.ResizeCommandTest testResizeHeightUsesVerticalAncestorForFocusedWindow]' passed (0.011 seconds).
Test Case '-[AppBundleTests.ResizeCommandTest testResizeStopsBeforeFocusedWindowWouldBecomeTooSmall]' started.
Test Case '-[AppBundleTests.ResizeCommandTest testResizeStopsBeforeFocusedWindowWouldBecomeTooSmall]' passed (0.006 seconds).
Test Case '-[AppBundleTests.ResizeCommandTest testResizeStopsBeforeSiblingWouldBecomeTooSmall]' started.
Test Case '-[AppBundleTests.ResizeCommandTest testResizeStopsBeforeSiblingWouldBecomeTooSmall]' passed (0.006 seconds).
Test Case '-[AppBundleTests.ResizeCommandTest testResizeWidthAddsWeightToFocusedWindowAndSubtractsFromSiblings]' started.
Test Case '-[AppBundleTests.ResizeCommandTest testResizeWidthAddsWeightToFocusedWindowAndSubtractsFromSiblings]' passed (0.006 seconds).
Test Suite 'ResizeCommandTest' passed at 2026-10-06 17:37:32.148.
	 Executed 6 tests, with 0 failures (0 unexpected) in 0.037 (0.037) seconds
Test Suite 'RestartSessionContentTest' started at 2026-10-06 17:37:32.148.
Test Case '-[AppBundleTests.RestartSessionContentTest testContentComparisonDetectsIdentityFrameFocusAndBootChanges]' started.
Test Case '-[AppBundleTests.RestartSessionContentTest testContentComparisonDetectsIdentityFrameFocusAndBootChanges]' passed (0.006 seconds).
Test Case '-[AppBundleTests.RestartSessionContentTest testContentComparisonIgnoresOnlyCaptureTime]' started.
Test Case '-[AppBundleTests.RestartSessionContentTest testContentComparisonIgnoresOnlyCaptureTime]' passed (0.013 seconds).
Test Suite 'RestartSessionContentTest' passed at 2026-10-06 17:37:32.167.
	 Executed 2 tests, with 0 failures (0 unexpected) in 0.019 (0.019) seconds
Test Suite 'RestartSessionTest' started at 2026-10-06 17:37:32.167.
Test Case '-[AppBundleTests.RestartSessionTest testBackupRecoversCorruptionWithoutOverwritingLastGoodBackup]' started.
Test Case '-[AppBundleTests.RestartSessionTest testBackupRecoversCorruptionWithoutOverwritingLastGoodBackup]' passed (0.010 seconds).
Test Case '-[AppBundleTests.RestartSessionTest testBuildsAndExplicitConfigsUseIndependentSessionFiles]' started.
Test Case '-[AppBundleTests.RestartSessionTest testBuildsAndExplicitConfigsUseIndependentSessionFiles]' passed (0.007 seconds).
Test Case '-[AppBundleTests.RestartSessionTest testDelayedDiscoveryRestoresLaterWindowsWithoutResettingFinishedWorkspaces]' started.
Test Case '-[AppBundleTests.RestartSessionTest testDelayedDiscoveryRestoresLaterWindowsWithoutResettingFinishedWorkspaces]' passed (0.038 seconds).
Test Case '-[AppBundleTests.RestartSessionTest testEmptySavedContainersDisappearAndNewWindowsRemain]' started.
Test Case '-[AppBundleTests.RestartSessionTest testEmptySavedContainersDisappearAndNewWindowsRemain]' passed (0.039 seconds).
Test Case '-[AppBundleTests.RestartSessionTest testFloatingFrameAdaptsToRemovedDisplayAndClampsOnscreen]' started.
Test Case '-[AppBundleTests.RestartSessionTest testFloatingFrameAdaptsToRemovedDisplayAndClampsOnscreen]' passed (0.005 seconds).
Test Case '-[AppBundleTests.RestartSessionTest testFloatingFrameRestoresAfterQuitCleanupMovedIt]' started.
Test Case '-[AppBundleTests.RestartSessionTest testFloatingFrameRestoresAfterQuitCleanupMovedIt]' passed (0.011 seconds).
Test Case '-[AppBundleTests.RestartSessionTest testFutureSessionVersionDoesNotFallBackOrGetReplaced]' started.
2026-10-06 17:37:32.290 xctest[74006:6486371] WinMux session: Session version 999 requires a newer WinMux build.
Test Case '-[AppBundleTests.RestartSessionTest testFutureSessionVersionDoesNotFallBackOrGetReplaced]' passed (0.013 seconds).
Test Case '-[AppBundleTests.RestartSessionTest testIdentityRejectsReusedWindowAndProcessIds]' started.
Test Case '-[AppBundleTests.RestartSessionTest testIdentityRejectsReusedWindowAndProcessIds]' passed (0.006 seconds).
Test Case '-[AppBundleTests.RestartSessionTest testLegacySnapshotLoadsOnlyFromThisBoot]' started.
Test Case '-[AppBundleTests.RestartSessionTest testLegacySnapshotLoadsOnlyFromThisBoot]' passed (0.009 seconds).
Test Case '-[AppBundleTests.RestartSessionTest testManualDragStopsPendingRestoreEvenBeforeItsTreeChanges]' started.
Test Case '-[AppBundleTests.RestartSessionTest testManualDragStopsPendingRestoreEvenBeforeItsTreeChanges]' passed (0.011 seconds).
Test Case '-[AppBundleTests.RestartSessionTest testProjectNamesAndWorkspaceOrderSurviveRoundTrip]' started.
Test Case '-[AppBundleTests.RestartSessionTest testProjectNamesAndWorkspaceOrderSurviveRoundTrip]' passed (0.020 seconds).
Test Case '-[AppBundleTests.RestartSessionTest testRemembersEachProjectsLastWorkspaceAcrossRestart]' started.
Test Case '-[AppBundleTests.RestartSessionTest testRemembersEachProjectsLastWorkspaceAcrossRestart]' passed (0.001 seconds).
Test Case '-[AppBundleTests.RestartSessionTest testRestoresNestedStacksOrderSelectionWeightsAndSkipsMissingLeaves]' started.
Test Case '-[AppBundleTests.RestartSessionTest testRestoresNestedStacksOrderSelectionWeightsAndSkipsMissingLeaves]' passed (0.054 seconds).
Test Case '-[AppBundleTests.RestartSessionTest testShutdownCompletesPromptlyAndBoundsUnresponsiveCleanup]' started.
Test Case '-[AppBundleTests.RestartSessionTest testShutdownCompletesPromptlyAndBoundsUnresponsiveCleanup]' passed (0.032 seconds).
Test Case '-[AppBundleTests.RestartSessionTest testUserEditsCancelOnlyTheirWorkspaceRestore]' started.
Test Case '-[AppBundleTests.RestartSessionTest testUserEditsCancelOnlyTheirWorkspaceRestore]' passed (0.026 seconds).
Test Suite 'RestartSessionTest' passed at 2026-10-06 17:37:32.450.
	 Executed 15 tests, with 0 failures (0 unexpected) in 0.281 (0.283) seconds
Test Suite 'RestartSessionWriterTest' started at 2026-10-06 17:37:32.450.
Test Case '-[AppBundleTests.RestartSessionWriterTest testDiskWriteDoesNotBlockMainActor]' started.
Test Case '-[AppBundleTests.RestartSessionWriterTest testDiskWriteDoesNotBlockMainActor]' passed (0.021 seconds).
Test Case '-[AppBundleTests.RestartSessionWriterTest testFailedWriteCanRetryAndEqualContentStillWritesToANewLocation]' started.
Test Case '-[AppBundleTests.RestartSessionWriterTest testFailedWriteCanRetryAndEqualContentStillWritesToANewLocation]' passed (0.009 seconds).
Test Case '-[AppBundleTests.RestartSessionWriterTest testNewerFinalSnapshotRejectsLateCheckpointAndPreservesBackup]' started.
Test Case '-[AppBundleTests.RestartSessionWriterTest testNewerFinalSnapshotRejectsLateCheckpointAndPreservesBackup]' passed (0.009 seconds).
Test Suite 'RestartSessionWriterTest' passed at 2026-10-06 17:37:32.490.
	 Executed 3 tests, with 0 failures (0 unexpected) in 0.039 (0.039) seconds
Test Suite 'SessionPerformanceTest' started at 2026-10-06 17:37:32.490.
Test Case '-[AppBundleTests.SessionPerformanceTest testConfigurationQueriesDoNotWaitForAXFocus]' started.
Test Case '-[AppBundleTests.SessionPerformanceTest testConfigurationQueriesDoNotWaitForAXFocus]' passed (0.006 seconds).
Test Case '-[AppBundleTests.SessionPerformanceTest testExplicitGroupSelectionDoesNotQueryOutgoingAppOrScheduleDiscovery]' started.
Test Case '-[AppBundleTests.SessionPerformanceTest testExplicitGroupSelectionDoesNotQueryOutgoingAppOrScheduleDiscovery]' passed (0.019 seconds).
Test Case '-[AppBundleTests.SessionPerformanceTest testOnlyQueryCommandsTakeReadOnlyPath]' started.
Test Case '-[AppBundleTests.SessionPerformanceTest testOnlyQueryCommandsTakeReadOnlyPath]' passed (0.011 seconds).
Test Case '-[AppBundleTests.SessionPerformanceTest testOrdinarySessionsStillReadActualNativeFocus]' started.
Test Case '-[AppBundleTests.SessionPerformanceTest testOrdinarySessionsStillReadActualNativeFocus]' passed (0.001 seconds).
Test Case '-[AppBundleTests.SessionPerformanceTest testPollingQueryKeepsNativeFocusAccurateWithoutPlacingWindows]' started.
Test Case '-[AppBundleTests.SessionPerformanceTest testPollingQueryKeepsNativeFocusAccurateWithoutPlacingWindows]' passed (0.006 seconds).
Test Case '-[AppBundleTests.SessionPerformanceTest testQueryDoesNotCancelPendingDiscovery]' started.
Test Case '-[AppBundleTests.SessionPerformanceTest testQueryDoesNotCancelPendingDiscovery]' passed (0.006 seconds).
Test Suite 'SessionPerformanceTest' passed at 2026-10-06 17:37:32.538.
	 Executed 6 tests, with 0 failures (0 unexpected) in 0.048 (0.048) seconds
Test Suite 'SessionWindowTitleTest' started at 2026-10-06 17:37:32.538.
Test Case '-[AppBundleTests.SessionWindowTitleTest testClosedWindowCannotPopulateReplacementTitleCache]' started.
Test Case '-[AppBundleTests.SessionWindowTitleTest testClosedWindowCannotPopulateReplacementTitleCache]' passed (0.005 seconds).
Test Case '-[AppBundleTests.SessionWindowTitleTest testFailedTitleLookupKeepsFallbackWithoutImmediateRetryLoop]' started.
Test Case '-[AppBundleTests.SessionWindowTitleTest testFailedTitleLookupKeepsFallbackWithoutImmediateRetryLoop]' passed (0.006 seconds).
Test Case '-[AppBundleTests.SessionWindowTitleTest testFirstSightReturnsImmediatelyAndFetchesInBackground]' started.
Test Case '-[AppBundleTests.SessionWindowTitleTest testFirstSightReturnsImmediatelyAndFetchesInBackground]' passed (0.052 seconds).
Test Case '-[AppBundleTests.SessionWindowTitleTest testFreshEntryDoesNotScheduleBackgroundRefresh]' started.
Test Case '-[AppBundleTests.SessionWindowTitleTest testFreshEntryDoesNotScheduleBackgroundRefresh]' passed (0.016 seconds).
Test Case '-[AppBundleTests.SessionWindowTitleTest testReadyTitlePublishesWhileAnEarlierWindowIsStillSuspended]' started.
Test Case '-[AppBundleTests.SessionWindowTitleTest testReadyTitlePublishesWhileAnEarlierWindowIsStillSuspended]' passed (0.047 seconds).
Test Case '-[AppBundleTests.SessionWindowTitleTest testResetRejectsLateTitleWithoutOverwritingNewResult]' started.
Test Case '-[AppBundleTests.SessionWindowTitleTest testResetRejectsLateTitleWithoutOverwritingNewResult]' passed (0.020 seconds).
Test Case '-[AppBundleTests.SessionWindowTitleTest testResetRejectsPublicationFromOldBackgroundWorker]' started.
Test Case '-[AppBundleTests.SessionWindowTitleTest testResetRejectsPublicationFromOldBackgroundWorker]' passed (0.009 seconds).
Test Case '-[AppBundleTests.SessionWindowTitleTest testStaleEntryAnswersImmediatelyWithoutInlineFetch]' started.
Test Case '-[AppBundleTests.SessionWindowTitleTest testStaleEntryAnswersImmediatelyWithoutInlineFetch]' passed (0.006 seconds).
Test Case '-[AppBundleTests.SessionWindowTitleTest testTwoConsumersShareOneSuspendedLookup]' started.
Test Case '-[AppBundleTests.SessionWindowTitleTest testTwoConsumersShareOneSuspendedLookup]' passed (0.006 seconds).
Test Suite 'SessionWindowTitleTest' passed at 2026-10-06 17:37:32.706.
	 Executed 9 tests, with 0 failures (0 unexpected) in 0.168 (0.169) seconds
Test Suite 'ShortcutSettingsConfigEditsTest' started at 2026-10-06 17:37:32.706.
Test Case '-[AppBundleTests.ShortcutSettingsConfigEditsTest testInferWorkspaceShortcutStatePrefersPatternAndExtractsOverrides]' started.
Test Case '-[AppBundleTests.ShortcutSettingsConfigEditsTest testInferWorkspaceShortcutStatePrefersPatternAndExtractsOverrides]' passed (0.000 seconds).
Test Case '-[AppBundleTests.ShortcutSettingsConfigEditsTest testReadModeBindingEntriesReadsSimpleScalarBindings]' started.
Test Case '-[AppBundleTests.ShortcutSettingsConfigEditsTest testReadModeBindingEntriesReadsSimpleScalarBindings]' passed (0.000 seconds).
Test Case '-[AppBundleTests.ShortcutSettingsConfigEditsTest testUpdateModeBindingConfigAddsMissingSection]' started.
Test Case '-[AppBundleTests.ShortcutSettingsConfigEditsTest testUpdateModeBindingConfigAddsMissingSection]' passed (0.000 seconds).
Test Case '-[AppBundleTests.ShortcutSettingsConfigEditsTest testUpdateModeBindingConfigReplacesManagedBindingsAndPreservesCustomOnes]' started.
Test Case '-[AppBundleTests.ShortcutSettingsConfigEditsTest testUpdateModeBindingConfigReplacesManagedBindingsAndPreservesCustomOnes]' passed (0.000 seconds).
Test Suite 'ShortcutSettingsConfigEditsTest' passed at 2026-10-06 17:37:32.708.
	 Executed 4 tests, with 0 failures (0 unexpected) in 0.001 (0.001) seconds
Test Suite 'SocketEOFTest' started at 2026-10-06 17:37:32.708.
Test Case '-[AppBundleTests.SocketEOFTest testCleanEOFAndTruncatedHeaderTerminateTheRead]' started.
Test Case '-[AppBundleTests.SocketEOFTest testCleanEOFAndTruncatedHeaderTerminateTheRead]' passed (0.017 seconds).
Test Case '-[AppBundleTests.SocketEOFTest testCompletePayloadDeliveredWithEOFStillSucceeds]' started.
Test Case '-[AppBundleTests.SocketEOFTest testCompletePayloadDeliveredWithEOFStillSucceeds]' passed (0.003 seconds).
Test Case '-[AppBundleTests.SocketEOFTest testEOFInPayloadTerminatesTheRead]' started.
Test Case '-[AppBundleTests.SocketEOFTest testEOFInPayloadTerminatesTheRead]' passed (0.002 seconds).
Test Suite 'SocketEOFTest' passed at 2026-10-06 17:37:32.730.
	 Executed 3 tests, with 0 failures (0 unexpected) in 0.022 (0.023) seconds
Test Suite 'SpaceBrowserProfilesTest' started at 2026-10-06 17:37:32.730.
Test Case '-[AppBundleTests.SpaceBrowserProfilesTest testDeletingSpaceKeepsTheProfileAndOtherSpaceAssignment]' started.
Test Case '-[AppBundleTests.SpaceBrowserProfilesTest testDeletingSpaceKeepsTheProfileAndOtherSpaceAssignment]' passed (0.004 seconds).
Test Case '-[AppBundleTests.SpaceBrowserProfilesTest testExplicitPinProfileRemainsAuthoritativeAfterSpaceProfileChanges]' started.
2026-10-06 17:37:32.738 xctest[74006:6486371] WinMux new tab: dispatch
Test Case '-[AppBundleTests.SpaceBrowserProfilesTest testExplicitPinProfileRemainsAuthoritativeAfterSpaceProfileChanges]' passed (0.004 seconds).
Test Case '-[AppBundleTests.SpaceBrowserProfilesTest testLegacyBrowserRefusesNamedProfileWithoutSendingCreation]' started.
Test Case '-[AppBundleTests.SpaceBrowserProfilesTest testLegacyBrowserRefusesNamedProfileWithoutSendingCreation]' passed (0.001 seconds).
Test Case '-[AppBundleTests.SpaceBrowserProfilesTest testNamedProfilesCanBeSharedAcrossSpacesAndPersistByStableIdentity]' started.
Test Case '-[AppBundleTests.SpaceBrowserProfilesTest testNamedProfilesCanBeSharedAcrossSpacesAndPersistByStableIdentity]' passed (0.001 seconds).
Test Case '-[AppBundleTests.SpaceBrowserProfilesTest testNameValidationAndMissingBindingsCannotFallBackToShared]' started.
Test Case '-[AppBundleTests.SpaceBrowserProfilesTest testNameValidationAndMissingBindingsCannotFallBackToShared]' passed (0.000 seconds).
Test Case '-[AppBundleTests.SpaceBrowserProfilesTest testNewTabsUseRequestedSpaceProfileInsteadOfFocusedPageAccount]' started.
2026-10-06 17:37:32.741 xctest[74006:6486371] WinMux new tab: dispatch
2026-10-06 17:37:32.741 xctest[74006:6486371] WinMux new tab: dispatch
2026-10-06 17:37:32.741 xctest[74006:6486371] WinMux new tab: dispatch
Test Case '-[AppBundleTests.SpaceBrowserProfilesTest testNewTabsUseRequestedSpaceProfileInsteadOfFocusedPageAccount]' passed (0.001 seconds).
Test Suite 'SpaceBrowserProfilesTest' passed at 2026-10-06 17:37:32.742.
	 Executed 6 tests, with 0 failures (0 unexpected) in 0.011 (0.011) seconds
Test Suite 'SpacePinnedGroupTest' started at 2026-10-06 17:37:32.742.
Test Case '-[AppBundleTests.SpacePinnedGroupTest testClosedPinOrderAndMovingBetweenSpacesSurviveRoundTrip]' started.
Test Case '-[AppBundleTests.SpacePinnedGroupTest testClosedPinOrderAndMovingBetweenSpacesSurviveRoundTrip]' passed (0.001 seconds).
Test Case '-[AppBundleTests.SpacePinnedGroupTest testDifferentWindowsOfSameAppOwnIndependentDesktops]' started.
Test Case '-[AppBundleTests.SpacePinnedGroupTest testDifferentWindowsOfSameAppOwnIndependentDesktops]' passed (0.012 seconds).
Test Case '-[AppBundleTests.SpacePinnedGroupTest testEmptyPinnedGroupIsHiddenAndDoesNotChangeRegularNumbering]' started.
Test Case '-[AppBundleTests.SpacePinnedGroupTest testEmptyPinnedGroupIsHiddenAndDoesNotChangeRegularNumbering]' passed (0.015 seconds).
Test Case '-[AppBundleTests.SpacePinnedGroupTest testFirstPinnedGroupRemembersRegularGroupAlreadyActiveAtStartup]' started.
Test Case '-[AppBundleTests.SpacePinnedGroupTest testFirstPinnedGroupRemembersRegularGroupAlreadyActiveAtStartup]' passed (0.006 seconds).
Test Case '-[AppBundleTests.SpacePinnedGroupTest testLegacyPinsMigrateOncePerSpaceWithoutOpeningOrChangingOtherLayouts]' started.
Test Case '-[AppBundleTests.SpacePinnedGroupTest testLegacyPinsMigrateOncePerSpaceWithoutOpeningOrChangingOtherLayouts]' passed (0.001 seconds).
Test Case '-[AppBundleTests.SpacePinnedGroupTest testMissingAppRemainsVisibleAndCanBeUnpinnedWithoutLaunching]' started.
Test Case '-[AppBundleTests.SpacePinnedGroupTest testMissingAppRemainsVisibleAndCanBeUnpinnedWithoutLaunching]' passed (0.001 seconds).
Test Case '-[AppBundleTests.SpacePinnedGroupTest testNewTabsUseLastRegularGroupAndPinnedGroupCannotBeRenamedOrDeleted]' started.
2026-10-06 17:37:32.780 xctest[74006:6486371] WinMux new tab: dispatch
2026-10-06 17:37:32.780 xctest[74006:6486371] WinMux new tab: issued
Test Case '-[AppBundleTests.SpacePinnedGroupTest testNewTabsUseLastRegularGroupAndPinnedGroupCannotBeRenamedOrDeleted]' passed (0.002 seconds).
Test Case '-[AppBundleTests.SpacePinnedGroupTest testPinningDuringSidebarReadDoesNotLeaveDuplicateInRegularWorkspace]' started.
Test Case '-[AppBundleTests.SpacePinnedGroupTest testPinningDuringSidebarReadDoesNotLeaveDuplicateInRegularWorkspace]' passed (0.016 seconds).
Test Case '-[AppBundleTests.SpacePinnedGroupTest testPinWholeWorkspaceAndUnpinPreserveIdentityAndAllRoots]' started.
Test Case '-[AppBundleTests.SpacePinnedGroupTest testPinWholeWorkspaceAndUnpinPreserveIdentityAndAllRoots]' passed (0.010 seconds).
Test Suite 'SpacePinnedGroupTest' passed at 2026-10-06 17:37:32.807.
	 Executed 9 tests, with 0 failures (0 unexpected) in 0.064 (0.065) seconds
Test Suite 'SplitArgsTest' started at 2026-10-06 17:37:32.807.
Test Case '-[AppBundleTests.SplitArgsTest testSplit]' started.
Test Case '-[AppBundleTests.SplitArgsTest testSplit]' passed (0.000 seconds).
Test Suite 'SplitArgsTest' passed at 2026-10-06 17:37:32.807.
	 Executed 1 test, with 0 failures (0 unexpected) in 0.000 (0.000) seconds
Test Suite 'SplitCommandTest' started at 2026-10-06 17:37:32.807.
Test Case '-[AppBundleTests.SplitCommandTest testChangeOrientation]' started.
Test Case '-[AppBundleTests.SplitCommandTest testChangeOrientation]' passed (0.006 seconds).
Test Case '-[AppBundleTests.SplitCommandTest testSplitOppositeOrientation]' started.
Test Case '-[AppBundleTests.SplitCommandTest testSplitOppositeOrientation]' passed (0.012 seconds).
Test Case '-[AppBundleTests.SplitCommandTest testSplit]' started.
Test Case '-[AppBundleTests.SplitCommandTest testSplit]' passed (0.012 seconds).
Test Case '-[AppBundleTests.SplitCommandTest testToggleOrientation]' started.
Test Case '-[AppBundleTests.SplitCommandTest testToggleOrientation]' passed (0.006 seconds).
Test Suite 'SplitCommandTest' passed at 2026-10-06 17:37:32.843.
	 Executed 4 tests, with 0 failures (0 unexpected) in 0.036 (0.036) seconds
Test Suite 'StackWithCommandTest' started at 2026-10-06 17:37:32.843.
Test Case '-[AppBundleTests.StackWithCommandTest testStackWithLeftSplitsFocusedWindowOutOfTabGroup]' started.
Test Case '-[AppBundleTests.StackWithCommandTest testStackWithLeftSplitsFocusedWindowOutOfTabGroup]' passed (0.033 seconds).
Test Case '-[AppBundleTests.StackWithCommandTest testStackWithRightCreatesTabGroupContainer]' started.
Test Case '-[AppBundleTests.StackWithCommandTest testStackWithRightCreatesTabGroupContainer]' passed (0.019 seconds).
Test Suite 'StackWithCommandTest' passed at 2026-10-06 17:37:32.895.
	 Executed 2 tests, with 0 failures (0 unexpected) in 0.052 (0.052) seconds
Test Suite 'StringExTest' started at 2026-10-06 17:37:32.895.
Test Case '-[AppBundleTests.StringExTest testJoinTruncatingCountsFirstElementBeforeAppendingNextElement]' started.
Test Case '-[AppBundleTests.StringExTest testJoinTruncatingCountsFirstElementBeforeAppendingNextElement]' passed (0.000 seconds).
Test Case '-[AppBundleTests.StringExTest testJoinTruncatingTruncatesFirstElementWhenItExceedsLimit]' started.
Test Case '-[AppBundleTests.StringExTest testJoinTruncatingTruncatesFirstElementWhenItExceedsLimit]' passed (0.000 seconds).
Test Suite 'StringExTest' passed at 2026-10-06 17:37:32.896.
	 Executed 2 tests, with 0 failures (0 unexpected) in 0.000 (0.000) seconds
Test Suite 'SubscribeCmdArgsTest' started at 2026-10-06 17:37:32.896.
Test Case '-[AppBundleTests.SubscribeCmdArgsTest testParseAllFlag]' started.
Test Case '-[AppBundleTests.SubscribeCmdArgsTest testParseAllFlag]' passed (0.000 seconds).
Test Case '-[AppBundleTests.SubscribeCmdArgsTest testParseAllWithEventsConflict]' started.
Test Case '-[AppBundleTests.SubscribeCmdArgsTest testParseAllWithEventsConflict]' passed (0.000 seconds).
Test Case '-[AppBundleTests.SubscribeCmdArgsTest testParseDuplicateEvent]' started.
Test Case '-[AppBundleTests.SubscribeCmdArgsTest testParseDuplicateEvent]' passed (0.000 seconds).
Test Case '-[AppBundleTests.SubscribeCmdArgsTest testParseNoEvents]' started.
Test Case '-[AppBundleTests.SubscribeCmdArgsTest testParseNoEvents]' passed (0.000 seconds).
Test Case '-[AppBundleTests.SubscribeCmdArgsTest testParseUnknownEvent]' started.
Test Case '-[AppBundleTests.SubscribeCmdArgsTest testParseUnknownEvent]' passed (0.000 seconds).
Test Case '-[AppBundleTests.SubscribeCmdArgsTest testParseValidEvents]' started.
Test Case '-[AppBundleTests.SubscribeCmdArgsTest testParseValidEvents]' passed (0.000 seconds).
Test Suite 'SubscribeCmdArgsTest' passed at 2026-10-06 17:37:32.897.
	 Executed 6 tests, with 0 failures (0 unexpected) in 0.001 (0.001) seconds
Test Suite 'SummonWorkspaceCommandTest' started at 2026-10-06 17:37:32.897.
Test Case '-[AppBundleTests.SummonWorkspaceCommandTest testParse]' started.
Test Case '-[AppBundleTests.SummonWorkspaceCommandTest testParse]' passed (0.005 seconds).
Test Case '-[AppBundleTests.SummonWorkspaceCommandTest testSummonDoesNotCreateMissingWorkspace]' started.
Test Case '-[AppBundleTests.SummonWorkspaceCommandTest testSummonDoesNotCreateMissingWorkspace]' passed (0.000 seconds).
Test Case '-[AppBundleTests.SummonWorkspaceCommandTest testSummonIgnoresWorkspaceWithOnlyMacosHiddenWindows]' started.
Test Case '-[AppBundleTests.SummonWorkspaceCommandTest testSummonIgnoresWorkspaceWithOnlyMacosHiddenWindows]' passed (0.005 seconds).
Test Suite 'SummonWorkspaceCommandTest' passed at 2026-10-06 17:37:32.908.
	 Executed 3 tests, with 0 failures (0 unexpected) in 0.011 (0.011) seconds
Test Suite 'SurfaceCommandTest' started at 2026-10-06 17:37:32.908.
Test Case '-[AppBundleTests.SurfaceCommandTest testBrowserMonitorAndProjectMovesPreserveNativeSource]' started.
Test Case '-[AppBundleTests.SurfaceCommandTest testBrowserMonitorAndProjectMovesPreserveNativeSource]' passed (0.048 seconds).
Test Case '-[AppBundleTests.SurfaceCommandTest testCloseRoutesToBrowserAndExplicitNativeStillWorks]' started.
Test Case '-[AppBundleTests.SurfaceCommandTest testCloseRoutesToBrowserAndExplicitNativeStillWorks]' passed (0.044 seconds).
Test Case '-[AppBundleTests.SurfaceCommandTest testCrossWorkspaceRowDropMovesOwnerBeforeReordering]' started.
Test Case '-[AppBundleTests.SurfaceCommandTest testCrossWorkspaceRowDropMovesOwnerBeforeReordering]' passed (0.013 seconds).
Test Case '-[AppBundleTests.SurfaceCommandTest testDisconnectedOrOldProtocolOwnerPreventsPartialStructuralEdits]' started.
Test Case '-[AppBundleTests.SurfaceCommandTest testDisconnectedOrOldProtocolOwnerPreventsPartialStructuralEdits]' passed (0.012 seconds).
Test Case '-[AppBundleTests.SurfaceCommandTest testExistingLayoutShortcutUsesSharedTreeForBothOwnersAndExplicitNativeOverride]' started.
Test Case '-[AppBundleTests.SurfaceCommandTest testExistingLayoutShortcutUsesSharedTreeForBothOwnersAndExplicitNativeOverride]' passed (0.008 seconds).
Test Case '-[AppBundleTests.SurfaceCommandTest testExplicitNativeFloatingConversionKeepsBrowserSelection]' started.
Test Case '-[AppBundleTests.SurfaceCommandTest testExplicitNativeFloatingConversionKeepsBrowserSelection]' passed (0.022 seconds).
Test Case '-[AppBundleTests.SurfaceCommandTest testInvalidGroupTargetsAndBoundariesAreAtomic]' started.
Test Case '-[AppBundleTests.SurfaceCommandTest testInvalidGroupTargetsAndBoundariesAreAtomic]' passed (0.008 seconds).
Test Case '-[AppBundleTests.SurfaceCommandTest testListingAndUnavailableTypedIdentityNeverFallsBack]' started.
Test Case '-[AppBundleTests.SurfaceCommandTest testListingAndUnavailableTypedIdentityNeverFallsBack]' passed (0.012 seconds).
Test Case '-[AppBundleTests.SurfaceCommandTest testMoveWithoutFollowEnablesBothWorkspacesAndRetiresHiddenSelection]' started.
Test Case '-[AppBundleTests.SurfaceCommandTest testMoveWithoutFollowEnablesBothWorkspacesAndRetiresHiddenSelection]' passed (0.008 seconds).
Test Case '-[AppBundleTests.SurfaceCommandTest testNativeFloatingTogglePreservesMixedBrowserOwnersAndSourceFocus]' started.
Test Case '-[AppBundleTests.SurfaceCommandTest testNativeFloatingTogglePreservesMixedBrowserOwnersAndSourceFocus]' passed (0.028 seconds).
Test Case '-[AppBundleTests.SurfaceCommandTest testNativeSelectionAfterDisconnectRetiresBrowserTarget]' started.
Test Case '-[AppBundleTests.SurfaceCommandTest testNativeSelectionAfterDisconnectRetiresBrowserTarget]' passed (0.015 seconds).
Test Case '-[AppBundleTests.SurfaceCommandTest testParserRejectsMissingOrExtraOperands]' started.
Test Case '-[AppBundleTests.SurfaceCommandTest testParserRejectsMissingOrExtraOperands]' passed (0.007 seconds).
Test Case '-[AppBundleTests.SurfaceCommandTest testPinCommandCreatesDedicatedDesktopAndUnpinRetainsItsLayout]' started.
Test Case '-[AppBundleTests.SurfaceCommandTest testPinCommandCreatesDedicatedDesktopAndUnpinRetainsItsLayout]' passed (0.007 seconds).
Test Case '-[AppBundleTests.SurfaceCommandTest testPinCommandKeepsExplicitGroupAndExcludesOtherRoots]' started.
Test Case '-[AppBundleTests.SurfaceCommandTest testPinCommandKeepsExplicitGroupAndExcludesOtherRoots]' passed (0.013 seconds).
Test Case '-[AppBundleTests.SurfaceCommandTest testResizeBrowserSelectionChangesSharedAllocation]' started.
Test Case '-[AppBundleTests.SurfaceCommandTest testResizeBrowserSelectionChangesSharedAllocation]' passed (0.012 seconds).
Test Case '-[AppBundleTests.SurfaceCommandTest testSharedGroupLayoutReorderAndUngroupPreserveOwnersAndSelection]' started.
Test Case '-[AppBundleTests.SurfaceCommandTest testSharedGroupLayoutReorderAndUngroupPreserveOwnersAndSelection]' passed (0.007 seconds).
Test Case '-[AppBundleTests.SurfaceCommandTest testSocketListingPreservesBrowserSelectionWithoutLayoutOrDiscovery]' started.
Test Case '-[AppBundleTests.SurfaceCommandTest testSocketListingPreservesBrowserSelectionWithoutLayoutOrDiscovery]' passed (0.007 seconds).
Test Case '-[AppBundleTests.SurfaceCommandTest testTypedNativeMoveUpdatesSharedPlacement]' started.
Test Case '-[AppBundleTests.SurfaceCommandTest testTypedNativeMoveUpdatesSharedPlacement]' passed (0.014 seconds).
Test Case '-[AppBundleTests.SurfaceCommandTest testUnsupportedLegacyActionsNeverTargetPriorNativeWindow]' started.
Test Case '-[AppBundleTests.SurfaceCommandTest testUnsupportedLegacyActionsNeverTargetPriorNativeWindow]' passed (0.020 seconds).
Test Suite 'SurfaceCommandTest' passed at 2026-10-06 17:37:33.217.
	 Executed 19 tests, with 0 failures (0 unexpected) in 0.307 (0.309) seconds
Test Suite 'SurfaceSidebarInteractionTest' started at 2026-10-06 17:37:33.217.
Test Case '-[AppBundleTests.SurfaceSidebarInteractionTest testMoveMenusKeepNativeAndBrowserOwnerIdentitiesAndTargetScope]' started.
Test Case '-[AppBundleTests.SurfaceSidebarInteractionTest testMoveMenusKeepNativeAndBrowserOwnerIdentitiesAndTargetScope]' passed (0.005 seconds).
Test Case '-[AppBundleTests.SurfaceSidebarInteractionTest testSearchFilteredStackRetainsFullCountIconsAndSavedRepresentative]' started.
Test Case '-[AppBundleTests.SurfaceSidebarInteractionTest testSearchFilteredStackRetainsFullCountIconsAndSavedRepresentative]' passed (0.001 seconds).
Test Case '-[AppBundleTests.SurfaceSidebarInteractionTest testSharedActivationHonorsEditingDragAndOtherDisplayGuards]' started.
Test Case '-[AppBundleTests.SurfaceSidebarInteractionTest testSharedActivationHonorsEditingDragAndOtherDisplayGuards]' passed (0.000 seconds).
Test Case '-[AppBundleTests.SurfaceSidebarInteractionTest testSharedStackIconMetadataPreservesNestedOwnerOrder]' started.
Test Case '-[AppBundleTests.SurfaceSidebarInteractionTest testSharedStackIconMetadataPreservesNestedOwnerOrder]' passed (0.000 seconds).
Test Case '-[AppBundleTests.SurfaceSidebarInteractionTest testStackMenuMovesWholeSubtreeRatherThanItsRepresentative]' started.
Test Case '-[AppBundleTests.SurfaceSidebarInteractionTest testStackMenuMovesWholeSubtreeRatherThanItsRepresentative]' passed (0.000 seconds).
Test Suite 'SurfaceSidebarInteractionTest' passed at 2026-10-06 17:37:33.225.
	 Executed 5 tests, with 0 failures (0 unexpected) in 0.007 (0.008) seconds
Test Suite 'SwapCommandTest' started at 2026-10-06 17:37:33.225.
Test Case '-[AppBundleTests.SwapCommandTest testSwap_DfsRelativeWrapping]' started.
Test Case '-[AppBundleTests.SwapCommandTest testSwap_DfsRelativeWrapping]' passed (0.029 seconds).
Test Case '-[AppBundleTests.SwapCommandTest testSwap_DirectionalWrapping]' started.
Test Case '-[AppBundleTests.SwapCommandTest testSwap_DirectionalWrapping]' passed (0.034 seconds).
Test Case '-[AppBundleTests.SwapCommandTest testSwap_SwapFocus]' started.
Test Case '-[AppBundleTests.SwapCommandTest testSwap_SwapFocus]' passed (0.019 seconds).
Test Case '-[AppBundleTests.SwapCommandTest testSwap_swapWindows_DfsRelative]' started.
Test Case '-[AppBundleTests.SwapCommandTest testSwap_swapWindows_DfsRelative]' passed (0.061 seconds).
Test Case '-[AppBundleTests.SwapCommandTest testSwap_swapWindows_Directional]' started.
Test Case '-[AppBundleTests.SwapCommandTest testSwap_swapWindows_Directional]' passed (0.061 seconds).
Test Suite 'SwapCommandTest' passed at 2026-10-06 17:37:33.430.
	 Executed 5 tests, with 0 failures (0 unexpected) in 0.204 (0.205) seconds
Test Suite 'SwitcherPaletteTest' started at 2026-10-06 17:37:33.430.
Test Case '-[AppBundleTests.SwitcherPaletteTest testColdPaletteItemFetchesWindowTitleBeforeIndexing]' started.
Test Case '-[AppBundleTests.SwitcherPaletteTest testColdPaletteItemFetchesWindowTitleBeforeIndexing]' passed (0.006 seconds).
Test Case '-[AppBundleTests.SwitcherPaletteTest testEmptyQueryKeepsOriginalOrder]' started.
Test Case '-[AppBundleTests.SwitcherPaletteTest testEmptyQueryKeepsOriginalOrder]' passed (0.000 seconds).
Test Case '-[AppBundleTests.SwitcherPaletteTest testFinderFolderTitleIsSearchable]' started.
Test Case '-[AppBundleTests.SwitcherPaletteTest testFinderFolderTitleIsSearchable]' passed (0.000 seconds).
Test Case '-[AppBundleTests.SwitcherPaletteTest testFuzzyScoreRejectsNonSubsequence]' started.
Test Case '-[AppBundleTests.SwitcherPaletteTest testFuzzyScoreRejectsNonSubsequence]' passed (0.000 seconds).
Test Case '-[AppBundleTests.SwitcherPaletteTest testNonMatchingItemsAreDropped]' started.
Test Case '-[AppBundleTests.SwitcherPaletteTest testNonMatchingItemsAreDropped]' passed (0.000 seconds).
Test Case '-[AppBundleTests.SwitcherPaletteTest testSubsequenceMatchesAcrossFields]' started.
Test Case '-[AppBundleTests.SwitcherPaletteTest testSubsequenceMatchesAcrossFields]' passed (0.000 seconds).
Test Case '-[AppBundleTests.SwitcherPaletteTest testWordStartAndConsecutiveMatchesRankAboveScattered]' started.
Test Case '-[AppBundleTests.SwitcherPaletteTest testWordStartAndConsecutiveMatchesRankAboveScattered]' passed (0.000 seconds).
Test Suite 'SwitcherPaletteTest' passed at 2026-10-06 17:37:33.436.
	 Executed 7 tests, with 0 failures (0 unexpected) in 0.006 (0.007) seconds
Test Suite 'TrackpadNavigationConfigTest' started at 2026-10-06 17:37:33.437.
Test Case '-[AppBundleTests.TrackpadNavigationConfigTest testConfigCommandReportsBooleanValues]' started.
Test Case '-[AppBundleTests.TrackpadNavigationConfigTest testConfigCommandReportsBooleanValues]' passed (0.000 seconds).
Test Case '-[AppBundleTests.TrackpadNavigationConfigTest testDefaultsAndTOMLRoundTrip]' started.
Test Case '-[AppBundleTests.TrackpadNavigationConfigTest testDefaultsAndTOMLRoundTrip]' passed (0.000 seconds).
Test Case '-[AppBundleTests.TrackpadNavigationConfigTest testRejectsWrongTypesAndUnknownKeys]' started.
Test Case '-[AppBundleTests.TrackpadNavigationConfigTest testRejectsWrongTypesAndUnknownKeys]' passed (0.000 seconds).
Test Case '-[AppBundleTests.TrackpadNavigationConfigTest testSettingsEditsPreserveExistingConfiguration]' started.
Test Case '-[AppBundleTests.TrackpadNavigationConfigTest testSettingsEditsPreserveExistingConfiguration]' passed (0.000 seconds).
Test Suite 'TrackpadNavigationConfigTest' passed at 2026-10-06 17:37:33.438.
	 Executed 4 tests, with 0 failures (0 unexpected) in 0.001 (0.001) seconds
Test Suite 'TrackpadNavigationTest' started at 2026-10-06 17:37:33.438.
Test Case '-[AppBundleTests.TrackpadNavigationTest testBackendFailureAndUnavailableDeviceStatus]' started.
Test Case '-[AppBundleTests.TrackpadNavigationTest testBackendFailureAndUnavailableDeviceStatus]' passed (0.034 seconds).
Test Case '-[AppBundleTests.TrackpadNavigationTest testBurstAdvancesEveryTabInOrderWithoutWaitingForNativeFocus]' started.
Test Case '-[AppBundleTests.TrackpadNavigationTest testBurstAdvancesEveryTabInOrderWithoutWaitingForNativeFocus]' passed (0.026 seconds).
Test Case '-[AppBundleTests.TrackpadNavigationTest testCancellationFrontmostAppMismatchAndOldEventsNeverNavigate]' started.
Test Case '-[AppBundleTests.TrackpadNavigationTest testCancellationFrontmostAppMismatchAndOldEventsNeverNavigate]' passed (0.104 seconds).
Test Case '-[AppBundleTests.TrackpadNavigationTest testCrossAppBurstToleratesOwnActivationNotificationsAndLateNativeFocus]' started.
Test Case '-[AppBundleTests.TrackpadNavigationTest testCrossAppBurstToleratesOwnActivationNotificationsAndLateNativeFocus]' passed (0.057 seconds).
Test Case '-[AppBundleTests.TrackpadNavigationTest testFocusOrGroupChangeMidSwipeDoesNotNavigate]' started.
Test Case '-[AppBundleTests.TrackpadNavigationTest testFocusOrGroupChangeMidSwipeDoesNotNavigate]' passed (0.081 seconds).
Test Case '-[AppBundleTests.TrackpadNavigationTest testLifecycleAndStaleCallbacks]' started.
Test Case '-[AppBundleTests.TrackpadNavigationTest testLifecycleAndStaleCallbacks]' passed (0.056 seconds).
Test Case '-[AppBundleTests.TrackpadNavigationTest testNoTargetOutsideGroupOrWithSingleTab]' started.
Test Case '-[AppBundleTests.TrackpadNavigationTest testNoTargetOutsideGroupOrWithSingleTab]' passed (0.006 seconds).
Test Case '-[AppBundleTests.TrackpadNavigationTest testSidebarSuppressesOnlyOwnedSequenceIncludingMomentum]' started.
Test Case '-[AppBundleTests.TrackpadNavigationTest testSidebarSuppressesOnlyOwnedSequenceIncludingMomentum]' passed (0.006 seconds).
Test Case '-[AppBundleTests.TrackpadNavigationTest testTargetRejectsFocusAndMembershipChanges]' started.
Test Case '-[AppBundleTests.TrackpadNavigationTest testTargetRejectsFocusAndMembershipChanges]' passed (0.001 seconds).
Test Case '-[AppBundleTests.TrackpadNavigationTest testTargetUsesTabOrderWrappingAndReverseDirection]' started.
Test Case '-[AppBundleTests.TrackpadNavigationTest testTargetUsesTabOrderWrappingAndReverseDirection]' passed (0.006 seconds).
Test Case '-[AppBundleTests.TrackpadNavigationTest testUnrelatedAppActivationAndExplicitInputCancelPendingSwipe]' started.
Test Case '-[AppBundleTests.TrackpadNavigationTest testUnrelatedAppActivationAndExplicitInputCancelPendingSwipe]' passed (0.105 seconds).
Test Suite 'TrackpadNavigationTest' passed at 2026-10-06 17:37:33.921.
	 Executed 11 tests, with 0 failures (0 unexpected) in 0.482 (0.483) seconds
Test Suite 'TrackpadSwipeRecognizerTest' started at 2026-10-06 17:37:33.921.
Test Case '-[AppBundleTests.TrackpadSwipeRecognizerTest testAllowsStaggeredLandingWithoutPriorScroll]' started.
Test Case '-[AppBundleTests.TrackpadSwipeRecognizerTest testAllowsStaggeredLandingWithoutPriorScroll]' passed (0.000 seconds).
Test Case '-[AppBundleTests.TrackpadSwipeRecognizerTest testContactReplacementAndButtonPressCancelUntilRelease]' started.
Test Case '-[AppBundleTests.TrackpadSwipeRecognizerTest testContactReplacementAndButtonPressCancelUntilRelease]' passed (0.000 seconds).
Test Case '-[AppBundleTests.TrackpadSwipeRecognizerTest testFastFlickCommitsBeforeReleaseWithoutDwell]' started.
Test Case '-[AppBundleTests.TrackpadSwipeRecognizerTest testFastFlickCommitsBeforeReleaseWithoutDwell]' passed (0.000 seconds).
Test Case '-[AppBundleTests.TrackpadSwipeRecognizerTest testOverlappingDevicesCancelBothSequences]' started.
Test Case '-[AppBundleTests.TrackpadSwipeRecognizerTest testOverlappingDevicesCancelBothSequences]' passed (0.000 seconds).
Test Case '-[AppBundleTests.TrackpadSwipeRecognizerTest testPartialLiftBeforeCommitCancels]' started.
Test Case '-[AppBundleTests.TrackpadSwipeRecognizerTest testPartialLiftBeforeCommitCancels]' passed (0.000 seconds).
Test Case '-[AppBundleTests.TrackpadSwipeRecognizerTest testRapidFlicksRearmImmediatelyAndAllowReversal]' started.
Test Case '-[AppBundleTests.TrackpadSwipeRecognizerTest testRapidFlicksRearmImmediatelyAndAllowReversal]' passed (0.001 seconds).
Test Case '-[AppBundleTests.TrackpadSwipeRecognizerTest testRejectsShortMotion]' started.
Test Case '-[AppBundleTests.TrackpadSwipeRecognizerTest testRejectsShortMotion]' passed (0.000 seconds).
Test Case '-[AppBundleTests.TrackpadSwipeRecognizerTest testSmallJitterDoesNotBecomeSwipe]' started.
Test Case '-[AppBundleTests.TrackpadSwipeRecognizerTest testSmallJitterDoesNotBecomeSwipe]' passed (0.000 seconds).
Test Case '-[AppBundleTests.TrackpadSwipeRecognizerTest testStaleOutOfOrderAndInvalidFramesCancel]' started.
Test Case '-[AppBundleTests.TrackpadSwipeRecognizerTest testStaleOutOfOrderAndInvalidFramesCancel]' passed (0.000 seconds).
Test Case '-[AppBundleTests.TrackpadSwipeRecognizerTest testSwitchesAtThresholdAndOnlyOnceUntilFullRelease]' started.
Test Case '-[AppBundleTests.TrackpadSwipeRecognizerTest testSwitchesAtThresholdAndOnlyOnceUntilFullRelease]' passed (0.000 seconds).
Test Case '-[AppBundleTests.TrackpadSwipeRecognizerTest testTwoFingerScrollAndFourFingerGesturesNeverCommit]' started.
Test Case '-[AppBundleTests.TrackpadSwipeRecognizerTest testTwoFingerScrollAndFourFingerGesturesNeverCommit]' passed (0.000 seconds).
Test Case '-[AppBundleTests.TrackpadSwipeRecognizerTest testVerticalAndDiagonalGesturesCannotLaterBecomeHorizontal]' started.
Test Case '-[AppBundleTests.TrackpadSwipeRecognizerTest testVerticalAndDiagonalGesturesCannotLaterBecomeHorizontal]' passed (0.000 seconds).
Test Case '-[AppBundleTests.TrackpadSwipeRecognizerTest testWatchdogExpiryAndLongGestureNeverRearmWithoutRelease]' started.
Test Case '-[AppBundleTests.TrackpadSwipeRecognizerTest testWatchdogExpiryAndLongGestureNeverRearmWithoutRelease]' passed (0.000 seconds).
Test Suite 'TrackpadSwipeRecognizerTest' passed at 2026-10-06 17:37:33.925.
	 Executed 13 tests, with 0 failures (0 unexpected) in 0.003 (0.003) seconds
Test Suite 'TrayMenuModelSetIfChangedTest' started at 2026-10-06 17:37:33.925.
Test Case '-[AppBundleTests.TrayMenuModelSetIfChangedTest testSetIfChangedPublishesOnlyOnRealChanges]' started.
Test Case '-[AppBundleTests.TrayMenuModelSetIfChangedTest testSetIfChangedPublishesOnlyOnRealChanges]' passed (0.000 seconds).
Test Suite 'TrayMenuModelSetIfChangedTest' passed at 2026-10-06 17:37:33.925.
	 Executed 1 test, with 0 failures (0 unexpected) in 0.000 (0.000) seconds
Test Suite 'TreeNodeTest' started at 2026-10-06 17:37:33.925.
Test Case '-[AppBundleTests.TreeNodeTest testCancelManipulatedWithMouseStateClearsDragTracking]' started.
Test Case '-[AppBundleTests.TreeNodeTest testCancelManipulatedWithMouseStateClearsDragTracking]' passed (0.005 seconds).
Test Case '-[AppBundleTests.TreeNodeTest testChildParentCyclicReferenceMemoryLeak]' started.
Test Case '-[AppBundleTests.TreeNodeTest testChildParentCyclicReferenceMemoryLeak]' passed (0.008 seconds).
Test Case '-[AppBundleTests.TreeNodeTest testExitMacOsNativeUnconventionalStateRestoresWindowToPreviousWorkspaceWhileWorkspaceStaysAlive]' started.
Test Case '-[AppBundleTests.TreeNodeTest testExitMacOsNativeUnconventionalStateRestoresWindowToPreviousWorkspaceWhileWorkspaceStaysAlive]' passed (0.011 seconds).
Test Case '-[AppBundleTests.TreeNodeTest testFocusedEmptyWorkspaceRemainsNativeAfterMaintenance]' started.
Test Case '-[AppBundleTests.TreeNodeTest testFocusedEmptyWorkspaceRemainsNativeAfterMaintenance]' passed (0.006 seconds).
Test Case '-[AppBundleTests.TreeNodeTest testFrozenFocusFallsBackToWorkspaceFocusWhenWindowStopsParticipatingInWorkspaceFocus]' started.
Test Case '-[AppBundleTests.TreeNodeTest testFrozenFocusFallsBackToWorkspaceFocusWhenWindowStopsParticipatingInWorkspaceFocus]' passed (0.001 seconds).
Test Case '-[AppBundleTests.TreeNodeTest testIsEffectivelyEmpty]' started.
Test Case '-[AppBundleTests.TreeNodeTest testIsEffectivelyEmpty]' passed (0.013 seconds).
Test Case '-[AppBundleTests.TreeNodeTest testNewRegularWindowsFloatWhenAutomaticTilingIsDisabled]' started.
Test Case '-[AppBundleTests.TreeNodeTest testNewRegularWindowsFloatWhenAutomaticTilingIsDisabled]' passed (0.008 seconds).
Test Case '-[AppBundleTests.TreeNodeTest testNewRegularWindowsTileByDefault]' started.
Test Case '-[AppBundleTests.TreeNodeTest testNewRegularWindowsTileByDefault]' passed (0.009 seconds).
Test Case '-[AppBundleTests.TreeNodeTest testNextSidebarDraftWorkspaceNameClearsStalePersistedDraftLabelBeforeReuse]' started.
Test Case '-[AppBundleTests.TreeNodeTest testNextSidebarDraftWorkspaceNameClearsStalePersistedDraftLabelBeforeReuse]' passed (0.005 seconds).
Test Case '-[AppBundleTests.TreeNodeTest testNextSidebarDraftWorkspaceNameReusesCollectedDraftName]' started.
Test Case '-[AppBundleTests.TreeNodeTest testNextSidebarDraftWorkspaceNameReusesCollectedDraftName]' passed (0.001 seconds).
Test Case '-[AppBundleTests.TreeNodeTest testNextSidebarDraftWorkspaceNameReusesLowestAvailableGap]' started.
Test Case '-[AppBundleTests.TreeNodeTest testNextSidebarDraftWorkspaceNameReusesLowestAvailableGap]' passed (0.000 seconds).
Test Case '-[AppBundleTests.TreeNodeTest testNormalizeContainers_dontRemoveRoot]' started.
Test Case '-[AppBundleTests.TreeNodeTest testNormalizeContainers_dontRemoveRoot]' passed (0.000 seconds).
Test Case '-[AppBundleTests.TreeNodeTest testNormalizeContainers_flattenContainers]' started.
Test Case '-[AppBundleTests.TreeNodeTest testNormalizeContainers_flattenContainers]' passed (0.011 seconds).
Test Case '-[AppBundleTests.TreeNodeTest testNormalizeContainers_removeEffectivelyEmpty]' started.
Test Case '-[AppBundleTests.TreeNodeTest testNormalizeContainers_removeEffectivelyEmpty]' passed (0.012 seconds).
Test Case '-[AppBundleTests.TreeNodeTest testNormalizeContainers_singleWindowChild]' started.
Test Case '-[AppBundleTests.TreeNodeTest testNormalizeContainers_singleWindowChild]' passed (0.013 seconds).
Test Case '-[AppBundleTests.TreeNodeTest testPersistedFrozenWorldCodableRoundTrip]' started.
Test Case '-[AppBundleTests.TreeNodeTest testPersistedFrozenWorldCodableRoundTrip]' passed (0.006 seconds).
Test Case '-[AppBundleTests.TreeNodeTest testReconcileWorkspaceStateClearsCollectedDraftWorkspaceLabel]' started.
Test Case '-[AppBundleTests.TreeNodeTest testReconcileWorkspaceStateClearsCollectedDraftWorkspaceLabel]' passed (0.006 seconds).
Test Case '-[AppBundleTests.TreeNodeTest testReconcileWorkspaceStateClearsCollectedWorkspaceLabel]' started.
Test Case '-[AppBundleTests.TreeNodeTest testReconcileWorkspaceStateClearsCollectedWorkspaceLabel]' passed (0.001 seconds).
Test Case '-[AppBundleTests.TreeNodeTest testReconcileWorkspaceStateClearsOrphanedDraftWorkspaceLabel]' started.
Test Case '-[AppBundleTests.TreeNodeTest testReconcileWorkspaceStateClearsOrphanedDraftWorkspaceLabel]' passed (0.000 seconds).
Test Case '-[AppBundleTests.TreeNodeTest testReconcileWorkspaceStateClearsOrphanedWorkspaceLabel]' started.
Test Case '-[AppBundleTests.TreeNodeTest testReconcileWorkspaceStateClearsOrphanedWorkspaceLabel]' passed (0.000 seconds).
Test Case '-[AppBundleTests.TreeNodeTest testReconcileWorkspaceStateDeletesUnfocusedEmptyWorkspaceAfterLeavingIt]' started.
Test Case '-[AppBundleTests.TreeNodeTest testReconcileWorkspaceStateDeletesUnfocusedEmptyWorkspaceAfterLeavingIt]' passed (0.001 seconds).
Test Case '-[AppBundleTests.TreeNodeTest testReconcileWorkspaceStateDeletesWorkspaceWithOnlyDetachedMinimizedWindow]' started.
Test Case '-[AppBundleTests.TreeNodeTest testReconcileWorkspaceStateDeletesWorkspaceWithOnlyDetachedMinimizedWindow]' passed (0.008 seconds).
Test Case '-[AppBundleTests.TreeNodeTest testReconcileWorkspaceStateKeepsFocusedEmptyWorkspaceWhenNotFresh]' started.
Test Case '-[AppBundleTests.TreeNodeTest testReconcileWorkspaceStateKeepsFocusedEmptyWorkspaceWhenNotFresh]' passed (0.001 seconds).
Test Case '-[AppBundleTests.TreeNodeTest testReconcileWorkspaceStateKeepsFocusedSidebarWorkspaceAfterLastWindowCloses]' started.
Test Case '-[AppBundleTests.TreeNodeTest testReconcileWorkspaceStateKeepsFocusedSidebarWorkspaceAfterLastWindowCloses]' passed (0.008 seconds).
Test Case '-[AppBundleTests.TreeNodeTest testReconcileWorkspaceStateKeepsFocusedSidebarWorkspaceAfterLastWindowMinimizes]' started.
Test Case '-[AppBundleTests.TreeNodeTest testReconcileWorkspaceStateKeepsFocusedSidebarWorkspaceAfterLastWindowMinimizes]' passed (0.009 seconds).
Test Case '-[AppBundleTests.TreeNodeTest testReconcileWorkspaceStateKeepsFreshFocusedEmptyWorkspace]' started.
Test Case '-[AppBundleTests.TreeNodeTest testReconcileWorkspaceStateKeepsFreshFocusedEmptyWorkspace]' passed (0.010 seconds).
Test Case '-[AppBundleTests.TreeNodeTest testReconcileWorkspaceStateKeepsOnlyEmptyWorkspaceInProject]' started.
Test Case '-[AppBundleTests.TreeNodeTest testReconcileWorkspaceStateKeepsOnlyEmptyWorkspaceInProject]' passed (0.001 seconds).
Test Case '-[AppBundleTests.TreeNodeTest testReconcileWorkspaceStateKeepsPersistentEmptyWorkspace]' started.
Test Case '-[AppBundleTests.TreeNodeTest testReconcileWorkspaceStateKeepsPersistentEmptyWorkspace]' passed (0.001 seconds).
Test Case '-[AppBundleTests.TreeNodeTest testRememberMacOsLayoutOriginCanDetachFromWorkspace]' started.
Test Case '-[AppBundleTests.TreeNodeTest testRememberMacOsLayoutOriginCanDetachFromWorkspace]' passed (0.000 seconds).
Test Case '-[AppBundleTests.TreeNodeTest testRememberMacOsLayoutOriginCapturesCurrentWorkspace]' started.
Test Case '-[AppBundleTests.TreeNodeTest testRememberMacOsLayoutOriginCapturesCurrentWorkspace]' passed (0.006 seconds).
Test Case '-[AppBundleTests.TreeNodeTest testRestorableWorkspacesExcludeEmptyWorkspace]' started.
Test Case '-[AppBundleTests.TreeNodeTest testRestorableWorkspacesExcludeEmptyWorkspace]' passed (0.006 seconds).
Test Case '-[AppBundleTests.TreeNodeTest testRestoredMinimizedWindowUsesCurrentWorkspaceWhenOriginalWorkspaceWasCollected]' started.
Test Case '-[AppBundleTests.TreeNodeTest testRestoredMinimizedWindowUsesCurrentWorkspaceWhenOriginalWorkspaceWasCollected]' passed (0.020 seconds).
Test Case '-[AppBundleTests.TreeNodeTest testRestoreFrozenWorldIfNeededKeepsStillMinimizedWindowInMinimizedContainer]' started.
Test Case '-[AppBundleTests.TreeNodeTest testRestoreFrozenWorldIfNeededKeepsStillMinimizedWindowInMinimizedContainer]' passed (0.015 seconds).
Test Case '-[AppBundleTests.TreeNodeTest testRestoreFrozenWorldIfNeededRestoresWindowFullscreenState]' started.
Test Case '-[AppBundleTests.TreeNodeTest testRestoreFrozenWorldIfNeededRestoresWindowFullscreenState]' passed (0.025 seconds).
Test Case '-[AppBundleTests.TreeNodeTest testRestoreFrozenWorldIfNeededRetilesRestoredMinimizedWindowAfterNativeUnminimize]' started.
Test Case '-[AppBundleTests.TreeNodeTest testRestoreFrozenWorldIfNeededRetilesRestoredMinimizedWindowAfterNativeUnminimize]' passed (0.019 seconds).
Test Case '-[AppBundleTests.TreeNodeTest testRestoreFrozenWorldIfNeededUsesNativeFallbackWorkspaceForMissingVisibleWorkspace]' started.
Test Case '-[AppBundleTests.TreeNodeTest testRestoreFrozenWorldIfNeededUsesNativeFallbackWorkspaceForMissingVisibleWorkspace]' passed (0.021 seconds).
Test Case '-[AppBundleTests.TreeNodeTest testShouldShowWorkspaceInSidebarIncludesPersistentEmptyWorkspace]' started.
Test Case '-[AppBundleTests.TreeNodeTest testShouldShowWorkspaceInSidebarIncludesPersistentEmptyWorkspace]' passed (0.005 seconds).
Test Case '-[AppBundleTests.TreeNodeTest testSnapshotCurrentFrozenWorldExcludesDetachedMinimizedWindow]' started.
Test Case '-[AppBundleTests.TreeNodeTest testSnapshotCurrentFrozenWorldExcludesDetachedMinimizedWindow]' passed (0.008 seconds).
Test Case '-[AppBundleTests.TreeNodeTest testTransientBlankWorkspaceKeepsStableIdentityWhileEmpty]' started.
Test Case '-[AppBundleTests.TreeNodeTest testTransientBlankWorkspaceKeepsStableIdentityWhileEmpty]' passed (0.010 seconds).
Test Case '-[AppBundleTests.TreeNodeTest testUserFacingWorkspacesExcludeUnretainedFocusedEmptyWorkspace]' started.
Test Case '-[AppBundleTests.TreeNodeTest testUserFacingWorkspacesExcludeUnretainedFocusedEmptyWorkspace]' passed (0.001 seconds).
Test Case '-[AppBundleTests.TreeNodeTest testUserFacingWorkspacesExcludeUnretainedSidebarManagedEmptyWorkspace]' started.
Test Case '-[AppBundleTests.TreeNodeTest testUserFacingWorkspacesExcludeUnretainedSidebarManagedEmptyWorkspace]' passed (0.015 seconds).
Test Case '-[AppBundleTests.TreeNodeTest testUserFacingWorkspacesExcludeWorkspaceWithOnlyMacosFullscreenWindows]' started.
Test Case '-[AppBundleTests.TreeNodeTest testUserFacingWorkspacesExcludeWorkspaceWithOnlyMacosFullscreenWindows]' passed (0.010 seconds).
Test Case '-[AppBundleTests.TreeNodeTest testUserFacingWorkspacesExcludeWorkspaceWithOnlyMacosHiddenWindows]' started.
Test Case '-[AppBundleTests.TreeNodeTest testUserFacingWorkspacesExcludeWorkspaceWithOnlyMacosHiddenWindows]' passed (0.019 seconds).
Test Case '-[AppBundleTests.TreeNodeTest testUserFacingWorkspacesIncludePersistentEmptyWorkspace]' started.
Test Case '-[AppBundleTests.TreeNodeTest testUserFacingWorkspacesIncludePersistentEmptyWorkspace]' passed (0.019 seconds).
Test Case '-[AppBundleTests.TreeNodeTest testWorkspaceDisplayNameUsesSidebarDraftFallback]' started.
Test Case '-[AppBundleTests.TreeNodeTest testWorkspaceDisplayNameUsesSidebarDraftFallback]' passed (0.010 seconds).
Test Case '-[AppBundleTests.TreeNodeTest testWorkspaceToLiveFocusSkipsMacosUnconventionalWindows]' started.
Test Case '-[AppBundleTests.TreeNodeTest testWorkspaceToLiveFocusSkipsMacosUnconventionalWindows]' passed (0.001 seconds).
Test Case '-[AppBundleTests.TreeNodeTest testZeroGapsEliminateBordersBetweenSidebarAndTiledWindows]' started.
Test Case '-[AppBundleTests.TreeNodeTest testZeroGapsEliminateBordersBetweenSidebarAndTiledWindows]' passed (0.015 seconds).
Test Suite 'TreeNodeTest' passed at 2026-10-06 17:37:34.307.
	 Executed 47 tests, with 0 failures (0 unexpected) in 0.378 (0.382) seconds
Test Suite 'WindowDropIntentResolverTest' started at 2026-10-06 17:37:34.307.
Test Case '-[AppBundleTests.WindowDropIntentResolverTest testActivePreviewRectUsesActiveZoneFrame]' started.
Test Case '-[AppBundleTests.WindowDropIntentResolverTest testActivePreviewRectUsesActiveZoneFrame]' passed (0.000 seconds).
Test Case '-[AppBundleTests.WindowDropIntentResolverTest testRejectsSourceAsTargetAndOutsidePointer]' started.
Test Case '-[AppBundleTests.WindowDropIntentResolverTest testRejectsSourceAsTargetAndOutsidePointer]' passed (0.000 seconds).
Test Case '-[AppBundleTests.WindowDropIntentResolverTest testResolvesBodyZones]' started.
Test Case '-[AppBundleTests.WindowDropIntentResolverTest testResolvesBodyZones]' passed (0.000 seconds).
Test Case '-[AppBundleTests.WindowDropIntentResolverTest testResolvesTopBandAsTabZone]' started.
Test Case '-[AppBundleTests.WindowDropIntentResolverTest testResolvesTopBandAsTabZone]' passed (0.000 seconds).
Test Suite 'WindowDropIntentResolverTest' passed at 2026-10-06 17:37:34.308.
	 Executed 4 tests, with 0 failures (0 unexpected) in 0.001 (0.001) seconds
Test Suite 'WindowFrameUpdateTest' started at 2026-10-06 17:37:34.308.
Test Case '-[AppBundleTests.WindowFrameUpdateTest testCancellationAfterResizeDoesNotApplyStalePosition]' started.
Test Case '-[AppBundleTests.WindowFrameUpdateTest testCancellationAfterResizeDoesNotApplyStalePosition]' passed (0.000 seconds).
Test Case '-[AppBundleTests.WindowFrameUpdateTest testMatchingFrameDoesNotWriteOrDisableAnimations]' started.
Test Case '-[AppBundleTests.WindowFrameUpdateTest testMatchingFrameDoesNotWriteOrDisableAnimations]' passed (0.000 seconds).
Test Case '-[AppBundleTests.WindowFrameUpdateTest testMonitorMoveCorrectsClampedSize]' started.
Test Case '-[AppBundleTests.WindowFrameUpdateTest testMonitorMoveCorrectsClampedSize]' passed (0.000 seconds).
Test Case '-[AppBundleTests.WindowFrameUpdateTest testPositionChangeDoesNotRewriteMatchingSize]' started.
Test Case '-[AppBundleTests.WindowFrameUpdateTest testPositionChangeDoesNotRewriteMatchingSize]' passed (0.000 seconds).
Test Case '-[AppBundleTests.WindowFrameUpdateTest testResizeDoesNotWritePositionUnlessResizeMovedIt]' started.
Test Case '-[AppBundleTests.WindowFrameUpdateTest testResizeDoesNotWritePositionUnlessResizeMovedIt]' passed (0.000 seconds).
Test Suite 'WindowFrameUpdateTest' passed at 2026-10-06 17:37:34.309.
	 Executed 5 tests, with 0 failures (0 unexpected) in 0.001 (0.001) seconds
Test Suite 'WindowLifecycleRefreshTest' started at 2026-10-06 17:37:34.309.
Test Case '-[AppBundleTests.WindowLifecycleRefreshTest testBurstsUnionAppsAndFocusDoesNotBroadenDiscovery]' started.
Test Case '-[AppBundleTests.WindowLifecycleRefreshTest testBurstsUnionAppsAndFocusDoesNotBroadenDiscovery]' passed (0.006 seconds).
Test Case '-[AppBundleTests.WindowLifecycleRefreshTest testGlobalEventWinsOverPendingAppDiscovery]' started.
Test Case '-[AppBundleTests.WindowLifecycleRefreshTest testGlobalEventWinsOverPendingAppDiscovery]' passed (0.001 seconds).
Test Case '-[AppBundleTests.WindowLifecycleRefreshTest testLifecycleSessionPassesScopeToDiscoveryAndNormalization]' started.
Test Case '-[AppBundleTests.WindowLifecycleRefreshTest testLifecycleSessionPassesScopeToDiscoveryAndNormalization]' passed (0.022 seconds).
Test Case '-[AppBundleTests.WindowLifecycleRefreshTest testLightCommandPreservesInterruptedDiscoveryEvenWithoutPostRefresh]' started.
Test Case '-[AppBundleTests.WindowLifecycleRefreshTest testLightCommandPreservesInterruptedDiscoveryEvenWithoutPostRefresh]' passed (0.007 seconds).
Test Case '-[AppBundleTests.WindowLifecycleRefreshTest testNativeStateOfUnrelatedAppIsNotQueriedOrMutated]' started.
Test Case '-[AppBundleTests.WindowLifecycleRefreshTest testNativeStateOfUnrelatedAppIsNotQueriedOrMutated]' passed (0.012 seconds).
Test Case '-[AppBundleTests.WindowLifecycleRefreshTest testOnlyIdentifiedLifecycleEventsUseAppScope]' started.
Test Case '-[AppBundleTests.WindowLifecycleRefreshTest testOnlyIdentifiedLifecycleEventsUseAppScope]' passed (0.000 seconds).
Test Case '-[AppBundleTests.WindowLifecycleRefreshTest testUnrelatedSlowDiscoveryIsExcludedFromLifecycleBarrier]' started.
Test Case '-[AppBundleTests.WindowLifecycleRefreshTest testUnrelatedSlowDiscoveryIsExcludedFromLifecycleBarrier]' passed (0.114 seconds).
Test Case '-[AppBundleTests.WindowLifecycleRefreshTest testWorkspaceAppNotificationsDoNotScanUnrelatedApps]' started.
Test Case '-[AppBundleTests.WindowLifecycleRefreshTest testWorkspaceAppNotificationsDoNotScanUnrelatedApps]' passed (0.000 seconds).
Test Suite 'WindowLifecycleRefreshTest' passed at 2026-10-06 17:37:34.471.
	 Executed 8 tests, with 0 failures (0 unexpected) in 0.161 (0.162) seconds
Test Suite 'WindowMoveMenuTest' started at 2026-10-06 17:37:34.471.
Test Case '-[AppBundleTests.WindowMoveMenuTest testDestinationsIncludeInactiveAndEmptySpacesInSavedOrderWithoutSidebar]' started.
Test Case '-[AppBundleTests.WindowMoveMenuTest testDestinationsIncludeInactiveAndEmptySpacesInSavedOrderWithoutSidebar]' passed (0.006 seconds).
Test Case '-[AppBundleTests.WindowMoveMenuTest testMovingFloatingWindowToAnotherGroupKeepsItFloating]' started.
Test Case '-[AppBundleTests.WindowMoveMenuTest testMovingFloatingWindowToAnotherGroupKeepsItFloating]' passed (0.018 seconds).
Test Case '-[AppBundleTests.WindowMoveMenuTest testMovingOneTabToAnotherSpaceLeavesOtherTabsAndFocusInSource]' started.
Test Case '-[AppBundleTests.WindowMoveMenuTest testMovingOneTabToAnotherSpaceLeavesOtherTabsAndFocusInSource]' passed (0.008 seconds).
Test Case '-[AppBundleTests.WindowMoveMenuTest testViewsDestinationsExcludeStandaloneAppsAndTabsButKeepCombinedAndEmptyNamedGroups]' started.
Test Case '-[AppBundleTests.WindowMoveMenuTest testViewsDestinationsExcludeStandaloneAppsAndTabsButKeepCombinedAndEmptyNamedGroups]' passed (0.011 seconds).
Test Suite 'WindowMoveMenuTest' passed at 2026-10-06 17:37:34.515.
	 Executed 4 tests, with 0 failures (0 unexpected) in 0.043 (0.043) seconds
Test Suite 'WindowShakeGestureTest' started at 2026-10-06 17:37:34.515.
Test Case '-[AppBundleTests.WindowShakeGestureTest testLongPauseResetsGestureWindow]' started.
Test Case '-[AppBundleTests.WindowShakeGestureTest testLongPauseResetsGestureWindow]' passed (0.000 seconds).
Test Case '-[AppBundleTests.WindowShakeGestureTest testOnlyDirectWindowMoveSessionsCanRecognizeShake]' started.
Test Case '-[AppBundleTests.WindowShakeGestureTest testOnlyDirectWindowMoveSessionsCanRecognizeShake]' passed (0.000 seconds).
Test Case '-[AppBundleTests.WindowShakeGestureTest testRecognizesFourDeliberateHorizontalStrokes]' started.
Test Case '-[AppBundleTests.WindowShakeGestureTest testRecognizesFourDeliberateHorizontalStrokes]' passed (0.000 seconds).
Test Case '-[AppBundleTests.WindowShakeGestureTest testRejectsOrdinaryDragWithSmallDirectionCorrections]' started.
Test Case '-[AppBundleTests.WindowShakeGestureTest testRejectsOrdinaryDragWithSmallDirectionCorrections]' passed (0.000 seconds).
Test Case '-[AppBundleTests.WindowShakeGestureTest testRejectsVerticalDominantMovement]' started.
Test Case '-[AppBundleTests.WindowShakeGestureTest testRejectsVerticalDominantMovement]' passed (0.000 seconds).
Test Suite 'WindowShakeGestureTest' passed at 2026-10-06 17:37:34.516.
	 Executed 5 tests, with 0 failures (0 unexpected) in 0.001 (0.001) seconds
Test Suite 'WindowShakeLayoutToggleTest' started at 2026-10-06 17:37:34.516.
Test Case '-[AppBundleTests.WindowShakeLayoutToggleTest testDisabledShakeConfigAndFloatingMoveSessionLifecycle]' started.
Test Case '-[AppBundleTests.WindowShakeLayoutToggleTest testDisabledShakeConfigAndFloatingMoveSessionLifecycle]' passed (0.030 seconds).
Test Case '-[AppBundleTests.WindowShakeLayoutToggleTest testDriverRecognizesOncePerGrabClearsPendingIntentAndHonorsCooldown]' started.
Test Case '-[AppBundleTests.WindowShakeLayoutToggleTest testDriverRecognizesOncePerGrabClearsPendingIntentAndHonorsCooldown]' passed (0.020 seconds).
Test Case '-[AppBundleTests.WindowShakeLayoutToggleTest testShakeRetileFallsBackWhenOriginalContainerWasRemoved]' started.
Test Case '-[AppBundleTests.WindowShakeLayoutToggleTest testShakeRetileFallsBackWhenOriginalContainerWasRemoved]' passed (0.014 seconds).
Test Case '-[AppBundleTests.WindowShakeLayoutToggleTest testShakeStateDoesNotLeakWhenWindowIdIsReused]' started.
Test Case '-[AppBundleTests.WindowShakeLayoutToggleTest testShakeStateDoesNotLeakWhenWindowIdIsReused]' passed (0.012 seconds).
Test Case '-[AppBundleTests.WindowShakeLayoutToggleTest testShakeToggleRestoresSurvivingTilingPlacement]' started.
Test Case '-[AppBundleTests.WindowShakeLayoutToggleTest testShakeToggleRestoresSurvivingTilingPlacement]' passed (0.016 seconds).
Test Suite 'WindowShakeLayoutToggleTest' passed at 2026-10-06 17:37:34.608.
	 Executed 5 tests, with 0 failures (0 unexpected) in 0.092 (0.093) seconds
Test Suite 'WindowTabPanelRetentionTest' started at 2026-10-06 17:37:34.608.
Test Case '-[AppBundleTests.WindowTabPanelRetentionTest testHiddenLiveGroupKeepsItsPanelsAndDeletedGroupReleasesThem]' started.
Test Case '-[AppBundleTests.WindowTabPanelRetentionTest testHiddenLiveGroupKeepsItsPanelsAndDeletedGroupReleasesThem]' passed (0.012 seconds).
Test Case '-[AppBundleTests.WindowTabPanelRetentionTest testVisualContentTracksLocalOcclusionWithoutDependingOnSelectedTab]' started.
Test Case '-[AppBundleTests.WindowTabPanelRetentionTest testVisualContentTracksLocalOcclusionWithoutDependingOnSelectedTab]' passed (0.007 seconds).
Test Suite 'WindowTabPanelRetentionTest' passed at 2026-10-06 17:37:34.628.
	 Executed 2 tests, with 0 failures (0 unexpected) in 0.019 (0.019) seconds
Test Suite 'WindowTabStripMousePolicyTest' started at 2026-10-06 17:37:34.628.
Test Case '-[AppBundleTests.WindowTabStripMousePolicyTest testExternalSuppressionStillDisablesExposedTabs]' started.
Test Case '-[AppBundleTests.WindowTabStripMousePolicyTest testExternalSuppressionStillDisablesExposedTabs]' passed (0.003 seconds).
Test Case '-[AppBundleTests.WindowTabStripMousePolicyTest testFloatingWindowBelowStripDoesNotDisableTabs]' started.
Test Case '-[AppBundleTests.WindowTabStripMousePolicyTest testFloatingWindowBelowStripDoesNotDisableTabs]' passed (0.004 seconds).
Test Case '-[AppBundleTests.WindowTabStripMousePolicyTest testPartialFloatingOverlapKeepsExposedTabsClickable]' started.
Test Case '-[AppBundleTests.WindowTabStripMousePolicyTest testPartialFloatingOverlapKeepsExposedTabsClickable]' passed (0.004 seconds).
Test Case '-[AppBundleTests.WindowTabStripMousePolicyTest testTabDetachKeepsExposedTabsInteractive]' started.
Test Case '-[AppBundleTests.WindowTabStripMousePolicyTest testTabDetachKeepsExposedTabsInteractive]' passed (0.007 seconds).
Test Case '-[AppBundleTests.WindowTabStripMousePolicyTest testWindowDragSuppressionStillDisablesTabs]' started.
Test Case '-[AppBundleTests.WindowTabStripMousePolicyTest testWindowDragSuppressionStillDisablesTabs]' passed (0.005 seconds).
Test Suite 'WindowTabStripMousePolicyTest' passed at 2026-10-06 17:37:34.651.
	 Executed 5 tests, with 0 failures (0 unexpected) in 0.023 (0.024) seconds
Test Suite 'WindowTabsTest' started at 2026-10-06 17:37:34.651.
Test Case '-[AppBundleTests.WindowTabsTest testAppendWindowToExistingTabStack]' started.
Test Case '-[AppBundleTests.WindowTabsTest testAppendWindowToExistingTabStack]' passed (0.004 seconds).
Test Case '-[AppBundleTests.WindowTabsTest testApplyWindowStackSplitDragIntentRejectsDraggingTabGroupBesideItsOwnTab]' started.
Test Case '-[AppBundleTests.WindowTabsTest testApplyWindowStackSplitDragIntentRejectsDraggingTabGroupBesideItsOwnTab]' passed (0.004 seconds).
Test Case '-[AppBundleTests.WindowTabsTest testApplyWindowStackSplitDragIntentReordersWithinExistingSameAxisParentWhenNeeded]' started.
Test Case '-[AppBundleTests.WindowTabsTest testApplyWindowStackSplitDragIntentReordersWithinExistingSameAxisParentWhenNeeded]' passed (0.011 seconds).
Test Case '-[AppBundleTests.WindowTabsTest testApplyWindowStackSplitDragIntentSupportsRootTabGroupSelfTarget]' started.
Test Case '-[AppBundleTests.WindowTabsTest testApplyWindowStackSplitDragIntentSupportsRootTabGroupSelfTarget]' passed (0.011 seconds).
Test Case '-[AppBundleTests.WindowTabsTest testApplyWindowStackSplitDragIntentUsesExistingHorizontalAncestorForNestedTargetBranch]' started.
Test Case '-[AppBundleTests.WindowTabsTest testApplyWindowStackSplitDragIntentUsesExistingHorizontalAncestorForNestedTargetBranch]' passed (0.011 seconds).
Test Case '-[AppBundleTests.WindowTabsTest testApplyWindowStackSplitDragIntentUsesExistingHorizontalParentToCreateMiddleColumn]' started.
Test Case '-[AppBundleTests.WindowTabsTest testApplyWindowStackSplitDragIntentUsesExistingHorizontalParentToCreateMiddleColumn]' passed (0.011 seconds).
Test Case '-[AppBundleTests.WindowTabsTest testApplyWindowStackSplitDragIntentUsesExistingVerticalParentWhenPossible]' started.
Test Case '-[AppBundleTests.WindowTabsTest testApplyWindowStackSplitDragIntentUsesExistingVerticalParentWhenPossible]' passed (0.011 seconds).
Test Case '-[AppBundleTests.WindowTabsTest testApplyWindowStackSplitDragIntentWrapsTargetAndPlacesDraggedWindowAbove]' started.
Test Case '-[AppBundleTests.WindowTabsTest testApplyWindowStackSplitDragIntentWrapsTargetAndPlacesDraggedWindowAbove]' passed (0.011 seconds).
Test Case '-[AppBundleTests.WindowTabsTest testApplyWindowStackSplitDragIntentWrapsTargetAndPlacesDraggedWindowLeft]' started.
Test Case '-[AppBundleTests.WindowTabsTest testApplyWindowStackSplitDragIntentWrapsTargetAndPlacesDraggedWindowLeft]' passed (0.010 seconds).
Test Case '-[AppBundleTests.WindowTabsTest testApplyWindowSwapDragIntentFocusesDraggedTabGroupRepresentative]' started.
Test Case '-[AppBundleTests.WindowTabsTest testApplyWindowSwapDragIntentFocusesDraggedTabGroupRepresentative]' passed (0.011 seconds).
Test Case '-[AppBundleTests.WindowTabsTest testApplyWindowSwapDragIntentFocusesDraggedWindow]' started.
Test Case '-[AppBundleTests.WindowTabsTest testApplyWindowSwapDragIntentFocusesDraggedWindow]' passed (0.011 seconds).
Test Case '-[AppBundleTests.WindowTabsTest testApplyWindowSwapDragIntentRejectsDraggingTabGroupOntoItsOwnTab]' started.
Test Case '-[AppBundleTests.WindowTabsTest testApplyWindowSwapDragIntentRejectsDraggingTabGroupOntoItsOwnTab]' passed (0.003 seconds).
Test Case '-[AppBundleTests.WindowTabsTest testApplyWindowSwapDragIntentRejectsSelfTabGroupTabStripDrags]' started.
Test Case '-[AppBundleTests.WindowTabsTest testApplyWindowSwapDragIntentRejectsSelfTabGroupTabStripDrags]' passed (0.003 seconds).
Test Case '-[AppBundleTests.WindowTabsTest testBeginWindowMoveSessionClearsPreviousWindowAnchorWhenDragSourceChanges]' started.
Test Case '-[AppBundleTests.WindowTabsTest testBeginWindowMoveSessionClearsPreviousWindowAnchorWhenDragSourceChanges]' passed (0.003 seconds).
Test Case '-[AppBundleTests.WindowTabsTest testBeginWindowMoveSessionPreservesAnchorRectAcrossRepeatedCallbacks]' started.
Test Case '-[AppBundleTests.WindowTabsTest testBeginWindowMoveSessionPreservesAnchorRectAcrossRepeatedCallbacks]' passed (0.003 seconds).
Test Case '-[AppBundleTests.WindowTabsTest testCompositedGroupPreviewOnlyRunsForTabStripOriginatedGroupDrags]' started.
Test Case '-[AppBundleTests.WindowTabsTest testCompositedGroupPreviewOnlyRunsForTabStripOriginatedGroupDrags]' passed (0.000 seconds).
Test Case '-[AppBundleTests.WindowTabsTest testCreateTabStackFromTwoSiblingWindows]' started.
Test Case '-[AppBundleTests.WindowTabsTest testCreateTabStackFromTwoSiblingWindows]' passed (0.009 seconds).
Test Case '-[AppBundleTests.WindowTabsTest testCrossWorkspaceBodyMovePreservesFloatingSourceLayout]' started.
Test Case '-[AppBundleTests.WindowTabsTest testCrossWorkspaceBodyMovePreservesFloatingSourceLayout]' passed (0.006 seconds).
Test Case '-[AppBundleTests.WindowTabsTest testCrossWorkspaceDragOverTargetWindowOffersSurfaceIntent]' started.
Test Case '-[AppBundleTests.WindowTabsTest testCrossWorkspaceDragOverTargetWindowOffersSurfaceIntent]' passed (0.025 seconds).
Test Case '-[AppBundleTests.WindowTabsTest testCrossWorkspaceMoveHintStillWorks]' started.
Test Case '-[AppBundleTests.WindowTabsTest testCrossWorkspaceMoveHintStillWorks]' passed (0.007 seconds).
Test Case '-[AppBundleTests.WindowTabsTest testCrossWorkspaceOverlayDoesNotHideTargetTabGroupChrome]' started.
Test Case '-[AppBundleTests.WindowTabsTest testCrossWorkspaceOverlayDoesNotHideTargetTabGroupChrome]' passed (0.009 seconds).
Test Case '-[AppBundleTests.WindowTabsTest testDetachedTabReentryReordersWithinCurrentTabGroup]' started.
Test Case '-[AppBundleTests.WindowTabsTest testDetachedTabReentryReordersWithinCurrentTabGroup]' passed (0.010 seconds).
Test Case '-[AppBundleTests.WindowTabsTest testDetachedTabStillOffersTabReentryHint]' started.
Test Case '-[AppBundleTests.WindowTabsTest testDetachedTabStillOffersTabReentryHint]' passed (0.024 seconds).
Test Case '-[AppBundleTests.WindowTabsTest testFocusAfterWindowClosureFallsBackToPreviousPreviousFocusAfterInterimFallbackFocus]' started.
Test Case '-[AppBundleTests.WindowTabsTest testFocusAfterWindowClosureFallsBackToPreviousPreviousFocusAfterInterimFallbackFocus]' passed (0.004 seconds).
Test Case '-[AppBundleTests.WindowTabsTest testFocusAfterWindowClosurePrefersPreviousActiveTabOverMacOsFallback]' started.
Test Case '-[AppBundleTests.WindowTabsTest testFocusAfterWindowClosurePrefersPreviousActiveTabOverMacOsFallback]' passed (0.007 seconds).
Test Case '-[AppBundleTests.WindowTabsTest testFocusAfterWindowClosurePrefersSnapshotCloseFallbackOverProvisionalSameAppFocus]' started.
Test Case '-[AppBundleTests.WindowTabsTest testFocusAfterWindowClosurePrefersSnapshotCloseFallbackOverProvisionalSameAppFocus]' passed (0.007 seconds).
Test Case '-[AppBundleTests.WindowTabsTest testFocusAfterWindowClosurePrefersSnapshotPreviousFocusOverFallbackTabInSameGroup]' started.
Test Case '-[AppBundleTests.WindowTabsTest testFocusAfterWindowClosurePrefersSnapshotPreviousFocusOverFallbackTabInSameGroup]' passed (0.007 seconds).
Test Case '-[AppBundleTests.WindowTabsTest testFocusAfterWindowClosurePrefersSnapshotPreviousPreviousFocusOverFallbackTabWhenClosingTransientWindow]' started.
Test Case '-[AppBundleTests.WindowTabsTest testFocusAfterWindowClosurePrefersSnapshotPreviousPreviousFocusOverFallbackTabWhenClosingTransientWindow]' passed (0.006 seconds).
Test Case '-[AppBundleTests.WindowTabsTest testFocusAfterWindowClosureUsesPreFallbackWorkspaceCandidateWhenHistoryIsStale]' started.
Test Case '-[AppBundleTests.WindowTabsTest testFocusAfterWindowClosureUsesPreFallbackWorkspaceCandidateWhenHistoryIsStale]' passed (0.007 seconds).
Test Case '-[AppBundleTests.WindowTabsTest testFocusAfterWindowClosureUsesRefreshSnapshotWhenPrevFocusWasOverwritten]' started.
Test Case '-[AppBundleTests.WindowTabsTest testFocusAfterWindowClosureUsesRefreshSnapshotWhenPrevFocusWasOverwritten]' passed (0.007 seconds).
Test Case '-[AppBundleTests.WindowTabsTest testFullscreenActiveTabHidesTabStrip]' started.
Test Case '-[AppBundleTests.WindowTabsTest testFullscreenActiveTabHidesTabStrip]' passed (0.006 seconds).
Test Case '-[AppBundleTests.WindowTabsTest testFullscreenWindowInTabGroupHidesChromeAndCoversSiblingWindows]' started.
Test Case '-[AppBundleTests.WindowTabsTest testFullscreenWindowInTabGroupHidesChromeAndCoversSiblingWindows]' passed (0.011 seconds).
Test Case '-[AppBundleTests.WindowTabsTest testGroupDragDoesNotOfferSplitHintAgainstItsOwnTab]' started.
Test Case '-[AppBundleTests.WindowTabsTest testGroupDragDoesNotOfferSplitHintAgainstItsOwnTab]' passed (0.007 seconds).
Test Case '-[AppBundleTests.WindowTabsTest testGroupDragDoesNotOfferSwapHintAgainstItsOwnTab]' started.
Test Case '-[AppBundleTests.WindowTabsTest testGroupDragDoesNotOfferSwapHintAgainstItsOwnTab]' passed (0.004 seconds).
Test Case '-[AppBundleTests.WindowTabsTest testHudPanelBaseDoesNotPaintSystemHudBackdrop]' started.
Test Case '-[AppBundleTests.WindowTabsTest testHudPanelBaseDoesNotPaintSystemHudBackdrop]' passed (0.004 seconds).
Test Case '-[AppBundleTests.WindowTabsTest testManagedTabGroupLayoutInsetsActiveWindowInsideTabShell]' started.
Test Case '-[AppBundleTests.WindowTabsTest testManagedTabGroupLayoutInsetsActiveWindowInsideTabShell]' passed (0.007 seconds).
Test Case '-[AppBundleTests.WindowTabsTest testMovedObsIgnoresManagedGroupBodyDragSession]' started.
Test Case '-[AppBundleTests.WindowTabsTest testMovedObsIgnoresManagedGroupBodyDragSession]' passed (0.000 seconds).
Test Case '-[AppBundleTests.WindowTabsTest testMovedObsIgnoresSidebarManagedDragSession]' started.
Test Case '-[AppBundleTests.WindowTabsTest testMovedObsIgnoresSidebarManagedDragSession]' passed (0.000 seconds).
Test Case '-[AppBundleTests.WindowTabsTest testMovedObsIgnoresTabStripDetachDragSession]' started.
Test Case '-[AppBundleTests.WindowTabsTest testMovedObsIgnoresTabStripDetachDragSession]' passed (0.000 seconds).
Test Case '-[AppBundleTests.WindowTabsTest testMovedObsKeepsNormalBodyDragSessionActive]' started.
Test Case '-[AppBundleTests.WindowTabsTest testMovedObsKeepsNormalBodyDragSessionActive]' passed (0.000 seconds).
Test Case '-[AppBundleTests.WindowTabsTest testNativeFocusShortcutIsDisabledForTabbedLogicalWindows]' started.
Test Case '-[AppBundleTests.WindowTabsTest testNativeFocusShortcutIsDisabledForTabbedLogicalWindows]' passed (0.000 seconds).
Test Case '-[AppBundleTests.WindowTabsTest testPinnedDraggedWindowRectFallsBackWhenWindowRectMissing]' started.
Test Case '-[AppBundleTests.WindowTabsTest testPinnedDraggedWindowRectFallsBackWhenWindowRectMissing]' passed (0.004 seconds).
Test Case '-[AppBundleTests.WindowTabsTest testPinnedDraggedWindowRectUsesWindowRectForGroupSidebarDrag]' started.
Test Case '-[AppBundleTests.WindowTabsTest testPinnedDraggedWindowRectUsesWindowRectForGroupSidebarDrag]' passed (0.003 seconds).
Test Case '-[AppBundleTests.WindowTabsTest testRemoveWindowFromNestedTabStack]' started.
Test Case '-[AppBundleTests.WindowTabsTest testRemoveWindowFromNestedTabStack]' passed (0.016 seconds).
Test Case '-[AppBundleTests.WindowTabsTest testRemoveWindowFromNestedTwoTabStackFlattensDeadTabGroup]' started.
Test Case '-[AppBundleTests.WindowTabsTest testRemoveWindowFromNestedTwoTabStackFlattensDeadTabGroup]' passed (0.016 seconds).
Test Case '-[AppBundleTests.WindowTabsTest testRemoveWindowFromRootTabStackPreservesRemainingActiveTab]' started.
Test Case '-[AppBundleTests.WindowTabsTest testRemoveWindowFromRootTabStackPreservesRemainingActiveTab]' passed (0.016 seconds).
Test Case '-[AppBundleTests.WindowTabsTest testResizePreviewCreatesSurfaceForEveryPassivePane]' started.
Test Case '-[AppBundleTests.WindowTabsTest testResizePreviewCreatesSurfaceForEveryPassivePane]' passed (0.004 seconds).
Test Case '-[AppBundleTests.WindowTabsTest testResizePreviewStopsBeforeTiledSiblingWouldOverlap]' started.
Test Case '-[AppBundleTests.WindowTabsTest testResizePreviewStopsBeforeTiledSiblingWouldOverlap]' passed (0.006 seconds).
Test Case '-[AppBundleTests.WindowTabsTest testResizePreviewWeightMapDoesNotMutateWeightsUntilCommit]' started.
Test Case '-[AppBundleTests.WindowTabsTest testResizePreviewWeightMapDoesNotMutateWeightsUntilCommit]' passed (0.004 seconds).
Test Case '-[AppBundleTests.WindowTabsTest testResolvedDraggedWindowAnchorRectUsesWholeGroupForGroupDrag]' started.
Test Case '-[AppBundleTests.WindowTabsTest testResolvedDraggedWindowAnchorRectUsesWholeGroupForGroupDrag]' passed (0.006 seconds).
Test Case '-[AppBundleTests.WindowTabsTest testResolvedSplitPreviewUsesAncestorBranchRectForSameAxisNestedInsertions]' started.
Test Case '-[AppBundleTests.WindowTabsTest testResolvedSplitPreviewUsesAncestorBranchRectForSameAxisNestedInsertions]' passed (0.004 seconds).
Test Case '-[AppBundleTests.WindowTabsTest testResolvedSplitPreviewUsesVisibleBranchBoundsWhenSiblingOverflowsLayoutSlot]' started.
Test Case '-[AppBundleTests.WindowTabsTest testResolvedSplitPreviewUsesVisibleBranchBoundsWhenSiblingOverflowsLayoutSlot]' passed (0.003 seconds).
Test Case '-[AppBundleTests.WindowTabsTest testResolveWindowDragActualRectKeepsCachedOverflowWhenCandidateMatchesLayout]' started.
Test Case '-[AppBundleTests.WindowTabsTest testResolveWindowDragActualRectKeepsCachedOverflowWhenCandidateMatchesLayout]' passed (0.000 seconds).
Test Case '-[AppBundleTests.WindowTabsTest testSameTabGroupMiddleIntentKeepsTheOverlayVisible]' started.
Test Case '-[AppBundleTests.WindowTabsTest testSameTabGroupMiddleIntentKeepsTheOverlayVisible]' passed (0.003 seconds).
Test Case '-[AppBundleTests.WindowTabsTest testSameTabGroupOverlayDoesNotHideOwnTabGroupChrome]' started.
Test Case '-[AppBundleTests.WindowTabsTest testSameTabGroupOverlayDoesNotHideOwnTabGroupChrome]' passed (0.011 seconds).
Test Case '-[AppBundleTests.WindowTabsTest testSameTabGroupTabInsertTargetIsSuppressedForDetachDrags]' started.
Test Case '-[AppBundleTests.WindowTabsTest testSameTabGroupTabInsertTargetIsSuppressedForDetachDrags]' passed (0.004 seconds).
Test Case '-[AppBundleTests.WindowTabsTest testSameTabGroupTabStripReentryPrioritizesTabTakeBackIntent]' started.
Test Case '-[AppBundleTests.WindowTabsTest testSameTabGroupTabStripReentryPrioritizesTabTakeBackIntent]' passed (0.010 seconds).
Test Case '-[AppBundleTests.WindowTabsTest testSameWorkspaceOverlayDoesNotHideTargetTabGroupChrome]' started.
Test Case '-[AppBundleTests.WindowTabsTest testSameWorkspaceOverlayDoesNotHideTargetTabGroupChrome]' passed (0.011 seconds).
Test Case '-[AppBundleTests.WindowTabsTest testSplitPreviewRectsStayFlushWithTheInternalSplitSeam]' started.
Test Case '-[AppBundleTests.WindowTabsTest testSplitPreviewRectsStayFlushWithTheInternalSplitSeam]' passed (0.004 seconds).
Test Case '-[AppBundleTests.WindowTabsTest testStickySwapHintDoesNotSurviveTargetGeometryChanges]' started.
Test Case '-[AppBundleTests.WindowTabsTest testStickySwapHintDoesNotSurviveTargetGeometryChanges]' passed (0.010 seconds).
Test Case '-[AppBundleTests.WindowTabsTest testStickySwapHintDoesNotSurviveTargetRemoval]' started.
Test Case '-[AppBundleTests.WindowTabsTest testStickySwapHintDoesNotSurviveTargetRemoval]' passed (0.011 seconds).
Test Case '-[AppBundleTests.WindowTabsTest testStickyTabInsertHintDoesNotSurviveTargetGeometryChanges]' started.
Test Case '-[AppBundleTests.WindowTabsTest testStickyTabInsertHintDoesNotSurviveTargetGeometryChanges]' passed (0.006 seconds).
Test Case '-[AppBundleTests.WindowTabsTest testStickyTabInsertHintDoesNotSurviveTargetRemoval]' started.
Test Case '-[AppBundleTests.WindowTabsTest testStickyTabInsertHintDoesNotSurviveTargetRemoval]' passed (0.013 seconds).
Test Case '-[AppBundleTests.WindowTabsTest testStickyTabInsertHintDoesNotSurviveWindowTabsBeingDisabled]' started.
Test Case '-[AppBundleTests.WindowTabsTest testStickyTabInsertHintDoesNotSurviveWindowTabsBeingDisabled]' passed (0.005 seconds).
Test Case '-[AppBundleTests.WindowTabsTest testStickyWindowDragIntentDisabledForDetachPreview]' started.
Test Case '-[AppBundleTests.WindowTabsTest testStickyWindowDragIntentDisabledForDetachPreview]' passed (0.000 seconds).
Test Case '-[AppBundleTests.WindowTabsTest testStickyWindowDragIntentEnabledForTabInsertAndSwapPreviews]' started.
Test Case '-[AppBundleTests.WindowTabsTest testStickyWindowDragIntentEnabledForTabInsertAndSwapPreviews]' passed (0.000 seconds).
Test Case '-[AppBundleTests.WindowTabsTest testSwapDestinationGateAllowsTiledWindowSource]' started.
Test Case '-[AppBundleTests.WindowTabsTest testSwapDestinationGateAllowsTiledWindowSource]' passed (0.003 seconds).
Test Case '-[AppBundleTests.WindowTabsTest testSwapDestinationIsSuppressedForFloatingWindowSource]' started.
Test Case '-[AppBundleTests.WindowTabsTest testSwapDestinationIsSuppressedForFloatingWindowSource]' passed (0.003 seconds).
Test Case '-[AppBundleTests.WindowTabsTest testSwapNodesKeepsDraggedSourceMostRecentWhenMovingBackward]' started.
Test Case '-[AppBundleTests.WindowTabsTest testSwapNodesKeepsDraggedSourceMostRecentWhenMovingBackward]' passed (0.009 seconds).
Test Case '-[AppBundleTests.WindowTabsTest testSwapNodesPreservesDestinationSlotWeights]' started.
Test Case '-[AppBundleTests.WindowTabsTest testSwapNodesPreservesDestinationSlotWeights]' passed (0.009 seconds).
Test Case '-[AppBundleTests.WindowTabsTest testTabDetachKeepRectsDifferentiateWindowAndTabStripDrags]' started.
Test Case '-[AppBundleTests.WindowTabsTest testTabDetachKeepRectsDifferentiateWindowAndTabStripDrags]' passed (0.004 seconds).
Test Case '-[AppBundleTests.WindowTabsTest testTabGroupDropAndSwapZonesDoNotOverlap]' started.
Test Case '-[AppBundleTests.WindowTabsTest testTabGroupDropAndSwapZonesDoNotOverlap]' passed (0.003 seconds).
Test Case '-[AppBundleTests.WindowTabsTest testTabGroupResizeChromeFrameDerivesFromActiveWindowContentFrame]' started.
Test Case '-[AppBundleTests.WindowTabsTest testTabGroupResizeChromeFrameDerivesFromActiveWindowContentFrame]' passed (0.000 seconds).
Test Case '-[AppBundleTests.WindowTabsTest testTabGroupSwapZoneKeepsBodyActive]' started.
Test Case '-[AppBundleTests.WindowTabsTest testTabGroupSwapZoneKeepsBodyActive]' passed (0.003 seconds).
Test Case '-[AppBundleTests.WindowTabsTest testTabGroupTabBarUsesAppliedContainerFrame]' started.
Test Case '-[AppBundleTests.WindowTabsTest testTabGroupTabBarUsesAppliedContainerFrame]' passed (0.003 seconds).
Test Case '-[AppBundleTests.WindowTabsTest testTabGroupTabInsertAndTopSplitIntentZonesTouchWithoutDeadBand]' started.
Test Case '-[AppBundleTests.WindowTabsTest testTabGroupTabInsertAndTopSplitIntentZonesTouchWithoutDeadBand]' passed (0.003 seconds).
Test Case '-[AppBundleTests.WindowTabsTest testTabInsertAndTopSplitIntentZonesTouchWithoutDeadBand]' started.
Test Case '-[AppBundleTests.WindowTabsTest testTabInsertAndTopSplitIntentZonesTouchWithoutDeadBand]' passed (0.003 seconds).
Test Case '-[AppBundleTests.WindowTabsTest testTabInsertPreviewRectStaysFlushWithBottomEdgeOfTabBand]' started.
Test Case '-[AppBundleTests.WindowTabsTest testTabInsertPreviewRectStaysFlushWithBottomEdgeOfTabBand]' passed (0.003 seconds).
Test Case '-[AppBundleTests.WindowTabsTest testTabInsertWindowDragIntentKindTracksWindowTabsFeatureFlag]' started.
Test Case '-[AppBundleTests.WindowTabsTest testTabInsertWindowDragIntentKindTracksWindowTabsFeatureFlag]' passed (0.000 seconds).
Test Case '-[AppBundleTests.WindowTabsTest testTabStackOntoHiddenTabbedWindowUsesGroupContentRect]' started.
Test Case '-[AppBundleTests.WindowTabsTest testTabStackOntoHiddenTabbedWindowUsesGroupContentRect]' passed (0.007 seconds).
Test Case '-[AppBundleTests.WindowTabsTest testTabStripOriginatedDragKeepsTabStripMouseEventsEnabled]' started.
Test Case '-[AppBundleTests.WindowTabsTest testTabStripOriginatedDragKeepsTabStripMouseEventsEnabled]' passed (0.000 seconds).
Test Case '-[AppBundleTests.WindowTabsTest testTabStripReentrySourceVisualOffsetTracksPointerSmoothly]' started.
Test Case '-[AppBundleTests.WindowTabsTest testTabStripReentrySourceVisualOffsetTracksPointerSmoothly]' passed (0.000 seconds).
Test Case '-[AppBundleTests.WindowTabsTest testTabStripReentryTargetIndexAdjustsForSourceRemovalWhenDraggingBackward]' started.
Test Case '-[AppBundleTests.WindowTabsTest testTabStripReentryTargetIndexAdjustsForSourceRemovalWhenDraggingBackward]' passed (0.000 seconds).
Test Case '-[AppBundleTests.WindowTabsTest testTabStripReentryTargetIndexTracksPointerPosition]' started.
Test Case '-[AppBundleTests.WindowTabsTest testTabStripReentryTargetIndexTracksPointerPosition]' passed (0.000 seconds).
Test Case '-[AppBundleTests.WindowTabsTest testWindowAndTabGroupTabInsertZonesUseSameTopBarShape]' started.
Test Case '-[AppBundleTests.WindowTabsTest testWindowAndTabGroupTabInsertZonesUseSameTopBarShape]' passed (0.003 seconds).
Test Case '-[AppBundleTests.WindowTabsTest testWindowDragTargetLookupCanExcludeDraggedSourceWindowFromOverlapHitTesting]' started.
Test Case '-[AppBundleTests.WindowTabsTest testWindowDragTargetLookupCanExcludeDraggedSourceWindowFromOverlapHitTesting]' passed (0.003 seconds).
Test Case '-[AppBundleTests.WindowTabsTest testWindowDragTargetLookupUsesSiblingTabWhenActiveTabIsExcluded]' started.
Test Case '-[AppBundleTests.WindowTabsTest testWindowDragTargetLookupUsesSiblingTabWhenActiveTabIsExcluded]' passed (0.003 seconds).
Test Case '-[AppBundleTests.WindowTabsTest testWindowDropAndSwapZonesDoNotOverlap]' started.
Test Case '-[AppBundleTests.WindowTabsTest testWindowDropAndSwapZonesDoNotOverlap]' passed (0.003 seconds).
Test Case '-[AppBundleTests.WindowTabsTest testWindowDropIntentResolverUsesFullHeightSideBandsAndCenteredVerticalBands]' started.
Test Case '-[AppBundleTests.WindowTabsTest testWindowDropIntentResolverUsesFullHeightSideBandsAndCenteredVerticalBands]' passed (0.003 seconds).
Test Case '-[AppBundleTests.WindowTabsTest testWindowSplitZonesWrapCenteredSwapZoneWithoutTouchingTabDropZone]' started.
Test Case '-[AppBundleTests.WindowTabsTest testWindowSplitZonesWrapCenteredSwapZoneWithoutTouchingTabDropZone]' passed (0.003 seconds).
Test Case '-[AppBundleTests.WindowTabsTest testWindowStackSplitAvailabilityAllowsMiddleColumnFromDifferentBranch]' started.
Test Case '-[AppBundleTests.WindowTabsTest testWindowStackSplitAvailabilityAllowsMiddleColumnFromDifferentBranch]' passed (0.003 seconds).
Test Case '-[AppBundleTests.WindowTabsTest testWindowStackSplitAvailabilityAlwaysOffersAllFourBodyDirections]' started.
Test Case '-[AppBundleTests.WindowTabsTest testWindowStackSplitAvailabilityAlwaysOffersAllFourBodyDirections]' passed (0.003 seconds).
Test Case '-[AppBundleTests.WindowTabsTest testWindowSwapZoneKeepsCenterActive]' started.
Test Case '-[AppBundleTests.WindowTabsTest testWindowSwapZoneKeepsCenterActive]' passed (0.003 seconds).
Test Case '-[AppBundleTests.WindowTabsTest testWindowTabLocalOcclusionRectsConvertScreenCoordinatesToPanelCoordinates]' started.
Test Case '-[AppBundleTests.WindowTabsTest testWindowTabLocalOcclusionRectsConvertScreenCoordinatesToPanelCoordinates]' passed (0.000 seconds).
Test Case '-[AppBundleTests.WindowTabsTest testWindowTabStripDragInProgressIgnoresRegularWindowMove]' started.
Test Case '-[AppBundleTests.WindowTabsTest testWindowTabStripDragInProgressIgnoresRegularWindowMove]' passed (0.000 seconds).
Test Case '-[AppBundleTests.WindowTabsTest testWindowTabStripDragInProgressRecognizesDetachedTabDrag]' started.
Test Case '-[AppBundleTests.WindowTabsTest testWindowTabStripDragInProgressRecognizesDetachedTabDrag]' passed (0.000 seconds).
Test Case '-[AppBundleTests.WindowTabsTest testWindowTabStripDragInProgressRecognizesGroupDrag]' started.
Test Case '-[AppBundleTests.WindowTabsTest testWindowTabStripDragInProgressRecognizesGroupDrag]' passed (0.000 seconds).
Test Case '-[AppBundleTests.WindowTabsTest testWindowTabStripGroupDragDefersToDetachedTabDrag]' started.
Test Case '-[AppBundleTests.WindowTabsTest testWindowTabStripGroupDragDefersToDetachedTabDrag]' passed (0.003 seconds).
Test Case '-[AppBundleTests.WindowTabsTest testWindowTabStripGroupDragEndIsIgnoredForDetachedTabDrags]' started.
Test Case '-[AppBundleTests.WindowTabsTest testWindowTabStripGroupDragEndIsIgnoredForDetachedTabDrags]' passed (0.000 seconds).
Test Case '-[AppBundleTests.WindowTabsTest testWindowTabStripGroupDragEndRunsForGroupDrags]' started.
Test Case '-[AppBundleTests.WindowTabsTest testWindowTabStripGroupDragEndRunsForGroupDrags]' passed (0.000 seconds).
Test Case '-[AppBundleTests.WindowTabsTest testWindowTabStripLayoutMatchesNextChromeMetrics]' started.
Test Case '-[AppBundleTests.WindowTabsTest testWindowTabStripLayoutMatchesNextChromeMetrics]' passed (0.000 seconds).
Test Case '-[AppBundleTests.WindowTabsTest testWindowTabStripLeadingFadeOnlyAppearsAfterScrollingFromLeftEdge]' started.
Test Case '-[AppBundleTests.WindowTabsTest testWindowTabStripLeadingFadeOnlyAppearsAfterScrollingFromLeftEdge]' passed (0.000 seconds).
Test Case '-[AppBundleTests.WindowTabsTest testWindowTabStripScrollBackgroundDragIgnoresTabPills]' started.
Test Case '-[AppBundleTests.WindowTabsTest testWindowTabStripScrollBackgroundDragIgnoresTabPills]' passed (0.000 seconds).
Test Case '-[AppBundleTests.WindowTabsTest testWindowTabStripTrailingFadeTracksScrollableContent]' started.
Test Case '-[AppBundleTests.WindowTabsTest testWindowTabStripTrailingFadeTracksScrollableContent]' passed (0.000 seconds).
Test Case '-[AppBundleTests.WindowTabsTest testWindowTabStripViewModelTracksFloatingWindowOcclusionSeparatelyForStripAndFrame]' started.
Test Case '-[AppBundleTests.WindowTabsTest testWindowTabStripViewModelTracksFloatingWindowOcclusionSeparatelyForStripAndFrame]' passed (0.000 seconds).
Test Case '-[AppBundleTests.WindowTabsTest testWorkspaceAppendBindingDataWrapsRootTabGroupInsteadOfAppendingAsTab]' started.
Test Case '-[AppBundleTests.WindowTabsTest testWorkspaceAppendBindingDataWrapsRootTabGroupInsteadOfAppendingAsTab]' passed (0.006 seconds).
Test Case '-[AppBundleTests.WindowTabsTest testWorkspaceMoveBindingDataWithoutSwapTargetAppendsInsteadOfPrepending]' started.
Test Case '-[AppBundleTests.WindowTabsTest testWorkspaceMoveBindingDataWithoutSwapTargetAppendsInsteadOfPrepending]' passed (0.009 seconds).
Test Case '-[AppBundleTests.WindowTabsTest testWorkspaceMoveBindingDataWrapsRootTabGroupInsteadOfTargetingWorkspace]' started.
Test Case '-[AppBundleTests.WindowTabsTest testWorkspaceMoveBindingDataWrapsRootTabGroupInsteadOfTargetingWorkspace]' passed (0.010 seconds).
Test Case '-[AppBundleTests.WindowTabsTest testWorkspaceWithFullscreenTabGroupWindowShowsNoTabStrips]' started.
Test Case '-[AppBundleTests.WindowTabsTest testWorkspaceWithFullscreenTabGroupWindowShowsNoTabStrips]' passed (0.008 seconds).
Test Case '-[AppBundleTests.WindowTabsTest testWorkspaceWithFullscreenWindowShowsNoTabStrips]' started.
Test Case '-[AppBundleTests.WindowTabsTest testWorkspaceWithFullscreenWindowShowsNoTabStrips]' passed (0.010 seconds).
Test Suite 'WindowTabsTest' passed at 2026-10-06 17:37:35.260.
	 Executed 110 tests, with 0 failures (0 unexpected) in 0.598 (0.608) seconds
Test Suite 'WindowTitleBenchmarkTest' started at 2026-10-06 17:37:35.260.
Test Case '-[AppBundleTests.WindowTitleBenchmarkTest testWindowTitleRefreshBenchmark]' started.
Test Case '-[AppBundleTests.WindowTitleBenchmarkTest testWindowTitleRefreshBenchmark]' passed (0.211 seconds).
Test Suite 'WindowTitleBenchmarkTest' passed at 2026-10-06 17:37:35.471.
	 Executed 1 test, with 0 failures (0 unexpected) in 0.211 (0.211) seconds
Test Suite 'WindowTitleCacheTest' started at 2026-10-06 17:37:35.471.
Test Case '-[AppBundleTests.WindowTitleCacheTest testGetCachedWindowTitleRefreshesExpiredValue]' started.
Test Case '-[AppBundleTests.WindowTitleCacheTest testGetCachedWindowTitleRefreshesExpiredValue]' passed (0.000 seconds).
Test Case '-[AppBundleTests.WindowTitleCacheTest testGetCachedWindowTitleReusesFreshValue]' started.
Test Case '-[AppBundleTests.WindowTitleCacheTest testGetCachedWindowTitleReusesFreshValue]' passed (0.000 seconds).
Test Suite 'WindowTitleCacheTest' passed at 2026-10-06 17:37:35.472.
	 Executed 2 tests, with 0 failures (0 unexpected) in 0.001 (0.001) seconds
Test Suite 'WorkspaceBackAndForthCommandTest' started at 2026-10-06 17:37:35.472.
Test Case '-[AppBundleTests.WorkspaceBackAndForthCommandTest testWorkspaceBackAndForthDoesNotRecreateDeletedWorkspace]' started.
Test Case '-[AppBundleTests.WorkspaceBackAndForthCommandTest testWorkspaceBackAndForthDoesNotRecreateDeletedWorkspace]' passed (0.034 seconds).
Test Suite 'WorkspaceBackAndForthCommandTest' passed at 2026-10-06 17:37:35.507.
	 Executed 1 test, with 0 failures (0 unexpected) in 0.034 (0.034) seconds
Test Suite 'WorkspaceCommandTest' started at 2026-10-06 17:37:35.507.
Test Case '-[AppBundleTests.WorkspaceCommandTest testBlankNumericWorkspaceIsDeletedAfterLeavingItEmpty]' started.
Test Case '-[AppBundleTests.WorkspaceCommandTest testBlankNumericWorkspaceIsDeletedAfterLeavingItEmpty]' passed (0.007 seconds).
Test Case '-[AppBundleTests.WorkspaceCommandTest testDirectWorkspaceFocusCreatesNextBlankNumericWorkspace]' started.
Test Case '-[AppBundleTests.WorkspaceCommandTest testDirectWorkspaceFocusCreatesNextBlankNumericWorkspace]' passed (0.006 seconds).
Test Case '-[AppBundleTests.WorkspaceCommandTest testDirectWorkspaceFocusDoesNotCreateConfiguredPersistentWorkspace]' started.
Test Case '-[AppBundleTests.WorkspaceCommandTest testDirectWorkspaceFocusDoesNotCreateConfiguredPersistentWorkspace]' passed (0.011 seconds).
Test Case '-[AppBundleTests.WorkspaceCommandTest testDirectWorkspaceFocusDoesNotCreateMissingWorkspace]' started.
Test Case '-[AppBundleTests.WorkspaceCommandTest testDirectWorkspaceFocusDoesNotCreateMissingWorkspace]' passed (0.006 seconds).
Test Case '-[AppBundleTests.WorkspaceCommandTest testDirectWorkspaceFocusDoesNotCreateMultipleHopsAfterBlankIsCollected]' started.
Test Case '-[AppBundleTests.WorkspaceCommandTest testDirectWorkspaceFocusDoesNotCreateMultipleHopsAfterBlankIsCollected]' passed (0.007 seconds).
Test Case '-[AppBundleTests.WorkspaceCommandTest testDirectWorkspaceFocusDoesNotSkipBlankNumericWorkspace]' started.
Test Case '-[AppBundleTests.WorkspaceCommandTest testDirectWorkspaceFocusDoesNotSkipBlankNumericWorkspace]' passed (0.006 seconds).
Test Case '-[AppBundleTests.WorkspaceCommandTest testDirectWorkspaceFocusFillsDisplayIndexGapBeforeAppending]' started.
Test Case '-[AppBundleTests.WorkspaceCommandTest testDirectWorkspaceFocusFillsDisplayIndexGapBeforeAppending]' passed (0.006 seconds).
Test Case '-[AppBundleTests.WorkspaceCommandTest testDirectWorkspaceFocusIgnoresWorkspaceWithOnlyMacosFullscreenWindows]' started.
Test Case '-[AppBundleTests.WorkspaceCommandTest testDirectWorkspaceFocusIgnoresWorkspaceWithOnlyMacosFullscreenWindows]' passed (0.015 seconds).
Test Case '-[AppBundleTests.WorkspaceCommandTest testDirectWorkspaceShortcutCreatesNextWorkspaceInsideActiveProject]' started.
Test Case '-[AppBundleTests.WorkspaceCommandTest testDirectWorkspaceShortcutCreatesNextWorkspaceInsideActiveProject]' passed (0.016 seconds).
Test Case '-[AppBundleTests.WorkspaceCommandTest testDirectWorkspaceShortcutPrefersActiveProjectDisplayIndex]' started.
Test Case '-[AppBundleTests.WorkspaceCommandTest testDirectWorkspaceShortcutPrefersActiveProjectDisplayIndex]' passed (0.020 seconds).
Test Case '-[AppBundleTests.WorkspaceCommandTest testDirectWorkspaceShortcutUsesProjectViewportOrderInsteadOfRawNameSort]' started.
Test Case '-[AppBundleTests.WorkspaceCommandTest testDirectWorkspaceShortcutUsesProjectViewportOrderInsteadOfRawNameSort]' passed (0.012 seconds).
Test Case '-[AppBundleTests.WorkspaceCommandTest testNextWorkspaceAfterRawNameGapCreatesRawTwoNotRawFour]' started.
Test Case '-[AppBundleTests.WorkspaceCommandTest testNextWorkspaceAfterRawNameGapCreatesRawTwoNotRawFour]' passed (0.011 seconds).
Test Case '-[AppBundleTests.WorkspaceCommandTest testParseWorkspaceCommand]' started.
Test Case '-[AppBundleTests.WorkspaceCommandTest testParseWorkspaceCommand]' passed (0.015 seconds).
Test Case '-[AppBundleTests.WorkspaceCommandTest testWorkspaceNextBlankNumericWorkspaceIsDeletedAfterLeavingItEmpty]' started.
Test Case '-[AppBundleTests.WorkspaceCommandTest testWorkspaceNextBlankNumericWorkspaceIsDeletedAfterLeavingItEmpty]' passed (0.002 seconds).
Test Case '-[AppBundleTests.WorkspaceCommandTest testWorkspaceNextCreatesBlankNumericWorkspaceAtRightEdge]' started.
Test Case '-[AppBundleTests.WorkspaceCommandTest testWorkspaceNextCreatesBlankNumericWorkspaceAtRightEdge]' passed (0.006 seconds).
Test Case '-[AppBundleTests.WorkspaceCommandTest testWorkspaceNextCreatesWorkspaceInsideActiveProject]' started.
Test Case '-[AppBundleTests.WorkspaceCommandTest testWorkspaceNextCreatesWorkspaceInsideActiveProject]' passed (0.011 seconds).
Test Case '-[AppBundleTests.WorkspaceCommandTest testWorkspaceNextDeduplicatesStdinWorkspaceList]' started.
Test Case '-[AppBundleTests.WorkspaceCommandTest testWorkspaceNextDeduplicatesStdinWorkspaceList]' passed (0.021 seconds).
Test Case '-[AppBundleTests.WorkspaceCommandTest testWorkspaceNextDoesNotCreateBlankWorkspaceWhenWrapping]' started.
Test Case '-[AppBundleTests.WorkspaceCommandTest testWorkspaceNextDoesNotCreateBlankWorkspaceWhenWrapping]' passed (0.015 seconds).
Test Case '-[AppBundleTests.WorkspaceCommandTest testWorkspaceNextPrevFollowDisplayOrderWhenRawNamesSortDifferently]' started.
Test Case '-[AppBundleTests.WorkspaceCommandTest testWorkspaceNextPrevFollowDisplayOrderWhenRawNamesSortDifferently]' passed (0.008 seconds).
Test Case '-[AppBundleTests.WorkspaceCommandTest testWorkspaceNextUsesCurrentWorkspacePositionWhenFilteredStdinOmitsIt]' started.
Test Case '-[AppBundleTests.WorkspaceCommandTest testWorkspaceNextUsesCurrentWorkspacePositionWhenFilteredStdinOmitsIt]' passed (0.017 seconds).
Test Case '-[AppBundleTests.WorkspaceCommandTest testWorkspacePrevUsesCurrentWorkspacePositionWhenFilteredStdinOmitsIt]' started.
Test Case '-[AppBundleTests.WorkspaceCommandTest testWorkspacePrevUsesCurrentWorkspacePositionWhenFilteredStdinOmitsIt]' passed (0.020 seconds).
Test Case '-[AppBundleTests.WorkspaceCommandTest testWorkspaceSwitchRefreshesClosedWindowsCacheVisibleWorkspaceSnapshot]' started.
Test Case '-[AppBundleTests.WorkspaceCommandTest testWorkspaceSwitchRefreshesClosedWindowsCacheVisibleWorkspaceSnapshot]' passed (0.042 seconds).
Test Suite 'WorkspaceCommandTest' passed at 2026-10-06 17:37:35.791.
	 Executed 22 tests, with 0 failures (0 unexpected) in 0.282 (0.284) seconds
Test Suite 'WorkspaceLifecycleTest' started at 2026-10-06 17:37:35.791.
Test Case '-[AppBundleTests.WorkspaceLifecycleTest testConnectingSecondMonitorCreatesVisibleWorkspaceForDefaultProject]' started.
Test Case '-[AppBundleTests.WorkspaceLifecycleTest testConnectingSecondMonitorCreatesVisibleWorkspaceForDefaultProject]' passed (0.011 seconds).
Test Case '-[AppBundleTests.WorkspaceLifecycleTest testEachMonitorKeepsAWorkspaceWhenWorkspacesSpanProjects]' started.
Test Case '-[AppBundleTests.WorkspaceLifecycleTest testEachMonitorKeepsAWorkspaceWhenWorkspacesSpanProjects]' passed (0.001 seconds).
Test Case '-[AppBundleTests.WorkspaceLifecycleTest testEmptyAdjacentWorkspaceIsDeletedAfterLeavingIt]' started.
Test Case '-[AppBundleTests.WorkspaceLifecycleTest testEmptyAdjacentWorkspaceIsDeletedAfterLeavingIt]' passed (0.006 seconds).
Test Case '-[AppBundleTests.WorkspaceLifecycleTest testFocusedAdjacentBlankWorkspaceCreationReusesExistingEmptySlot]' started.
Test Case '-[AppBundleTests.WorkspaceLifecycleTest testFocusedAdjacentBlankWorkspaceCreationReusesExistingEmptySlot]' passed (0.007 seconds).
Test Case '-[AppBundleTests.WorkspaceLifecycleTest testMovingLastProjectWindowAwayLeavesOneActiveEmptyProjectWorkspace]' started.
Test Case '-[AppBundleTests.WorkspaceLifecycleTest testMovingLastProjectWindowAwayLeavesOneActiveEmptyProjectWorkspace]' passed (0.018 seconds).
Test Case '-[AppBundleTests.WorkspaceLifecycleTest testReconcileKeepsOnlyVisibleWorkspaceWhenAllWorkspacesAreEmpty]' started.
Test Case '-[AppBundleTests.WorkspaceLifecycleTest testReconcileKeepsOnlyVisibleWorkspaceWhenAllWorkspacesAreEmpty]' passed (0.011 seconds).
Test Case '-[AppBundleTests.WorkspaceLifecycleTest testReconcilePrunesUnfocusedEmptyWorkspacesWhenProjectHasOccupiedWorkspace]' started.
Test Case '-[AppBundleTests.WorkspaceLifecycleTest testReconcilePrunesUnfocusedEmptyWorkspacesWhenProjectHasOccupiedWorkspace]' passed (0.001 seconds).
Test Case '-[AppBundleTests.WorkspaceLifecycleTest testReconcileRepairsCurrentMonitorViewportWithMissingActiveWorkspace]' started.
Test Case '-[AppBundleTests.WorkspaceLifecycleTest testReconcileRepairsCurrentMonitorViewportWithMissingActiveWorkspace]' passed (0.006 seconds).
Test Case '-[AppBundleTests.WorkspaceLifecycleTest testSameProjectCanBeActiveOnDifferentMonitorsWithDifferentWorkspaces]' started.
Test Case '-[AppBundleTests.WorkspaceLifecycleTest testSameProjectCanBeActiveOnDifferentMonitorsWithDifferentWorkspaces]' passed (0.001 seconds).
Test Case '-[AppBundleTests.WorkspaceLifecycleTest testSameWorkspaceCannotBeActiveOnTwoMonitorViewports]' started.
Test Case '-[AppBundleTests.WorkspaceLifecycleTest testSameWorkspaceCannotBeActiveOnTwoMonitorViewports]' passed (0.000 seconds).
Test Case '-[AppBundleTests.WorkspaceLifecycleTest testSidebarDragReusesRawAdjacentNameAfterUnfocusedBlankIsCollected]' started.
Test Case '-[AppBundleTests.WorkspaceLifecycleTest testSidebarDragReusesRawAdjacentNameAfterUnfocusedBlankIsCollected]' passed (0.007 seconds).
Test Case '-[AppBundleTests.WorkspaceLifecycleTest testSidebarWorkspaceModelsKeepSeparateMonitorScopesForSameProject]' started.
Test Case '-[AppBundleTests.WorkspaceLifecycleTest testSidebarWorkspaceModelsKeepSeparateMonitorScopesForSameProject]' passed (0.011 seconds).
Test Case '-[AppBundleTests.WorkspaceLifecycleTest testWorkspaceNextFromExistingBlankDoesNotCreateAnotherBlank]' started.
Test Case '-[AppBundleTests.WorkspaceLifecycleTest testWorkspaceNextFromExistingBlankDoesNotCreateAnotherBlank]' passed (0.016 seconds).
Test Suite 'WorkspaceLifecycleTest' passed at 2026-10-06 17:37:35.888.
	 Executed 13 tests, with 0 failures (0 unexpected) in 0.096 (0.097) seconds
Test Suite 'WorkspaceNamingTest' started at 2026-10-06 17:37:35.888.
Test Case '-[AppBundleTests.WorkspaceNamingTest testAutomaticDraftWorkspaceDisplayNamesCompactLiveWorkspaceSet]' started.
Test Case '-[AppBundleTests.WorkspaceNamingTest testAutomaticDraftWorkspaceDisplayNamesCompactLiveWorkspaceSet]' passed (0.010 seconds).
Test Case '-[AppBundleTests.WorkspaceNamingTest testAutomaticNumericWorkspaceDisplayNamesCompactLiveWorkspaceSet]' started.
Test Case '-[AppBundleTests.WorkspaceNamingTest testAutomaticNumericWorkspaceDisplayNamesCompactLiveWorkspaceSet]' passed (0.015 seconds).
Test Case '-[AppBundleTests.WorkspaceNamingTest testAutomaticNumericWorkspaceDisplayNamesCompactWithoutRenamingWorkspaceIds]' started.
Test Case '-[AppBundleTests.WorkspaceNamingTest testAutomaticNumericWorkspaceDisplayNamesCompactWithoutRenamingWorkspaceIds]' passed (0.015 seconds).
Test Case '-[AppBundleTests.WorkspaceNamingTest testAutomaticWorkspaceDisplayNameCompactionPreservesFocus]' started.
Test Case '-[AppBundleTests.WorkspaceNamingTest testAutomaticWorkspaceDisplayNameCompactionPreservesFocus]' passed (0.016 seconds).
Test Case '-[AppBundleTests.WorkspaceNamingTest testAutomaticWorkspaceDisplayNamesAreGlobalWithinProjectAcrossDisplays]' started.
Test Case '-[AppBundleTests.WorkspaceNamingTest testAutomaticWorkspaceDisplayNamesAreGlobalWithinProjectAcrossDisplays]' passed (0.010 seconds).
Test Case '-[AppBundleTests.WorkspaceNamingTest testAutomaticWorkspaceDisplayNamesFollowProjectOrderInsteadOfRawNameSort]' started.
Test Case '-[AppBundleTests.WorkspaceNamingTest testAutomaticWorkspaceDisplayNamesFollowProjectOrderInsteadOfRawNameSort]' passed (0.015 seconds).
Test Case '-[AppBundleTests.WorkspaceNamingTest testClosingLastWindowKeepsOneWorkspaceInActiveProject]' started.
Test Case '-[AppBundleTests.WorkspaceNamingTest testClosingLastWindowKeepsOneWorkspaceInActiveProject]' passed (0.018 seconds).
Test Case '-[AppBundleTests.WorkspaceNamingTest testClosingProjectWindowsDeletesProjectWithoutMovingWindowsToFallback]' started.
Test Case '-[AppBundleTests.WorkspaceNamingTest testClosingProjectWindowsDeletesProjectWithoutMovingWindowsToFallback]' passed (0.017 seconds).
Test Case '-[AppBundleTests.WorkspaceNamingTest testCreatedProjectPersistsIdentityAndDeleteRemovesPersistedIdentity]' started.
Test Case '-[AppBundleTests.WorkspaceNamingTest testCreatedProjectPersistsIdentityAndDeleteRemovesPersistedIdentity]' passed (0.006 seconds).
Test Case '-[AppBundleTests.WorkspaceNamingTest testCreatedProjectStartsWithEmptyWorkspace]' started.
Test Case '-[AppBundleTests.WorkspaceNamingTest testCreatedProjectStartsWithEmptyWorkspace]' passed (0.006 seconds).
Test Case '-[AppBundleTests.WorkspaceNamingTest testDeletingActiveProjectSwitchesToClosestProject]' started.
Test Case '-[AppBundleTests.WorkspaceNamingTest testDeletingActiveProjectSwitchesToClosestProject]' passed (0.001 seconds).
Test Case '-[AppBundleTests.WorkspaceNamingTest testDeletingFocusedWorkspaceFocusesNextClosestWorkspace]' started.
Test Case '-[AppBundleTests.WorkspaceNamingTest testDeletingFocusedWorkspaceFocusesNextClosestWorkspace]' passed (0.010 seconds).
Test Case '-[AppBundleTests.WorkspaceNamingTest testDeletingLastFocusedWorkspaceFocusesPreviousClosestWorkspace]' started.
Test Case '-[AppBundleTests.WorkspaceNamingTest testDeletingLastFocusedWorkspaceFocusesPreviousClosestWorkspace]' passed (0.019 seconds).
Test Case '-[AppBundleTests.WorkspaceNamingTest testDeletingMiddleAutomaticWorkspaceCompactsNamesWithoutReorderingSurvivors]' started.
Test Case '-[AppBundleTests.WorkspaceNamingTest testDeletingMiddleAutomaticWorkspaceCompactsNamesWithoutReorderingSurvivors]' passed (0.015 seconds).
Test Case '-[AppBundleTests.WorkspaceNamingTest testDeletingProjectFallsBackToClosestProject]' started.
Test Case '-[AppBundleTests.WorkspaceNamingTest testDeletingProjectFallsBackToClosestProject]' passed (0.015 seconds).
Test Case '-[AppBundleTests.WorkspaceNamingTest testDeletingWorkspaceKeepsStableWorkspaceIdsAndCompactsDisplayNames]' started.
Test Case '-[AppBundleTests.WorkspaceNamingTest testDeletingWorkspaceKeepsStableWorkspaceIdsAndCompactsDisplayNames]' passed (0.005 seconds).
Test Case '-[AppBundleTests.WorkspaceNamingTest testGcMonitorsIgnoresInactiveViewportsWhenPreservingVisibleWorkspace]' started.
Test Case '-[AppBundleTests.WorkspaceNamingTest testGcMonitorsIgnoresInactiveViewportsWhenPreservingVisibleWorkspace]' passed (0.011 seconds).
Test Case '-[AppBundleTests.WorkspaceNamingTest testGcMonitorsReconcilesChangedMonitorPointsWithSameMonitorCount]' started.
Test Case '-[AppBundleTests.WorkspaceNamingTest testGcMonitorsReconcilesChangedMonitorPointsWithSameMonitorCount]' passed (0.006 seconds).
Test Case '-[AppBundleTests.WorkspaceNamingTest testMonitorViewportFallbackIgnoresEmptyWorkspaceForcedToAnotherMonitor]' started.
Test Case '-[AppBundleTests.WorkspaceNamingTest testMonitorViewportFallbackIgnoresEmptyWorkspaceForcedToAnotherMonitor]' passed (0.006 seconds).
Test Case '-[AppBundleTests.WorkspaceNamingTest testMonitorViewportFallbackWorkspaceDoesNotForgetActiveProject]' started.
Test Case '-[AppBundleTests.WorkspaceNamingTest testMonitorViewportFallbackWorkspaceDoesNotForgetActiveProject]' passed (0.006 seconds).
Test Case '-[AppBundleTests.WorkspaceNamingTest testMovingWorkspaceToAnotherMonitorKeepsSourceMonitorInSameProject]' started.
Test Case '-[AppBundleTests.WorkspaceNamingTest testMovingWorkspaceToAnotherMonitorKeepsSourceMonitorInSameProject]' passed (0.010 seconds).
Test Case '-[AppBundleTests.WorkspaceNamingTest testNextAutomaticWorkspaceRawNameReusesLowestNumericGap]' started.
Test Case '-[AppBundleTests.WorkspaceNamingTest testNextAutomaticWorkspaceRawNameReusesLowestNumericGap]' passed (0.065 seconds).
Test Case '-[AppBundleTests.WorkspaceNamingTest testNextAutomaticWorkspaceRawNameSkipsNamesForcedToAnotherMonitor]' started.
Test Case '-[AppBundleTests.WorkspaceNamingTest testNextAutomaticWorkspaceRawNameSkipsNamesForcedToAnotherMonitor]' passed (0.012 seconds).
Test Case '-[AppBundleTests.WorkspaceNamingTest testPersistedProjectLabelMaterializesProject]' started.
Test Case '-[AppBundleTests.WorkspaceNamingTest testPersistedProjectLabelMaterializesProject]' passed (0.001 seconds).
Test Case '-[AppBundleTests.WorkspaceNamingTest testPersistedProjectMaterializesWithEmptyWorkspace]' started.
Test Case '-[AppBundleTests.WorkspaceNamingTest testPersistedProjectMaterializesWithEmptyWorkspace]' passed (0.001 seconds).
Test Case '-[AppBundleTests.WorkspaceNamingTest testProjectCreationAppendsAfterDeletedMiddleProject]' started.
Test Case '-[AppBundleTests.WorkspaceNamingTest testProjectCreationAppendsAfterDeletedMiddleProject]' passed (0.001 seconds).
Test Case '-[AppBundleTests.WorkspaceNamingTest testProjectCreationUsesUniqueIds]' started.
Test Case '-[AppBundleTests.WorkspaceNamingTest testProjectCreationUsesUniqueIds]' passed (0.006 seconds).
Test Case '-[AppBundleTests.WorkspaceNamingTest testProjectFocusHoldIgnoresNativeFocusFromOtherProject]' started.
Test Case '-[AppBundleTests.WorkspaceNamingTest testProjectFocusHoldIgnoresNativeFocusFromOtherProject]' passed (0.001 seconds).
Test Case '-[AppBundleTests.WorkspaceNamingTest testProjectNamesFollowStableInsertionOrder]' started.
Test Case '-[AppBundleTests.WorkspaceNamingTest testProjectNamesFollowStableInsertionOrder]' passed (0.006 seconds).
Test Case '-[AppBundleTests.WorkspaceNamingTest testProjectsOwnSeparateWorkspaceSetsOnTheSameDisplay]' started.
Test Case '-[AppBundleTests.WorkspaceNamingTest testProjectsOwnSeparateWorkspaceSetsOnTheSameDisplay]' passed (0.001 seconds).
Test Case '-[AppBundleTests.WorkspaceNamingTest testProjectSwitchCanReturnToDefaultOnSameMonitor]' started.
Test Case '-[AppBundleTests.WorkspaceNamingTest testProjectSwitchCanReturnToDefaultOnSameMonitor]' passed (0.020 seconds).
Test Case '-[AppBundleTests.WorkspaceNamingTest testReconcileMovesVisibleWorkspaceToNewForceAssignedMonitor]' started.
Test Case '-[AppBundleTests.WorkspaceNamingTest testReconcileMovesVisibleWorkspaceToNewForceAssignedMonitor]' passed (0.005 seconds).
Test Case '-[AppBundleTests.WorkspaceNamingTest testReconcileRepairsMissingProjectWorkspaceIndex]' started.
Test Case '-[AppBundleTests.WorkspaceNamingTest testReconcileRepairsMissingProjectWorkspaceIndex]' passed (0.006 seconds).
Test Case '-[AppBundleTests.WorkspaceNamingTest testRenamingAndDeletingProjectKeepsFallbackWorkspaces]' started.
Test Case '-[AppBundleTests.WorkspaceNamingTest testRenamingAndDeletingProjectKeepsFallbackWorkspaces]' passed (0.019 seconds).
Test Case '-[AppBundleTests.WorkspaceNamingTest testRenamingWorkspaceToDefaultDisplayNameClearsLabel]' started.
Test Case '-[AppBundleTests.WorkspaceNamingTest testRenamingWorkspaceToDefaultDisplayNameClearsLabel]' passed (0.005 seconds).
Test Case '-[AppBundleTests.WorkspaceNamingTest testResettingWorkspaceNameFromSidebarUsesDefaultDisplayName]' started.
Test Case '-[AppBundleTests.WorkspaceNamingTest testResettingWorkspaceNameFromSidebarUsesDefaultDisplayName]' passed (0.010 seconds).
Test Case '-[AppBundleTests.WorkspaceNamingTest testSameProjectCanStayActiveOnMultipleDisplays]' started.
Test Case '-[AppBundleTests.WorkspaceNamingTest testSameProjectCanStayActiveOnMultipleDisplays]' passed (0.011 seconds).
Test Case '-[AppBundleTests.WorkspaceNamingTest testSanitizedWorkspaceSidebarHoveredWorkspaceNameClearsDeadWorkspaceReferences]' started.
Test Case '-[AppBundleTests.WorkspaceNamingTest testSanitizedWorkspaceSidebarHoveredWorkspaceNameClearsDeadWorkspaceReferences]' passed (0.001 seconds).
Test Case '-[AppBundleTests.WorkspaceNamingTest testSanitizedWorkspaceSidebarHoveredWorkspaceNameKeepsLiveHoverState]' started.
Test Case '-[AppBundleTests.WorkspaceNamingTest testSanitizedWorkspaceSidebarHoveredWorkspaceNameKeepsLiveHoverState]' passed (0.000 seconds).
Test Case '-[AppBundleTests.WorkspaceNamingTest testSidebarWorkspaceCreationUsesAutomaticWorkspaceName]' started.
Test Case '-[AppBundleTests.WorkspaceNamingTest testSidebarWorkspaceCreationUsesAutomaticWorkspaceName]' passed (0.005 seconds).
Test Case '-[AppBundleTests.WorkspaceNamingTest testSummoningWorkspaceToFocusedMonitorKeepsSourceMonitorInSameProject]' started.
Test Case '-[AppBundleTests.WorkspaceNamingTest testSummoningWorkspaceToFocusedMonitorKeepsSourceMonitorInSameProject]' passed (0.011 seconds).
Test Case '-[AppBundleTests.WorkspaceNamingTest testTrayItemDisablesRawWorkspaceIconWhenDisplayNameIsCustom]' started.
Test Case '-[AppBundleTests.WorkspaceNamingTest testTrayItemDisablesRawWorkspaceIconWhenDisplayNameIsCustom]' passed (0.026 seconds).
Test Case '-[AppBundleTests.WorkspaceNamingTest testWorkspaceNameAfterCompactionUsesCurrentAutomaticName]' started.
Test Case '-[AppBundleTests.WorkspaceNamingTest testWorkspaceNameAfterCompactionUsesCurrentAutomaticName]' passed (0.005 seconds).
Test Case '-[AppBundleTests.WorkspaceNamingTest testWorkspaceRenameRejectsEmptyDisplayName]' started.
Test Case '-[AppBundleTests.WorkspaceNamingTest testWorkspaceRenameRejectsEmptyDisplayName]' passed (0.011 seconds).
Test Case '-[AppBundleTests.WorkspaceNamingTest testWorkspaceSidebarRenameUsesDisplayLabelWithoutRenamingWorkspaceIdentity]' started.
Test Case '-[AppBundleTests.WorkspaceNamingTest testWorkspaceSidebarRenameUsesDisplayLabelWithoutRenamingWorkspaceIdentity]' passed (0.001 seconds).
Test Case '-[AppBundleTests.WorkspaceNamingTest testWorkspaceToMonitorForceAssignmentRejectsWrongMonitor]' started.
Test Case '-[AppBundleTests.WorkspaceNamingTest testWorkspaceToMonitorForceAssignmentRejectsWrongMonitor]' passed (0.010 seconds).
Test Suite 'WorkspaceNamingTest' passed at 2026-10-06 17:37:36.361.
	 Executed 46 tests, with 0 failures (0 unexpected) in 0.470 (0.474) seconds
Test Suite 'WorkspaceProjectReorderingTest' started at 2026-10-06 17:37:36.362.
Test Case '-[AppBundleTests.WorkspaceProjectReorderingTest testDragChangesPositionAfterCrossingHalfADotAndClampsAtEnds]' started.
Test Case '-[AppBundleTests.WorkspaceProjectReorderingTest testDragChangesPositionAfterCrossingHalfADotAndClampsAtEnds]' passed (0.001 seconds).
Test Case '-[AppBundleTests.WorkspaceProjectReorderingTest testProjectsMoveInBothDirectionsIncludingDefault]' started.
Test Case '-[AppBundleTests.WorkspaceProjectReorderingTest testProjectsMoveInBothDirectionsIncludingDefault]' passed (0.001 seconds).
Test Case '-[AppBundleTests.WorkspaceProjectReorderingTest testReorderedProjectsSurviveRestartAndNewProjectsAppend]' started.
Test Case '-[AppBundleTests.WorkspaceProjectReorderingTest testReorderedProjectsSurviveRestartAndNewProjectsAppend]' passed (0.010 seconds).
Test Case '-[AppBundleTests.WorkspaceProjectReorderingTest testReorderingKeepsSelectionWorkspacesAndProjectMetadata]' started.
Test Case '-[AppBundleTests.WorkspaceProjectReorderingTest testReorderingKeepsSelectionWorkspacesAndProjectMetadata]' passed (0.001 seconds).
Test Case '-[AppBundleTests.WorkspaceProjectReorderingTest testStaleOrUnchangedDragDoesNotReorderProjects]' started.
Test Case '-[AppBundleTests.WorkspaceProjectReorderingTest testStaleOrUnchangedDragDoesNotReorderProjects]' passed (0.001 seconds).
Test Suite 'WorkspaceProjectReorderingTest' passed at 2026-10-06 17:37:36.375.
	 Executed 5 tests, with 0 failures (0 unexpected) in 0.013 (0.013) seconds
Test Suite 'WorkspaceReorderingTest' started at 2026-10-06 17:37:36.375.
Test Case '-[AppBundleTests.WorkspaceReorderingTest testCancelledDragReleasesActivationLockWithoutChangingOrder]' started.
Test Case '-[AppBundleTests.WorkspaceReorderingTest testCancelledDragReleasesActivationLockWithoutChangingOrder]' passed (0.001 seconds).
Test Case '-[AppBundleTests.WorkspaceReorderingTest testCardFollowsPointerAndHapticsOnlyFireOnNewSnapPositions]' started.
Test Case '-[AppBundleTests.WorkspaceReorderingTest testCardFollowsPointerAndHapticsOnlyFireOnNewSnapPositions]' passed (0.001 seconds).
Test Case '-[AppBundleTests.WorkspaceReorderingTest testCardsShiftByDraggedHeightAndSpacingInBothDirections]' started.
Test Case '-[AppBundleTests.WorkspaceReorderingTest testCardsShiftByDraggedHeightAndSpacingInBothDirections]' passed (0.001 seconds).
Test Case '-[AppBundleTests.WorkspaceReorderingTest testGroupsMoveBeforeAndAfterTargetsInBothDirections]' started.
Test Case '-[AppBundleTests.WorkspaceReorderingTest testGroupsMoveBeforeAndAfterTargetsInBothDirections]' passed (0.000 seconds).
Test Case '-[AppBundleTests.WorkspaceReorderingTest testInvalidAndUnchangedDropsPreserveOrder]' started.
Test Case '-[AppBundleTests.WorkspaceReorderingTest testInvalidAndUnchangedDropsPreserveOrder]' passed (0.000 seconds).
Test Case '-[AppBundleTests.WorkspaceReorderingTest testReleaseSettlesAtSlotUntilModelCompletes]' started.
Test Case '-[AppBundleTests.WorkspaceReorderingTest testReleaseSettlesAtSlotUntilModelCompletes]' passed (0.001 seconds).
Test Case '-[AppBundleTests.WorkspaceReorderingTest testReorderedGroupsSurviveRestartAndNewGroupsAppend]' started.
Test Case '-[AppBundleTests.WorkspaceReorderingTest testReorderedGroupsSurviveRestartAndNewGroupsAppend]' passed (0.016 seconds).
Test Case '-[AppBundleTests.WorkspaceReorderingTest testReorderingPreservesFocusMembershipAndLabels]' started.
Test Case '-[AppBundleTests.WorkspaceReorderingTest testReorderingPreservesFocusMembershipAndLabels]' passed (0.001 seconds).
Test Case '-[AppBundleTests.WorkspaceReorderingTest testSnapThresholdHasHysteresisAndClampsAtListEnds]' started.
Test Case '-[AppBundleTests.WorkspaceReorderingTest testSnapThresholdHasHysteresisAndClampsAtListEnds]' passed (0.006 seconds).
Test Suite 'WorkspaceReorderingTest' passed at 2026-10-06 17:37:36.402.
	 Executed 9 tests, with 0 failures (0 unexpected) in 0.026 (0.027) seconds
Test Suite 'WorkspaceSidebarClockComponentsTest' started at 2026-10-06 17:37:36.402.
Test Case '-[AppBundleTests.WorkspaceSidebarClockComponentsTest testExpandedClockAccessibilityKeepsDateAndWeekdayIndependent]' started.
Test Case '-[AppBundleTests.WorkspaceSidebarClockComponentsTest testExpandedClockAccessibilityKeepsDateAndWeekdayIndependent]' passed (0.004 seconds).
Test Case '-[AppBundleTests.WorkspaceSidebarClockComponentsTest testExpandedClockDateAndWeekdayLinesAreIndependent]' started.
Test Case '-[AppBundleTests.WorkspaceSidebarClockComponentsTest testExpandedClockDateAndWeekdayLinesAreIndependent]' passed (0.000 seconds).
Test Case '-[AppBundleTests.WorkspaceSidebarClockComponentsTest testExpandedClockGrowsForEachVisibleDateLine]' started.
Test Case '-[AppBundleTests.WorkspaceSidebarClockComponentsTest testExpandedClockGrowsForEachVisibleDateLine]' passed (0.000 seconds).
Test Case '-[AppBundleTests.WorkspaceSidebarClockComponentsTest testExpandedClockKeepsLongLocalizedDateTextUnabbreviated]' started.
Test Case '-[AppBundleTests.WorkspaceSidebarClockComponentsTest testExpandedClockKeepsLongLocalizedDateTextUnabbreviated]' passed (0.002 seconds).
Test Case '-[AppBundleTests.WorkspaceSidebarClockComponentsTest testExpandedClockUsesSeparateFullEnglishWeekdayAndMonthDayLines]' started.
Test Case '-[AppBundleTests.WorkspaceSidebarClockComponentsTest testExpandedClockUsesSeparateFullEnglishWeekdayAndMonthDayLines]' passed (0.001 seconds).
Test Suite 'WorkspaceSidebarClockComponentsTest' passed at 2026-10-06 17:37:36.409.
	 Executed 5 tests, with 0 failures (0 unexpected) in 0.007 (0.007) seconds
Test Suite 'WorkspaceSidebarDragTest' started at 2026-10-06 17:37:36.409.
Test Case '-[AppBundleTests.WorkspaceSidebarDragTest testAlwaysExpandedSidebarUsesExpandedRestingAndActivationWidths]' started.
Test Case '-[AppBundleTests.WorkspaceSidebarDragTest testAlwaysExpandedSidebarUsesExpandedRestingAndActivationWidths]' passed (0.000 seconds).
Test Case '-[AppBundleTests.WorkspaceSidebarDragTest testBlankSidebarAreaIsNotActionable]' started.
Test Case '-[AppBundleTests.WorkspaceSidebarDragTest testBlankSidebarAreaIsNotActionable]' passed (0.000 seconds).
Test Case '-[AppBundleTests.WorkspaceSidebarDragTest testChromeIsSuppressedForNativeFullscreen]' started.
Test Case '-[AppBundleTests.WorkspaceSidebarDragTest testChromeIsSuppressedForNativeFullscreen]' passed (0.001 seconds).
Test Case '-[AppBundleTests.WorkspaceSidebarDragTest testCollapsedAndAutoHiddenSidebarsAllowLeftEdgeTrap]' started.
Test Case '-[AppBundleTests.WorkspaceSidebarDragTest testCollapsedAndAutoHiddenSidebarsAllowLeftEdgeTrap]' passed (0.000 seconds).
Test Case '-[AppBundleTests.WorkspaceSidebarDragTest testCompactClockAccessibilityHonorsSecondsVisibility]' started.
Test Case '-[AppBundleTests.WorkspaceSidebarDragTest testCompactClockAccessibilityHonorsSecondsVisibility]' passed (0.002 seconds).
Test Case '-[AppBundleTests.WorkspaceSidebarDragTest testDifferentWorkspaceSidebarDropTargetIsActionable]' started.
Test Case '-[AppBundleTests.WorkspaceSidebarDragTest testDifferentWorkspaceSidebarDropTargetIsActionable]' passed (0.000 seconds).
Test Case '-[AppBundleTests.WorkspaceSidebarDragTest testLeftMouseButtonPressedUsesBitmask]' started.
Test Case '-[AppBundleTests.WorkspaceSidebarDragTest testLeftMouseButtonPressedUsesBitmask]' passed (0.000 seconds).
Test Case '-[AppBundleTests.WorkspaceSidebarDragTest testMonitorScopeResolvesMonitorPoint]' started.
Test Case '-[AppBundleTests.WorkspaceSidebarDragTest testMonitorScopeResolvesMonitorPoint]' passed (0.000 seconds).
Test Case '-[AppBundleTests.WorkspaceSidebarDragTest testMonitorScopeSelectionIsPanelLocal]' started.
Test Case '-[AppBundleTests.WorkspaceSidebarDragTest testMonitorScopeSelectionIsPanelLocal]' passed (0.000 seconds).
Test Case '-[AppBundleTests.WorkspaceSidebarDragTest testMonitorScopesIncludeFocusFilterWhenEnabled]' started.
Test Case '-[AppBundleTests.WorkspaceSidebarDragTest testMonitorScopesIncludeFocusFilterWhenEnabled]' passed (0.000 seconds).
Test Case '-[AppBundleTests.WorkspaceSidebarDragTest testMonitorScopesOmitDisabledFocusAndAllFilters]' started.
Test Case '-[AppBundleTests.WorkspaceSidebarDragTest testMonitorScopesOmitDisabledFocusAndAllFilters]' passed (0.000 seconds).
Test Case '-[AppBundleTests.WorkspaceSidebarDragTest testMonitorSidebarDropTargetIsActionable]' started.
Test Case '-[AppBundleTests.WorkspaceSidebarDragTest testMonitorSidebarDropTargetIsActionable]' passed (0.000 seconds).
Test Case '-[AppBundleTests.WorkspaceSidebarDragTest testMouseWindowDragInProgressRequiresMoveSessionWindowAndPressedButton]' started.
Test Case '-[AppBundleTests.WorkspaceSidebarDragTest testMouseWindowDragInProgressRequiresMoveSessionWindowAndPressedButton]' passed (0.000 seconds).
Test Case '-[AppBundleTests.WorkspaceSidebarDragTest testNewWorkspaceSidebarDropTargetIsActionable]' started.
Test Case '-[AppBundleTests.WorkspaceSidebarDragTest testNewWorkspaceSidebarDropTargetIsActionable]' passed (0.000 seconds).
Test Case '-[AppBundleTests.WorkspaceSidebarDragTest testProjectColorHexNormalizes]' started.
Test Case '-[AppBundleTests.WorkspaceSidebarDragTest testProjectColorHexNormalizes]' passed (0.000 seconds).
Test Case '-[AppBundleTests.WorkspaceSidebarDragTest testProjectColorUsesConfiguredHexWhenPresent]' started.
Test Case '-[AppBundleTests.WorkspaceSidebarDragTest testProjectColorUsesConfiguredHexWhenPresent]' passed (0.001 seconds).
Test Case '-[AppBundleTests.WorkspaceSidebarDragTest testProjectHueIsStableAndNormalized]' started.
Test Case '-[AppBundleTests.WorkspaceSidebarDragTest testProjectHueIsStableAndNormalized]' passed (0.000 seconds).
Test Case '-[AppBundleTests.WorkspaceSidebarDragTest testProjectPagerDragTracksRealAdjacentPagesDirectly]' started.
Test Case '-[AppBundleTests.WorkspaceSidebarDragTest testProjectPagerDragTracksRealAdjacentPagesDirectly]' passed (0.000 seconds).
Test Case '-[AppBundleTests.WorkspaceSidebarDragTest testProjectPagerDragUsesResistanceAtProjectEdges]' started.
Test Case '-[AppBundleTests.WorkspaceSidebarDragTest testProjectPagerDragUsesResistanceAtProjectEdges]' passed (0.000 seconds).
Test Case '-[AppBundleTests.WorkspaceSidebarDragTest testProjectPagerRendersOnlyCurrentAndSwipeTargetPages]' started.
Test Case '-[AppBundleTests.WorkspaceSidebarDragTest testProjectPagerRendersOnlyCurrentAndSwipeTargetPages]' passed (0.000 seconds).
Test Case '-[AppBundleTests.WorkspaceSidebarDragTest testProjectSwipeCreatesOnlyPastEdgesAfterBreakPoint]' started.
Test Case '-[AppBundleTests.WorkspaceSidebarDragTest testProjectSwipeCreatesOnlyPastEdgesAfterBreakPoint]' passed (0.000 seconds).
Test Case '-[AppBundleTests.WorkspaceSidebarDragTest testProjectSwipeDirectionRequiresHorizontalIntent]' started.
Test Case '-[AppBundleTests.WorkspaceSidebarDragTest testProjectSwipeDirectionRequiresHorizontalIntent]' passed (0.000 seconds).
Test Case '-[AppBundleTests.WorkspaceSidebarDragTest testProjectSwipeDoesNotCreateOrPreviewAtEitherEdgeWhenDisabled]' started.
Test Case '-[AppBundleTests.WorkspaceSidebarDragTest testProjectSwipeDoesNotCreateOrPreviewAtEitherEdgeWhenDisabled]' passed (0.000 seconds).
Test Case '-[AppBundleTests.WorkspaceSidebarDragTest testProjectSwipeFormationProgressOnlyAtEdges]' started.
Test Case '-[AppBundleTests.WorkspaceSidebarDragTest testProjectSwipeFormationProgressOnlyAtEdges]' passed (0.000 seconds).
Test Case '-[AppBundleTests.WorkspaceSidebarDragTest testProjectSwipeNavigatesWithoutWrapping]' started.
Test Case '-[AppBundleTests.WorkspaceSidebarDragTest testProjectSwipeNavigatesWithoutWrapping]' passed (0.000 seconds).
Test Case '-[AppBundleTests.WorkspaceSidebarDragTest testProjectSwipeScrollDeltaPreservesSystemDirection]' started.
Test Case '-[AppBundleTests.WorkspaceSidebarDragTest testProjectSwipeScrollDeltaPreservesSystemDirection]' passed (0.000 seconds).
Test Case '-[AppBundleTests.WorkspaceSidebarDragTest testProjectSwipeSwitchProgressReachesOneAtNavigationThreshold]' started.
Test Case '-[AppBundleTests.WorkspaceSidebarDragTest testProjectSwipeSwitchProgressReachesOneAtNavigationThreshold]' passed (0.000 seconds).
Test Case '-[AppBundleTests.WorkspaceSidebarDragTest testSameWorkspaceSidebarDropTargetIsNotActionable]' started.
Test Case '-[AppBundleTests.WorkspaceSidebarDragTest testSameWorkspaceSidebarDropTargetIsNotActionable]' passed (0.000 seconds).
Test Case '-[AppBundleTests.WorkspaceSidebarDragTest testSidebarContentsFitRailThroughoutExpansionFrom28Points]' started.
Test Case '-[AppBundleTests.WorkspaceSidebarDragTest testSidebarContentsFitRailThroughoutExpansionFrom28Points]' passed (0.000 seconds).
Test Case '-[AppBundleTests.WorkspaceSidebarDragTest testSidebarNewWorkspaceTargetHonorsExplicitMonitorSelection]' started.
Test Case '-[AppBundleTests.WorkspaceSidebarDragTest testSidebarNewWorkspaceTargetHonorsExplicitMonitorSelection]' passed (0.000 seconds).
Test Case '-[AppBundleTests.WorkspaceSidebarDragTest testSidebarNewWorkspaceTargetUsesDropPointMonitorBeforeSourceMonitor]' started.
Test Case '-[AppBundleTests.WorkspaceSidebarDragTest testSidebarNewWorkspaceTargetUsesDropPointMonitorBeforeSourceMonitor]' passed (0.000 seconds).
Test Case '-[AppBundleTests.WorkspaceSidebarDragTest testSidebarWorkspaceClickActivatesHiddenWorkspaceOnOwningPanelMonitor]' started.
Test Case '-[AppBundleTests.WorkspaceSidebarDragTest testSidebarWorkspaceClickActivatesHiddenWorkspaceOnOwningPanelMonitor]' passed (0.000 seconds).
Test Case '-[AppBundleTests.WorkspaceSidebarDragTest testSidebarWorkspaceClickDoesNotFocusWorkspaceVisibleOnOtherMonitor]' started.
Test Case '-[AppBundleTests.WorkspaceSidebarDragTest testSidebarWorkspaceClickDoesNotFocusWorkspaceVisibleOnOtherMonitor]' passed (0.000 seconds).
Test Case '-[AppBundleTests.WorkspaceSidebarDragTest testVisibleWorkspacesAreGroupedByProjectAndScope]' started.
Test Case '-[AppBundleTests.WorkspaceSidebarDragTest testVisibleWorkspacesAreGroupedByProjectAndScope]' passed (0.000 seconds).
Test Case '-[AppBundleTests.WorkspaceSidebarDragTest testWindowChromeUsesNormalAppWindowLayer]' started.
Test Case '-[AppBundleTests.WorkspaceSidebarDragTest testWindowChromeUsesNormalAppWindowLayer]' passed (0.000 seconds).
Test Case '-[AppBundleTests.WorkspaceSidebarDragTest testWindowHoverExitClearsMatchingHoveredWindow]' started.
Test Case '-[AppBundleTests.WorkspaceSidebarDragTest testWindowHoverExitClearsMatchingHoveredWindow]' passed (0.000 seconds).
Test Case '-[AppBundleTests.WorkspaceSidebarDragTest testWindowHoverExitDoesNotClearNewerHoveredWindow]' started.
Test Case '-[AppBundleTests.WorkspaceSidebarDragTest testWindowHoverExitDoesNotClearNewerHoveredWindow]' passed (0.000 seconds).
Test Case '-[AppBundleTests.WorkspaceSidebarDragTest testWindowIntentPreviewRendersBelowWorkspaceSidebar]' started.
Test Case '-[AppBundleTests.WorkspaceSidebarDragTest testWindowIntentPreviewRendersBelowWorkspaceSidebar]' passed (0.012 seconds).
Test Case '-[AppBundleTests.WorkspaceSidebarDragTest testWorkspaceHoverExitClearsMatchingHoveredWorkspace]' started.
Test Case '-[AppBundleTests.WorkspaceSidebarDragTest testWorkspaceHoverExitClearsMatchingHoveredWorkspace]' passed (0.000 seconds).
Test Case '-[AppBundleTests.WorkspaceSidebarDragTest testWorkspaceHoverExitDoesNotClearNewerHoveredWorkspace]' started.
Test Case '-[AppBundleTests.WorkspaceSidebarDragTest testWorkspaceHoverExitDoesNotClearNewerHoveredWorkspace]' passed (0.000 seconds).
Test Case '-[AppBundleTests.WorkspaceSidebarDragTest testWorkspaceSidebarActionsForwardWindowAndTabGroupDragClosures]' started.
Test Case '-[AppBundleTests.WorkspaceSidebarDragTest testWorkspaceSidebarActionsForwardWindowAndTabGroupDragClosures]' passed (0.000 seconds).
Test Case '-[AppBundleTests.WorkspaceSidebarDragTest testWorkspaceSidebarActivationBlocksWhileAnyWorkspaceIsEditing]' started.
Test Case '-[AppBundleTests.WorkspaceSidebarDragTest testWorkspaceSidebarActivationBlocksWhileAnyWorkspaceIsEditing]' passed (0.000 seconds).
Test Case '-[AppBundleTests.WorkspaceSidebarDragTest testWorkspaceSidebarActivationRequiresNoEditAndNoDrag]' started.
Test Case '-[AppBundleTests.WorkspaceSidebarDragTest testWorkspaceSidebarActivationRequiresNoEditAndNoDrag]' passed (0.000 seconds).
Test Case '-[AppBundleTests.WorkspaceSidebarDragTest testWorkspaceSidebarAutoHideUsesZeroRestingWidthAndKeepsConfiguredEdgeActivationWidth]' started.
Test Case '-[AppBundleTests.WorkspaceSidebarDragTest testWorkspaceSidebarAutoHideUsesZeroRestingWidthAndKeepsConfiguredEdgeActivationWidth]' passed (0.000 seconds).
Test Case '-[AppBundleTests.WorkspaceSidebarDragTest testWorkspaceSidebarCreateScopeUsesFocusedScopeForSyntheticSelections]' started.
Test Case '-[AppBundleTests.WorkspaceSidebarDragTest testWorkspaceSidebarCreateScopeUsesFocusedScopeForSyntheticSelections]' passed (0.000 seconds).
Test Case '-[AppBundleTests.WorkspaceSidebarDragTest testWorkspaceSidebarDefaultScopeShowsWholeProject]' started.
Test Case '-[AppBundleTests.WorkspaceSidebarDragTest testWorkspaceSidebarDefaultScopeShowsWholeProject]' passed (0.000 seconds).
Test Case '-[AppBundleTests.WorkspaceSidebarDragTest testWorkspaceSidebarDragInProgressIgnoresNonSidebarMoves]' started.
Test Case '-[AppBundleTests.WorkspaceSidebarDragTest testWorkspaceSidebarDragInProgressIgnoresNonSidebarMoves]' passed (0.000 seconds).
Test Case '-[AppBundleTests.WorkspaceSidebarDragTest testWorkspaceSidebarDragInProgressRecognizesSidebarMoveSession]' started.
Test Case '-[AppBundleTests.WorkspaceSidebarDragTest testWorkspaceSidebarDragInProgressRecognizesSidebarMoveSession]' passed (0.000 seconds).
Test Case '-[AppBundleTests.WorkspaceSidebarDragTest testWorkspaceSidebarDragPayloadRoundTripsWindowAndTabGroupIds]' started.
Test Case '-[AppBundleTests.WorkspaceSidebarDragTest testWorkspaceSidebarDragPayloadRoundTripsWindowAndTabGroupIds]' passed (0.000 seconds).
Test Case '-[AppBundleTests.WorkspaceSidebarDragTest testWorkspaceSidebarExpansionDelayOnlyAppliesToPassiveCollapsedHover]' started.
Test Case '-[AppBundleTests.WorkspaceSidebarDragTest testWorkspaceSidebarExpansionDelayOnlyAppliesToPassiveCollapsedHover]' passed (0.000 seconds).
Test Case '-[AppBundleTests.WorkspaceSidebarDragTest testWorkspaceSidebarExplicitMonitorScopeOnlyMatchesThatMonitor]' started.
Test Case '-[AppBundleTests.WorkspaceSidebarDragTest testWorkspaceSidebarExplicitMonitorScopeOnlyMatchesThatMonitor]' passed (0.000 seconds).
Test Case '-[AppBundleTests.WorkspaceSidebarDragTest testWorkspaceSidebarFallbackWorkspaceNameFindsWindowsAndTabGroups]' started.
Test Case '-[AppBundleTests.WorkspaceSidebarDragTest testWorkspaceSidebarFallbackWorkspaceNameFindsWindowsAndTabGroups]' passed (0.000 seconds).
Test Case '-[AppBundleTests.WorkspaceSidebarDragTest testWorkspaceSidebarFocusedMonitorScopeOnlyMatchesFocusedMonitor]' started.
Test Case '-[AppBundleTests.WorkspaceSidebarDragTest testWorkspaceSidebarFocusedMonitorScopeOnlyMatchesFocusedMonitor]' passed (0.000 seconds).
Test Case '-[AppBundleTests.WorkspaceSidebarDragTest testWorkspaceSidebarFocusFilterDefaultsOff]' started.
Test Case '-[AppBundleTests.WorkspaceSidebarDragTest testWorkspaceSidebarFocusFilterDefaultsOff]' passed (0.000 seconds).
Test Case '-[AppBundleTests.WorkspaceSidebarDragTest testWorkspaceSidebarFooterBottomPaddingAddsSpaceWithoutClock]' started.
Test Case '-[AppBundleTests.WorkspaceSidebarDragTest testWorkspaceSidebarFooterBottomPaddingAddsSpaceWithoutClock]' passed (0.000 seconds).
Test Case '-[AppBundleTests.WorkspaceSidebarDragTest testWorkspaceSidebarHoverCueWidthDoesNotProtrudeTowardExpandedWidth]' started.
Test Case '-[AppBundleTests.WorkspaceSidebarDragTest testWorkspaceSidebarHoverCueWidthDoesNotProtrudeTowardExpandedWidth]' passed (0.000 seconds).
Test Case '-[AppBundleTests.WorkspaceSidebarDragTest testWorkspaceSidebarHoverCueWidthStaysCollapsed]' started.
Test Case '-[AppBundleTests.WorkspaceSidebarDragTest testWorkspaceSidebarHoverCueWidthStaysCollapsed]' passed (0.000 seconds).
Test Case '-[AppBundleTests.WorkspaceSidebarDragTest testWorkspaceSidebarHoverExpansionIsSuppressedForSidebarOriginatedDrags]' started.
Test Case '-[AppBundleTests.WorkspaceSidebarDragTest testWorkspaceSidebarHoverExpansionIsSuppressedForSidebarOriginatedDrags]' passed (0.000 seconds).
Test Case '-[AppBundleTests.WorkspaceSidebarDragTest testWorkspaceSidebarHoverExpansionRequiresAtLeastThreeQuarterDepth]' started.
Test Case '-[AppBundleTests.WorkspaceSidebarDragTest testWorkspaceSidebarHoverExpansionRequiresAtLeastThreeQuarterDepth]' passed (0.000 seconds).
Test Case '-[AppBundleTests.WorkspaceSidebarDragTest testWorkspaceSidebarInlineTextDeletesLastWord]' started.
Test Case '-[AppBundleTests.WorkspaceSidebarDragTest testWorkspaceSidebarInlineTextDeletesLastWord]' passed (0.000 seconds).
Test Case '-[AppBundleTests.WorkspaceSidebarDragTest testWorkspaceSidebarInUseOverlayOnlyAppliesToVisibleOtherMonitor]' started.
Test Case '-[AppBundleTests.WorkspaceSidebarDragTest testWorkspaceSidebarInUseOverlayOnlyAppliesToVisibleOtherMonitor]' passed (0.000 seconds).
Test Case '-[AppBundleTests.WorkspaceSidebarDragTest testWorkspaceSidebarIsSuppressedForWinMuxFullscreen]' started.
Test Case '-[AppBundleTests.WorkspaceSidebarDragTest testWorkspaceSidebarIsSuppressedForWinMuxFullscreen]' passed (0.001 seconds).
Test Case '-[AppBundleTests.WorkspaceSidebarDragTest testWorkspaceSidebarItemDragCanBeResetAfterMissedEnd]' started.
Test Case '-[AppBundleTests.WorkspaceSidebarDragTest testWorkspaceSidebarItemDragCanBeResetAfterMissedEnd]' passed (0.000 seconds).
Test Case '-[AppBundleTests.WorkspaceSidebarDragTest testWorkspaceSidebarLayerIsAboveAllWinMuxPanels]' started.
Test Case '-[AppBundleTests.WorkspaceSidebarDragTest testWorkspaceSidebarLayerIsAboveAllWinMuxPanels]' passed (0.000 seconds).
Test Case '-[AppBundleTests.WorkspaceSidebarDragTest testWorkspaceSidebarSearchFiltersByWindowTitleAndAppName]' started.
Test Case '-[AppBundleTests.WorkspaceSidebarDragTest testWorkspaceSidebarSearchFiltersByWindowTitleAndAppName]' passed (0.000 seconds).
Test Case '-[AppBundleTests.WorkspaceSidebarDragTest testWorkspaceSidebarSearchKeepsWholeWorkspaceForWorkspaceMatch]' started.
Test Case '-[AppBundleTests.WorkspaceSidebarDragTest testWorkspaceSidebarSearchKeepsWholeWorkspaceForWorkspaceMatch]' passed (0.000 seconds).
Test Case '-[AppBundleTests.WorkspaceSidebarDragTest testWorkspaceSidebarSnapshotIncludesEmptyWorkspaceInBrowsedProject]' started.
Test Case '-[AppBundleTests.WorkspaceSidebarDragTest testWorkspaceSidebarSnapshotIncludesEmptyWorkspaceInBrowsedProject]' passed (0.014 seconds).
Test Suite 'WorkspaceSidebarDragTest' passed at 2026-10-06 17:37:36.452.
	 Executed 67 tests, with 0 failures (0 unexpected) in 0.039 (0.043) seconds
Test Suite 'WorkspaceSidebarFullscreenTest' started at 2026-10-06 17:37:36.452.
Test Case '-[AppBundleTests.WorkspaceSidebarFullscreenTest testAlwaysExpandedSidebarKeepsConfiguredGapsWhileFullscreen]' started.
Test Case '-[AppBundleTests.WorkspaceSidebarFullscreenTest testAlwaysExpandedSidebarKeepsConfiguredGapsWhileFullscreen]' passed (0.010 seconds).
Test Case '-[AppBundleTests.WorkspaceSidebarFullscreenTest testFullscreenOnlyHidesSidebarOnItsMonitor]' started.
Test Case '-[AppBundleTests.WorkspaceSidebarFullscreenTest testFullscreenOnlyHidesSidebarOnItsMonitor]' passed (0.005 seconds).
Test Case '-[AppBundleTests.WorkspaceSidebarFullscreenTest testFullscreenReclaimsSidebarInsetAndRestoresItOnExit]' started.
Test Case '-[AppBundleTests.WorkspaceSidebarFullscreenTest testFullscreenReclaimsSidebarInsetAndRestoresItOnExit]' passed (0.010 seconds).
Test Case '-[AppBundleTests.WorkspaceSidebarFullscreenTest testFullscreenTabKeepsSidebarHiddenWhenSwitchingTabs]' started.
Test Case '-[AppBundleTests.WorkspaceSidebarFullscreenTest testFullscreenTabKeepsSidebarHiddenWhenSwitchingTabs]' passed (0.006 seconds).
Test Case '-[AppBundleTests.WorkspaceSidebarFullscreenTest testInactiveFullscreenWindowDoesNotHideSidebar]' started.
Test Case '-[AppBundleTests.WorkspaceSidebarFullscreenTest testInactiveFullscreenWindowDoesNotHideSidebar]' passed (0.005 seconds).
Test Case '-[AppBundleTests.WorkspaceSidebarFullscreenTest testNativeFullscreenHidesSidebarAndRestoresItOnExit]' started.
Test Case '-[AppBundleTests.WorkspaceSidebarFullscreenTest testNativeFullscreenHidesSidebarAndRestoresItOnExit]' passed (0.005 seconds).
Test Case '-[AppBundleTests.WorkspaceSidebarFullscreenTest testSwitchingAwayFromFullscreenWorkspaceRestoresSidebar]' started.
Test Case '-[AppBundleTests.WorkspaceSidebarFullscreenTest testSwitchingAwayFromFullscreenWorkspaceRestoresSidebar]' passed (0.005 seconds).
Test Suite 'WorkspaceSidebarFullscreenTest' passed at 2026-10-06 17:37:36.501.
	 Executed 7 tests, with 0 failures (0 unexpected) in 0.048 (0.049) seconds
Test Suite 'WorkspaceSidebarOrganizeTest' started at 2026-10-06 17:37:36.501.
Test Case '-[AppBundleTests.WorkspaceSidebarOrganizeTest testAutoscrollHasNoIdleTimerAndStopsAfterMouseUpOrMissedMouseUp]' started.
Test Case '-[AppBundleTests.WorkspaceSidebarOrganizeTest testAutoscrollHasNoIdleTimerAndStopsAfterMouseUpOrMissedMouseUp]' passed (0.011 seconds).
Test Case '-[AppBundleTests.WorkspaceSidebarOrganizeTest testAutoscrollStopsWhenHiddenOccludedOrDetached]' started.
Test Case '-[AppBundleTests.WorkspaceSidebarOrganizeTest testAutoscrollStopsWhenHiddenOccludedOrDetached]' passed (0.008 seconds).
Test Case '-[AppBundleTests.WorkspaceSidebarOrganizeTest testClippingKeepsPartiallyVisibleTargetsWithOriginalReorderGeometry]' started.
Test Case '-[AppBundleTests.WorkspaceSidebarOrganizeTest testClippingKeepsPartiallyVisibleTargetsWithOriginalReorderGeometry]' passed (0.000 seconds).
Test Case '-[AppBundleTests.WorkspaceSidebarOrganizeTest testDismantlingCancelsQueuedDragRefresh]' started.
Test Case '-[AppBundleTests.WorkspaceSidebarOrganizeTest testDismantlingCancelsQueuedDragRefresh]' passed (0.030 seconds).
Test Case '-[AppBundleTests.WorkspaceSidebarOrganizeTest testDragAndDropUseQueuedEventLocationInsteadOfGlobalCursor]' started.
Test Case '-[AppBundleTests.WorkspaceSidebarOrganizeTest testDragAndDropUseQueuedEventLocationInsteadOfGlobalCursor]' passed (0.001 seconds).
Test Case '-[AppBundleTests.WorkspaceSidebarOrganizeTest testEdgeScrollingStopsOutsideViewportAndAcceleratesTowardEdge]' started.
Test Case '-[AppBundleTests.WorkspaceSidebarOrganizeTest testEdgeScrollingStopsOutsideViewportAndAcceleratesTowardEdge]' passed (0.000 seconds).
Test Case '-[AppBundleTests.WorkspaceSidebarOrganizeTest testMenuAndSearchExpansionKeepAllOrganizeColumnsVisible]' started.
Test Case '-[AppBundleTests.WorkspaceSidebarOrganizeTest testMenuAndSearchExpansionKeepAllOrganizeColumnsVisible]' passed (0.024 seconds).
Test Case '-[AppBundleTests.WorkspaceSidebarOrganizeTest testNestedClippingExcludesHiddenColumnsAndVerticallyHiddenGroups]' started.
Test Case '-[AppBundleTests.WorkspaceSidebarOrganizeTest testNestedClippingExcludesHiddenColumnsAndVerticallyHiddenGroups]' passed (0.000 seconds).
Test Case '-[AppBundleTests.WorkspaceSidebarOrganizeTest testOrganizeModeIsPanelLocalAndIncludedInSnapshot]' started.
Test Case '-[AppBundleTests.WorkspaceSidebarOrganizeTest testOrganizeModeIsPanelLocalAndIncludedInSnapshot]' passed (0.004 seconds).
Test Case '-[AppBundleTests.WorkspaceSidebarOrganizeTest testOrganizeSnapshotIncludesEmptySpacesAndMovesDoNotActivateDestination]' started.
Test Case '-[AppBundleTests.WorkspaceSidebarOrganizeTest testOrganizeSnapshotIncludesEmptySpacesAndMovesDoNotActivateDestination]' passed (0.025 seconds).
Test Case '-[AppBundleTests.WorkspaceSidebarOrganizeTest testProductionOrganizeViewUsesNativeHorizontalScrollView]' started.
Test Case '-[AppBundleTests.WorkspaceSidebarOrganizeTest testProductionOrganizeViewUsesNativeHorizontalScrollView]' passed (0.181 seconds).
Test Case '-[AppBundleTests.WorkspaceSidebarOrganizeTest testResizeAndSpaceDeletionRecomputeNaturalWidth]' started.
Test Case '-[AppBundleTests.WorkspaceSidebarOrganizeTest testResizeAndSpaceDeletionRecomputeNaturalWidth]' passed (0.000 seconds).
Test Case '-[AppBundleTests.WorkspaceSidebarOrganizeTest testSearchTraversesAllOrganizeColumnsInSavedOrder]' started.
Test Case '-[AppBundleTests.WorkspaceSidebarOrganizeTest testSearchTraversesAllOrganizeColumnsInSavedOrder]' passed (0.015 seconds).
Test Case '-[AppBundleTests.WorkspaceSidebarOrganizeTest testSingleSpaceKeepsNormalWidthAndManySpacesFitDisplay]' started.
Test Case '-[AppBundleTests.WorkspaceSidebarOrganizeTest testSingleSpaceKeepsNormalWidthAndManySpacesFitDisplay]' passed (0.000 seconds).
Test Case '-[AppBundleTests.WorkspaceSidebarOrganizeTest testTabGroupMovesTogetherAndCanCreateGroupInInactiveSpace]' started.
Test Case '-[AppBundleTests.WorkspaceSidebarOrganizeTest testTabGroupMovesTogetherAndCanCreateGroupInInactiveSpace]' passed (0.013 seconds).
Test Suite 'WorkspaceSidebarOrganizeTest' passed at 2026-10-06 17:37:36.816.
	 Executed 15 tests, with 0 failures (0 unexpected) in 0.314 (0.315) seconds
Test Suite 'WorkspaceSidebarProjectIconTest' started at 2026-10-06 17:37:36.816.
Test Case '-[AppBundleTests.WorkspaceSidebarProjectIconTest testCatalogIsCompleteSortedUniqueAndIncludesKeywords]' started.
Test Case '-[AppBundleTests.WorkspaceSidebarProjectIconTest testCatalogIsCompleteSortedUniqueAndIncludesKeywords]' passed (0.039 seconds).
Test Case '-[AppBundleTests.WorkspaceSidebarProjectIconTest testConfigEditsRoundTripAndResetWithoutChangingOtherSections]' started.
Test Case '-[AppBundleTests.WorkspaceSidebarProjectIconTest testConfigEditsRoundTripAndResetWithoutChangingOtherSections]' passed (0.001 seconds).
Test Case '-[AppBundleTests.WorkspaceSidebarProjectIconTest testDeletedProjectCannotRecreateIconMetadata]' started.
Test Case '-[AppBundleTests.WorkspaceSidebarProjectIconTest testDeletedProjectCannotRecreateIconMetadata]' passed (0.000 seconds).
Test Case '-[AppBundleTests.WorkspaceSidebarProjectIconTest testExactNameLookupWorksWithoutCatalogEntryAndAvoidsDuplicates]' started.
Test Case '-[AppBundleTests.WorkspaceSidebarProjectIconTest testExactNameLookupWorksWithoutCatalogEntryAndAvoidsDuplicates]' passed (0.005 seconds).
Test Case '-[AppBundleTests.WorkspaceSidebarProjectIconTest testFailedPersistenceLeavesExistingIconUnchanged]' started.
Test Case '-[AppBundleTests.WorkspaceSidebarProjectIconTest testFailedPersistenceLeavesExistingIconUnchanged]' passed (0.004 seconds).
Test Case '-[AppBundleTests.WorkspaceSidebarProjectIconTest testIconFollowsProjectAcrossMonitorSelections]' started.
Test Case '-[AppBundleTests.WorkspaceSidebarProjectIconTest testIconFollowsProjectAcrossMonitorSelections]' passed (0.002 seconds).
Test Case '-[AppBundleTests.WorkspaceSidebarProjectIconTest testNameKeywordTokenSearchAndStableRanking]' started.
Test Case '-[AppBundleTests.WorkspaceSidebarProjectIconTest testNameKeywordTokenSearchAndStableRanking]' passed (0.001 seconds).
Test Case '-[AppBundleTests.WorkspaceSidebarProjectIconTest testNativeMenuImageRetainsItsColorAndFitsFourteenPoints]' started.
Test Case '-[AppBundleTests.WorkspaceSidebarProjectIconTest testNativeMenuImageRetainsItsColorAndFitsFourteenPoints]' passed (0.012 seconds).
Test Case '-[AppBundleTests.WorkspaceSidebarProjectIconTest testOSAvailabilityAndGridNavigationBoundaries]' started.
Test Case '-[AppBundleTests.WorkspaceSidebarProjectIconTest testOSAvailabilityAndGridNavigationBoundaries]' passed (0.001 seconds).
Test Case '-[AppBundleTests.WorkspaceSidebarProjectIconTest testParsesIconsAndPreservesUnavailableNames]' started.
Test Case '-[AppBundleTests.WorkspaceSidebarProjectIconTest testParsesIconsAndPreservesUnavailableNames]' passed (0.001 seconds).
Test Case '-[AppBundleTests.WorkspaceSidebarProjectIconTest testRenameAndReorderPreserveIconAndDeletionCleansItUp]' started.
Test Case '-[AppBundleTests.WorkspaceSidebarProjectIconTest testRenameAndReorderPreserveIconAndDeletionCleansItUp]' passed (0.002 seconds).
Test Case '-[AppBundleTests.WorkspaceSidebarProjectIconTest testSetNormalizesAndPersistsBeforePublishingThenClears]' started.
Test Case '-[AppBundleTests.WorkspaceSidebarProjectIconTest testSetNormalizesAndPersistsBeforePublishingThenClears]' passed (0.006 seconds).
Test Case '-[AppBundleTests.WorkspaceSidebarProjectIconTest testUnsupportedSymbolFallsBackWithoutDeletingStoredName]' started.
Test Case '-[AppBundleTests.WorkspaceSidebarProjectIconTest testUnsupportedSymbolFallsBackWithoutDeletingStoredName]' passed (0.001 seconds).
Test Case '-[AppBundleTests.WorkspaceSidebarProjectIconTest testWrittenIconsSurviveReload]' started.
Test Case '-[AppBundleTests.WorkspaceSidebarProjectIconTest testWrittenIconsSurviveReload]' passed (0.004 seconds).
Test Suite 'WorkspaceSidebarProjectIconTest' passed at 2026-10-06 17:37:36.897.
	 Executed 14 tests, with 0 failures (0 unexpected) in 0.080 (0.081) seconds
Test Suite 'WorkspaceSidebarPublicationTest' started at 2026-10-06 17:37:36.897.
Test Case '-[AppBundleTests.WorkspaceSidebarPublicationTest testOptimisticGroupSelectionPreservesPinnedSectionUntilAsyncRefresh]' started.
Test Case '-[AppBundleTests.WorkspaceSidebarPublicationTest testOptimisticGroupSelectionPreservesPinnedSectionUntilAsyncRefresh]' passed (0.001 seconds).
Test Case '-[AppBundleTests.WorkspaceSidebarPublicationTest testRefreshingExpandedSidebarDoesNotPublishUnchangedExpansion]' started.
Test Case '-[AppBundleTests.WorkspaceSidebarPublicationTest testRefreshingExpandedSidebarDoesNotPublishUnchangedExpansion]' passed (0.003 seconds).
Test Case '-[AppBundleTests.WorkspaceSidebarPublicationTest testUnrelatedMenuChangeDoesNotInvalidateSidebarAndLocalStateSurvivesSync]' started.
Test Case '-[AppBundleTests.WorkspaceSidebarPublicationTest testUnrelatedMenuChangeDoesNotInvalidateSidebarAndLocalStateSurvivesSync]' passed (0.004 seconds).
Test Suite 'WorkspaceSidebarPublicationTest' passed at 2026-10-06 17:37:36.905.
	 Executed 3 tests, with 0 failures (0 unexpected) in 0.008 (0.008) seconds
Test Suite 'WorkspaceSidebarSurfaceDragTest' started at 2026-10-06 17:37:36.905.
Test Case '-[AppBundleTests.WorkspaceSidebarSurfaceDragTest testAnotherSubjectCannotTakeOverOrFinishAnActiveGesture]' started.
Test Case '-[AppBundleTests.WorkspaceSidebarSurfaceDragTest testAnotherSubjectCannotTakeOverOrFinishAnActiveGesture]' passed (0.058 seconds).
Test Case '-[AppBundleTests.WorkspaceSidebarSurfaceDragTest testCancellationCannotRestartOrCommitUntilPointerRelease]' started.
Test Case '-[AppBundleTests.WorkspaceSidebarSurfaceDragTest testCancellationCannotRestartOrCommitUntilPointerRelease]' passed (0.001 seconds).
Test Case '-[AppBundleTests.WorkspaceSidebarSurfaceDragTest testGroupPayloadKeepsItsUUIDAndRejectsInvalidNumericOwners]' started.
Test Case '-[AppBundleTests.WorkspaceSidebarSurfaceDragTest testGroupPayloadKeepsItsUUIDAndRejectsInvalidNumericOwners]' passed (0.000 seconds).
Test Case '-[AppBundleTests.WorkspaceSidebarSurfaceDragTest testLeafPreviewRetainsProfileQualifiedIdentityWithoutNativeWindowNumber]' started.
Test Case '-[AppBundleTests.WorkspaceSidebarSurfaceDragTest testLeafPreviewRetainsProfileQualifiedIdentityWithoutNativeWindowNumber]' passed (0.001 seconds).
Test Case '-[AppBundleTests.WorkspaceSidebarSurfaceDragTest testMixedGroupPreviewUsesTheEntireTreeEvenWhenPresentationIsFiltered]' started.
Test Case '-[AppBundleTests.WorkspaceSidebarSurfaceDragTest testMixedGroupPreviewUsesTheEntireTreeEvenWhenPresentationIsFiltered]' passed (0.008 seconds).
Test Case '-[AppBundleTests.WorkspaceSidebarSurfaceDragTest testMovingSelectedNativeSidebarLeafKeepsFocusOnTheSourceGroup]' started.
Test Case '-[AppBundleTests.WorkspaceSidebarSurfaceDragTest testMovingSelectedNativeSidebarLeafKeepsFocusOnTheSourceGroup]' passed (0.013 seconds).
Test Case '-[AppBundleTests.WorkspaceSidebarSurfaceDragTest testPanelExpansionStaysLockedDuringSidebarGestureWithoutNativeDragOrDropPreview]' started.
Test Case '-[AppBundleTests.WorkspaceSidebarSurfaceDragTest testPanelExpansionStaysLockedDuringSidebarGestureWithoutNativeDragOrDropPreview]' passed (0.010 seconds).
Test Case '-[AppBundleTests.WorkspaceSidebarSurfaceDragTest testRejectedNewGroupMoveDoesNotLeaveAnEmptyDestination]' started.
Test Case '-[AppBundleTests.WorkspaceSidebarSurfaceDragTest testRejectedNewGroupMoveDoesNotLeaveAnEmptyDestination]' passed (0.001 seconds).
Test Case '-[AppBundleTests.WorkspaceSidebarSurfaceDragTest testRejectedNewGroupMovePreservesAnExistingRetainedEmptyGroup]' started.
Test Case '-[AppBundleTests.WorkspaceSidebarSurfaceDragTest testRejectedNewGroupMovePreservesAnExistingRetainedEmptyGroup]' passed (0.006 seconds).
Test Suite 'WorkspaceSidebarSurfaceDragTest' passed at 2026-10-06 17:37:37.003.
	 Executed 9 tests, with 0 failures (0 unexpected) in 0.098 (0.098) seconds
Test Suite 'WorkspaceSidebarTransitionTest' started at 2026-10-06 17:37:37.003.
Test Case '-[AppBundleTests.WorkspaceSidebarTransitionTest testExpansionBookkeepingDoesNotInvalidateRenderedSnapshot]' started.
Test Case '-[AppBundleTests.WorkspaceSidebarTransitionTest testExpansionBookkeepingDoesNotInvalidateRenderedSnapshot]' passed (0.058 seconds).
Test Case '-[AppBundleTests.WorkspaceSidebarTransitionTest testHoverCollapseReachesRestingState]' started.
Test Case '-[AppBundleTests.WorkspaceSidebarTransitionTest testHoverCollapseReachesRestingState]' passed (0.130 seconds).
Test Case '-[AppBundleTests.WorkspaceSidebarTransitionTest testMenuAndEditorLocksPreventHoverCollapse]' started.
Test Case '-[AppBundleTests.WorkspaceSidebarTransitionTest testMenuAndEditorLocksPreventHoverCollapse]' passed (0.053 seconds).
Test Case '-[AppBundleTests.WorkspaceSidebarTransitionTest testPendingExitKeepsContentAndItsOriginalDeadline]' started.
Test Case '-[AppBundleTests.WorkspaceSidebarTransitionTest testPendingExitKeepsContentAndItsOriginalDeadline]' passed (0.053 seconds).
Test Case '-[AppBundleTests.WorkspaceSidebarTransitionTest testPointerMovementDuringCloseDoesNotScheduleAnotherCollapse]' started.
Test Case '-[AppBundleTests.WorkspaceSidebarTransitionTest testPointerMovementDuringCloseDoesNotScheduleAnotherCollapse]' passed (0.057 seconds).
Test Case '-[AppBundleTests.WorkspaceSidebarTransitionTest testReentryCancelsExitWithoutAnotherExpansion]' started.
Test Case '-[AppBundleTests.WorkspaceSidebarTransitionTest testReentryCancelsExitWithoutAnotherExpansion]' passed (0.049 seconds).
Test Case '-[AppBundleTests.WorkspaceSidebarTransitionTest testReentryDuringCloseCancelsFinalizationAndRestoresWidth]' started.
Test Case '-[AppBundleTests.WorkspaceSidebarTransitionTest testReentryDuringCloseCancelsFinalizationAndRestoresWidth]' passed (0.053 seconds).
Test Case '-[AppBundleTests.WorkspaceSidebarTransitionTest testRepeatedExpansionRequestsDoNotPublishOrRestartTransition]' started.
[sidebar-rename-debug] 2026-10-07 00:37:37 +0000 beginInlineTextEditing isKeyBefore=false firstResponder=Optional(<AppBundle.WorkspaceSidebarPanel: 0x7c0bc80c00>) mouseInside=false
[sidebar-rename-debug] 2026-10-07 00:37:37 +0000 prepareForInlineTextEditing before visible=false isKey=false ignoresMouse=true firstResponder=Optional(<AppBundle.WorkspaceSidebarPanel: 0x7c0bc80c00>)
[sidebar-rename-debug] 2026-10-07 00:37:37 +0000 endInlineTextEditing isKey=false firstResponder=Optional(<AppBundle.WorkspaceSidebarPanel: 0x7c0bc80c00>)
[sidebar-rename-debug] 2026-10-07 00:37:37 +0000 prepareForInlineTextEditing after visible=true isKey=false ignoresMouse=false firstResponder=Optional(<AppBundle.WorkspaceSidebarPanel: 0x7c0bc80c00>) activeApp=false
[sidebar-rename-debug] 2026-10-07 00:37:37 +0000 installKeyEventTap ok
Test Case '-[AppBundleTests.WorkspaceSidebarTransitionTest testRepeatedExpansionRequestsDoNotPublishOrRestartTransition]' passed (0.095 seconds).
Test Suite 'WorkspaceSidebarTransitionTest' passed at 2026-10-06 17:37:37.552.
	 Executed 8 tests, with 0 failures (0 unexpected) in 0.548 (0.549) seconds
Test Suite 'WorkspaceSidebarWidthTest' started at 2026-10-06 17:37:37.552.
Test Case '-[AppBundleTests.WorkspaceSidebarWidthTest testDensityUsesSectionWidthAfterInsets]' started.
Test Case '-[AppBundleTests.WorkspaceSidebarWidthTest testDensityUsesSectionWidthAfterInsets]' passed (0.000 seconds).
Test Case '-[AppBundleTests.WorkspaceSidebarWidthTest testDottedWidthIsUpdatedWithoutDuplicateTable]' started.
Test Case '-[AppBundleTests.WorkspaceSidebarWidthTest testDottedWidthIsUpdatedWithoutDuplicateTable]' passed (0.000 seconds).
Test Case '-[AppBundleTests.WorkspaceSidebarWidthTest testMissingWidthIsInsertedInSidebarTable]' started.
Test Case '-[AppBundleTests.WorkspaceSidebarWidthTest testMissingWidthIsInsertedInSidebarTable]' passed (0.000 seconds).
Test Case '-[AppBundleTests.WorkspaceSidebarWidthTest testResizeClampsToUsableWidthsAndDisplay]' started.
Test Case '-[AppBundleTests.WorkspaceSidebarWidthTest testResizeClampsToUsableWidthsAndDisplay]' passed (0.000 seconds).
Test Case '-[AppBundleTests.WorkspaceSidebarWidthTest testWidthEditPreservesCommentAndUnrelatedSettings]' started.
Test Case '-[AppBundleTests.WorkspaceSidebarWidthTest testWidthEditPreservesCommentAndUnrelatedSettings]' passed (0.000 seconds).
Test Suite 'WorkspaceSidebarWidthTest' passed at 2026-10-06 17:37:37.554.
	 Executed 5 tests, with 0 failures (0 unexpected) in 0.001 (0.001) seconds
Test Suite 'WorkspaceSwitchFrameTest' started at 2026-10-06 17:37:37.554.
Test Case '-[AppBundleTests.WorkspaceSwitchFrameTest testCancelledObservationClearsOldAcceptedSizeAndRequestedFrame]' started.
Test Case '-[AppBundleTests.WorkspaceSwitchFrameTest testCancelledObservationClearsOldAcceptedSizeAndRequestedFrame]' passed (0.030 seconds).
Test Case '-[AppBundleTests.WorkspaceSwitchFrameTest testClampedNativeSizeDoesNotBecomeAnAcceptedFrame]' started.
Test Case '-[AppBundleTests.WorkspaceSwitchFrameTest testClampedNativeSizeDoesNotBecomeAnAcceptedFrame]' passed (0.033 seconds).
Test Case '-[AppBundleTests.WorkspaceSwitchFrameTest testFloatingFrameMapsAndClampsOnlyWhenMonitorChanges]' started.
Test Case '-[AppBundleTests.WorkspaceSwitchFrameTest testFloatingFrameMapsAndClampsOnlyWhenMonitorChanges]' passed (0.019 seconds).
Test Case '-[AppBundleTests.WorkspaceSwitchFrameTest testFloatingFrameReturnsExactlyIncludingPartialOffscreenPlacement]' started.
Test Case '-[AppBundleTests.WorkspaceSwitchFrameTest testFloatingFrameReturnsExactlyIncludingPartialOffscreenPlacement]' passed (0.001 seconds).
Test Case '-[AppBundleTests.WorkspaceSwitchFrameTest testFloatingLayoutDoesNotRelocateJustRestoredCrossMonitorWindow]' started.
Test Case '-[AppBundleTests.WorkspaceSwitchFrameTest testFloatingLayoutDoesNotRelocateJustRestoredCrossMonitorWindow]' passed (0.001 seconds).
Test Case '-[AppBundleTests.WorkspaceSwitchFrameTest testHiddenResizeInvalidatesAcceptedSizeButParkingMoveDoesNot]' started.
Test Case '-[AppBundleTests.WorkspaceSwitchFrameTest testHiddenResizeInvalidatesAcceptedSizeButParkingMoveDoesNot]' passed (0.010 seconds).
Test Case '-[AppBundleTests.WorkspaceSwitchFrameTest testParkedTilingToFloatingConversionKeepsCommandSelectedSize]' started.
Test Case '-[AppBundleTests.WorkspaceSwitchFrameTest testParkedTilingToFloatingConversionKeepsCommandSelectedSize]' passed (0.006 seconds).
Test Case '-[AppBundleTests.WorkspaceSwitchFrameTest testRepeatedGroupRestoresQueueFramesWithoutRepeatedNativeProbes]' started.
Test Case '-[AppBundleTests.WorkspaceSwitchFrameTest testRepeatedGroupRestoresQueueFramesWithoutRepeatedNativeProbes]' passed (0.006 seconds).
Test Case '-[AppBundleTests.WorkspaceSwitchFrameTest testResizeAndNativeGeometryEventsRecheckAcceptedSize]' started.
Test Case '-[AppBundleTests.WorkspaceSwitchFrameTest testResizeAndNativeGeometryEventsRecheckAcceptedSize]' passed (0.006 seconds).
Test Case '-[AppBundleTests.WorkspaceSwitchFrameTest testResizeDuringObservationCannotRestoreAcceptedSize]' started.
Test Case '-[AppBundleTests.WorkspaceSwitchFrameTest testResizeDuringObservationCannotRestoreAcceptedSize]' passed (0.006 seconds).
Test Case '-[AppBundleTests.WorkspaceSwitchFrameTest testSupersededObservationCannotCacheAnObsoleteFrame]' started.
Test Case '-[AppBundleTests.WorkspaceSwitchFrameTest testSupersededObservationCannotCacheAnObsoleteFrame]' passed (0.006 seconds).
Test Suite 'WorkspaceSwitchFrameTest' passed at 2026-10-06 17:37:37.676.
	 Executed 11 tests, with 0 failures (0 unexpected) in 0.121 (0.122) seconds
Test Suite 'WorkspaceViewsPerformanceTest' started at 2026-10-06 17:37:37.676.
Test Case '-[AppBundleTests.WorkspaceViewsPerformanceTest testStandaloneSidebarRefreshBenchmark]' started.
Test Case '-[AppBundleTests.WorkspaceViewsPerformanceTest testStandaloneSidebarRefreshBenchmark]' passed (0.361 seconds).
Test Suite 'WorkspaceViewsPerformanceTest' passed at 2026-10-06 17:37:38.037.
	 Executed 1 test, with 0 failures (0 unexpected) in 0.361 (0.361) seconds
Test Suite 'WorkspaceViewsTest' started at 2026-10-06 17:37:38.037.
Test Case '-[AppBundleTests.WorkspaceViewsTest testAllocatorRetainsMinimizedAndNamedEmptyViews]' started.
Test Case '-[AppBundleTests.WorkspaceViewsTest testAllocatorRetainsMinimizedAndNamedEmptyViews]' passed (0.037 seconds).
Test Case '-[AppBundleTests.WorkspaceViewsTest testBrowserCreationAllocatesExactlyOneViewInEitherArrivalOrder]' started.
2026-10-06 17:37:38.086 xctest[74006:6486371] WinMux new tab: dispatch
2026-10-06 17:37:38.086 xctest[74006:6486371] WinMux new tab: issued
2026-10-06 17:37:38.090 xctest[74006:6486371] WinMux new tab: dispatch
2026-10-06 17:37:38.090 xctest[74006:6486371] WinMux new tab: issued
Test Case '-[AppBundleTests.WorkspaceViewsTest testBrowserCreationAllocatesExactlyOneViewInEitherArrivalOrder]' passed (0.017 seconds).
Test Case '-[AppBundleTests.WorkspaceViewsTest testClosingLastWindowRemovesUsedNamedGroupAndFocusesRemainingView]' started.
Test Case '-[AppBundleTests.WorkspaceViewsTest testClosingLastWindowRemovesUsedNamedGroupAndFocusesRemainingView]' passed (0.009 seconds).
Test Case '-[AppBundleTests.WorkspaceViewsTest testCombineSeparateAndPinnedBoundaryAreTransactional]' started.
Test Case '-[AppBundleTests.WorkspaceViewsTest testCombineSeparateAndPinnedBoundaryAreTransactional]' passed (0.016 seconds).
Test Case '-[AppBundleTests.WorkspaceViewsTest testDelayedBrowserCreationKeepsCapturedSpaceAndDoesNotTakeBackFocus]' started.
2026-10-06 17:37:38.127 xctest[74006:6486371] WinMux new tab: dispatch
2026-10-06 17:37:38.127 xctest[74006:6486371] WinMux new tab: issued
Test Case '-[AppBundleTests.WorkspaceViewsTest testDelayedBrowserCreationKeepsCapturedSpaceAndDoesNotTakeBackFocus]' passed (0.012 seconds).
Test Case '-[AppBundleTests.WorkspaceViewsTest testFailedBrowserCreationDoesNotAllocateAView]' started.
2026-10-06 17:37:38.139 xctest[74006:6486371] WinMux new tab: dispatch
2026-10-06 17:37:38.139 xctest[74006:6486371] WinMux new tab: unavailable
Test Case '-[AppBundleTests.WorkspaceViewsTest testFailedBrowserCreationDoesNotAllocateAView]' passed (0.011 seconds).
Test Case '-[AppBundleTests.WorkspaceViewsTest testMinimizedMemberKeepsGroupAndLastClosedViewLeavesBlankSpace]' started.
Test Case '-[AppBundleTests.WorkspaceViewsTest testMinimizedMemberKeepsGroupAndLastClosedViewLeavesBlankSpace]' passed (0.006 seconds).
Test Case '-[AppBundleTests.WorkspaceViewsTest testModeIsOptInAndRejectsUnknownValues]' started.
Test Case '-[AppBundleTests.WorkspaceViewsTest testModeIsOptInAndRejectsUnknownValues]' passed (0.001 seconds).
Test Case '-[AppBundleTests.WorkspaceViewsTest testMovingLastWindowPrunesAutomaticGroupButKeepsUnusedNamedGroup]' started.
Test Case '-[AppBundleTests.WorkspaceViewsTest testMovingLastWindowPrunesAutomaticGroupButKeepsUnusedNamedGroup]' passed (0.003 seconds).
Test Case '-[AppBundleTests.WorkspaceViewsTest testMultipleBackgroundArrivalsHaveSeparateViewsWithoutSelection]' started.
Test Case '-[AppBundleTests.WorkspaceViewsTest testMultipleBackgroundArrivalsHaveSeparateViewsWithoutSelection]' passed (0.007 seconds).
Test Case '-[AppBundleTests.WorkspaceViewsTest testNativeArrivalDoesNotShrinkExistingViewOrUseNamedEmptyGroup]' started.
Test Case '-[AppBundleTests.WorkspaceViewsTest testNativeArrivalDoesNotShrinkExistingViewOrUseNamedEmptyGroup]' passed (0.004 seconds).
Test Case '-[AppBundleTests.WorkspaceViewsTest testPinnedViewsSelectIndependentlyAndUnpinIntoStandaloneView]' started.
Test Case '-[AppBundleTests.WorkspaceViewsTest testPinnedViewsSelectIndependentlyAndUnpinIntoStandaloneView]' passed (0.023 seconds).
Test Case '-[AppBundleTests.WorkspaceViewsTest testPinningTwoWindowsOfSameAppKeepsEachInItsOwnDesktop]' started.
Test Case '-[AppBundleTests.WorkspaceViewsTest testPinningTwoWindowsOfSameAppKeepsEachInItsOwnDesktop]' passed (0.026 seconds).
Test Case '-[AppBundleTests.WorkspaceViewsTest testSearchDoesNotPresentOneMatchingMemberAsAStandaloneView]' started.
Test Case '-[AppBundleTests.WorkspaceViewsTest testSearchDoesNotPresentOneMatchingMemberAsAStandaloneView]' passed (0.015 seconds).
Test Case '-[AppBundleTests.WorkspaceViewsTest testSeparatingSingletonIsNoOpAndPreservesItsName]' started.
Test Case '-[AppBundleTests.WorkspaceViewsTest testSeparatingSingletonIsNoOpAndPreservesItsName]' passed (0.001 seconds).
Test Case '-[AppBundleTests.WorkspaceViewsTest testUnpinDuringBrowserReopenPlacesCreatedPageInItsOwnView]' started.
2026-10-06 17:37:38.232 xctest[74006:6486371] WinMux new tab: dispatch
2026-10-06 17:37:38.232 xctest[74006:6486371] WinMux new tab: issued
Test Case '-[AppBundleTests.WorkspaceViewsTest testUnpinDuringBrowserReopenPlacesCreatedPageInItsOwnView]' passed (0.007 seconds).
Test Suite 'WorkspaceViewsTest' passed at 2026-10-06 17:37:38.233.
	 Executed 16 tests, with 0 failures (0 unexpected) in 0.194 (0.196) seconds
Test Suite 'WorkspaceVisibilityBenchmarkTest' started at 2026-10-06 17:37:38.233.
Test Case '-[AppBundleTests.WorkspaceVisibilityBenchmarkTest testEmptyAndMinimizedWorkspaceVisibilityBenchmark]' started.
Test Case '-[AppBundleTests.WorkspaceVisibilityBenchmarkTest testEmptyAndMinimizedWorkspaceVisibilityBenchmark]' passed (0.098 seconds).
Test Suite 'WorkspaceVisibilityBenchmarkTest' passed at 2026-10-06 17:37:38.332.
	 Executed 1 test, with 0 failures (0 unexpected) in 0.098 (0.099) seconds
Test Suite 'WorkspaceVisibilitySnapshotTest' started at 2026-10-06 17:37:38.332.
Test Case '-[AppBundleTests.WorkspaceVisibilitySnapshotTest testBatchedVisibilityMatchesOriginalRulesAcrossLifecycleChanges]' started.
Test Case '-[AppBundleTests.WorkspaceVisibilitySnapshotTest testBatchedVisibilityMatchesOriginalRulesAcrossLifecycleChanges]' passed (0.320 seconds).
Test Suite 'WorkspaceVisibilitySnapshotTest' passed at 2026-10-06 17:37:38.652.
	 Executed 1 test, with 0 failures (0 unexpected) in 0.320 (0.320) seconds
Test Suite 'AppBundleTests.xctest' passed at 2026-10-06 17:37:38.652.
	 Executed 1015 tests, with 0 failures (0 unexpected) in 14.883 (14.979) seconds
Test Suite 'All tests' passed at 2026-10-06 17:37:38.652.
	 Executed 1015 tests, with 0 failures (0 unexpected) in 14.883 (14.980) seconds
AX_REFRESH_BENCHMARK {"normalizeCount":0,"iterations":10,"branch":"unknown","event":"ax(AXFocusedWindowChanged)","elapsedMilliseconds":7.439833,"scenario":"focused-window-changed","normalizeDelayMilliseconds":40,"refreshDelayMilliseconds":80,"refreshCount":0}
AX_REFRESH_BENCHMARK {"normalizeCount":10,"normalizeDelayMilliseconds":40,"iterations":10,"branch":"unknown","refreshDelayMilliseconds":80,"event":"ax(AXWindowCreated)","refreshCount":10,"elapsedMilliseconds":1308.137084,"scenario":"window-created"}
AX_REFRESH_BENCHMARK {"normalizeCount":0,"iterations":10,"branch":"unknown","event":"globalObserver(NSWorkspaceDidActivateApplicationNotification)","elapsedMilliseconds":6.934291,"scenario":"app-activation","normalizeDelayMilliseconds":40,"refreshDelayMilliseconds":80,"refreshCount":0}
FOCUS_LATENCY_BENCHMARK explicit_focus_geometry_reads=0 elapsed=0.00116975 seconds
FOCUS_LATENCY_BENCHMARK fullscreen_reads=1 elapsed=0.003174458 seconds
GEOMETRY_BENCHMARK scope=all simulatedFrameCostMs=1 frameRequests=120 medianMs=8.54225 p95Ms=8.664708
GEOMETRY_BENCHMARK scope=windows([1: 0]) simulatedFrameCostMs=1 frameRequests=20 medianMs=2.186 p95Ms=2.354292
LAYOUT_FRAME_BENCHMARK {"frameDelayMilliseconds":1,"iterations":10,"branch":"unknown","scenario":"steady-hotkey","frameWriteCount":60,"windowCount":6,"elapsedMilliseconds":77.436083}
LAYOUT_FRAME_BENCHMARK {"iterations":10,"frameDelayMilliseconds":1,"windowCount":6,"frameWriteCount":60,"branch":"unknown","scenario":"steady-ax","elapsedMilliseconds":77.289458}
MODEL_REFRESH_BENCHMARK frozen-256-siblings median_ms=0.985292 p95_ms=0.999542
MODEL_REFRESH_BENCHMARK closed-cache-256-windows median_ms=0.179708 p95_ms=0.18225
MODEL_REFRESH_BENCHMARK session-128-windows-json median_ms=1.294083 p95_ms=1.42975
MODEL_REFRESH_BENCHMARK session-128-windows-values median_ms=0.09425 p95_ms=0.105
MODEL_REFRESH_BENCHMARK sidebar-8-groups median_ms=0.735833 p95_ms=0.885291
MODEL_REFRESH_BENCHMARK sidebar-32-groups median_ms=4.954833 p95_ms=5.273875
MODEL_REFRESH_BENCHMARK tabs-40-windows median_ms=2.983083 p95_ms=3.121667
POST_COMMAND_REFRESH_BENCHMARK {"refreshDelayMilliseconds":100,"scenario":"safe-command","branch":"unknown","scheduledRefreshCount":0,"elapsedMilliseconds":3.801709,"iterations":10}
POST_COMMAND_REFRESH_BENCHMARK {"iterations":10,"scenario":"unsafe-command","refreshDelayMilliseconds":100,"branch":"unknown","scheduledRefreshCount":10,"elapsedMilliseconds":1044.822875}
LIFECYCLE_REFRESH_BENCHMARK simulatedSlowApp=100ms global=0.108409084 seconds scoped=0.000564166 seconds
WINDOW_TITLE_BENCHMARK {"iterations":1,"titleDelayMilliseconds":1,"titleGetCount":0,"windowsPerWorkspace":5,"scenario":"cold","branch":"unknown","elapsedMilliseconds":23.283209,"workspaceCount":4}
WINDOW_TITLE_BENCHMARK {"workspaceCount":4,"titleDelayMilliseconds":1,"branch":"unknown","scenario":"steady","titleGetCount":0,"windowsPerWorkspace":5,"iterations":10,"elapsedMilliseconds":38.672833}
SIDEBAR_CLOSE_BENCHMARK elapsed=0.088016416 seconds
SIDEBAR_TRANSITION_BENCHMARK requests=100 publications=0 expansionNotifications=0
VIEWS_SIDEBAR_BENCHMARK count=50 samples=10 median_ms=1.939625 p95_ms=2.85425
VIEWS_SIDEBAR_BENCHMARK count=200 samples=10 median_ms=15.859084 p95_ms=16.101958
VISIBILITY_BENCHMARK groups=96 minimized=24 median_ms=0.841042 p95_ms=0.866125
◇ Test run started.
↳ Testing Library Version: 2084
↳ Target Platform: arm64e-apple-macos14.0
✔ Test run with 0 tests in 0 suites passed after 0.001 seconds.
/Applications/Xcode.app/Contents/Developer/usr/bin/make dev-test DEV_BUILD_CONFIGURATION=release
/bin/bash -lc 'cd "/Users/james/Documents/Codex/winmux" && source ./script/setup.sh && swift test -c "release" -Xswiftc -DDEBUG'
warning: swiftly is not installed. Fallback to plain swift. Swift compilation might not be reproducible
swift-driver version: 1.168.6 Apple Swift version 6.4 (swiftlang-6.4.0.34.1 clang-2100.3.34.1)
Target: arm64-apple-macosx27.0.0
Building for production...
[Computing dependencies]
[Provisioning 3 / 41]
[Pre-planning 1 / 949]
[Planning 198 / 949]
[Planning deferred tasks]
[Starting]
[33 / 125] CTOML
[39 / 136]
[41 / 137] InternalCollectionsUtilities
[44 / 138] WorkspaceCore
[46 / 136] SparkleSupport
[54 / 136] winmux-window-capture-product
[58 / 138] ISSoundAdditions
[60 / 134] InternalCollectionsUtilities
[67 / 140] DequeModule
[71 / 145] HeapModule
[73 / 145] HeapModule
[76 / 146] DequeModule
[78 / 144] CTOML
[81 / 148] CTOML
[82 / 148] CTOML
[82 / 148] HotKey
[85 / 143] CTOML
[85 / 143] TOMLKit
[87 / 140] CTOML
[89 / 140] BitCollections
[94 / 143] HashTreeCollections
[101 / 148] _RopeModule
[106 / 151] Collections
[109 / 152] WorkspaceCore
[114 / 151] BridgeCore
[115 / 152] BridgeCore
[116 / 151] Antlr4
[119 / 153] ShellParserGenerated
[121 / 154] ShellParserGenerated
/Users/james/Documents/Codex/winmux/Sources/Common/util/commonUtil.swift:59:9: warning: unstructured throwing task created by 'init(name:priority:operation:)' is not used, which may accidentally ignore errors thrown inside the task [#NoUseUnstructuredThrowingTask]
 57 |     if !isUnitTest && !recursionDetectorDuringTermination {
 58 |         let semaphore = DispatchSemaphore(value: 0)
 59 |         Task {
    |         |- warning: unstructured throwing task created by 'init(name:priority:operation:)' is not used, which may accidentally ignore errors thrown inside the task [#NoUseUnstructuredThrowingTask]
    |         `- note: to silence this warning, handle the error inside the task, or store/discard the task value explicitly
 60 |             defer { semaphore.signal() }
 61 |             try await $recursionDetectorDuringTermination.withValue(true) {

[#NoUseUnstructuredThrowingTask]: <https://docs.swift.org/compiler/documentation/diagnostics/no-use-throwing-unstructured-task>
[123 / 150] Common
[128 / 152] winmux-product
[129 / 153] AppBundle
[132 / 155] winmux-product
[134 / 155] winmux-product
/Users/james/Documents/Codex/winmux/Sources/AppBundle/GlobalObserver.swift:31:9: warning: unstructured throwing task created by 'init(name:priority:operation:)' is not used, which may accidentally ignore errors thrown inside the task [#NoUseUnstructuredThrowingTask]
 29 |     private static func onHideApp(_ notification: Notification) {
 30 |         let notifName = notification.name.rawValue
 31 |         Task { @MainActor in
    |         |- warning: unstructured throwing task created by 'init(name:priority:operation:)' is not used, which may accidentally ignore errors thrown inside the task [#NoUseUnstructuredThrowingTask]
    |         `- note: to silence this warning, handle the error inside the task, or store/discard the task value explicitly
 32 |             guard let token: RunSessionGuard = .isServerEnabled else { return }
 33 |             try await runLightSession(.globalObserver(notifName), token) {

/Users/james/Documents/Codex/winmux/Sources/AppBundle/GlobalObserver.swift:131:13: warning: unstructured throwing task created by 'init(name:priority:operation:)' is not used, which may accidentally ignore errors thrown inside the task [#NoUseUnstructuredThrowingTask]
129 |             //  resetManipulatedWithMouseIfPossible might call its own refreshSession
130 |             //  The end of the callback calls refreshSession
131 |             Task { @MainActor in
    |             |- warning: unstructured throwing task created by 'init(name:priority:operation:)' is not used, which may accidentally ignore errors thrown inside the task [#NoUseUnstructuredThrowingTask]
    |             `- note: to silence this warning, handle the error inside the task, or store/discard the task value explicitly
132 |                 finishWorkspaceSidebarDragAfterGlobalMouseUp()
133 |                 guard let token: RunSessionGuard = .isServerEnabled else { return }

/Users/james/Documents/Codex/winmux/Sources/AppBundle/config/HotkeyBinding.swift:112:5: warning: unstructured throwing task created by 'init(name:priority:operation:)' is not used, which may accidentally ignore errors thrown inside the task [#NoUseUnstructuredThrowingTask]
110 | @MainActor private func triggerBinding(_ binding: String, _ commands: [any Command]) {
111 |     if hotkeysSuspended { return }
112 |     Task {
    |     |- warning: unstructured throwing task created by 'init(name:priority:operation:)' is not used, which may accidentally ignore errors thrown inside the task [#NoUseUnstructuredThrowingTask]
    |     `- note: to silence this warning, handle the error inside the task, or store/discard the task value explicitly
113 |         if let activeMode {
114 |             broadcastEvent(.bindingTriggered(

/Users/james/Documents/Codex/winmux/Sources/AppBundle/focus.swift:265:5: warning: unstructured throwing task created by 'init(name:priority:operation:)' is not used, which may accidentally ignore errors thrown inside the task [#NoUseUnstructuredThrowingTask]
263 |     guard let token: RunSessionGuard = .isServerEnabled else { return }
264 |     // todo potential optimization: don't run runSession if we are already in runSession
265 |     Task {
    |     |- warning: unstructured throwing task created by 'init(name:priority:operation:)' is not used, which may accidentally ignore errors thrown inside the task [#NoUseUnstructuredThrowingTask]
    |     `- note: to silence this warning, handle the error inside the task, or store/discard the task value explicitly
266 |         try await runLightSession(.onFocusedMonitorChanged, token) {
267 |             _ = try await config.onFocusedMonitorChanged.runCmdSeq(.defaultEnv.withFocus(focus), .emptyStdin)

/Users/james/Documents/Codex/winmux/Sources/AppBundle/focus.swift:279:5: warning: unstructured throwing task created by 'init(name:priority:operation:)' is not used, which may accidentally ignore errors thrown inside the task [#NoUseUnstructuredThrowingTask]
277 |     guard let token: RunSessionGuard = .isServerEnabled else { return }
278 |     // todo potential optimization: don't run runSession if we are already in runSession
279 |     Task {
    |     |- warning: unstructured throwing task created by 'init(name:priority:operation:)' is not used, which may accidentally ignore errors thrown inside the task [#NoUseUnstructuredThrowingTask]
    |     `- note: to silence this warning, handle the error inside the task, or store/discard the task value explicitly
280 |         try await runLightSession(.onFocusChanged, token) {
281 |             _ = try await config.onFocusChanged.runCmdSeq(.defaultEnv.withFocus(focus), .emptyStdin)

/Users/james/Documents/Codex/winmux/Sources/AppBundle/initAppBundle.swift:6:5: warning: unstructured throwing task created by 'init(name:priority:operation:)' is not used, which may accidentally ignore errors thrown inside the task [#NoUseUnstructuredThrowingTask]
  4 | 
  5 | @MainActor public func initAppBundle() {
  6 |     Task { try await initializeAppBundle() }
    |     |- warning: unstructured throwing task created by 'init(name:priority:operation:)' is not used, which may accidentally ignore errors thrown inside the task [#NoUseUnstructuredThrowingTask]
    |     `- note: to silence this warning, handle the error inside the task, or store/discard the task value explicitly
  7 | }
  8 | 

/Users/james/Documents/Codex/winmux/Sources/AppBundle/mouse/resize/resizeWithMouse.swift:7:5: warning: unstructured throwing task created by 'init(name:priority:operation:)' is not used, which may accidentally ignore errors thrown inside the task [#NoUseUnstructuredThrowingTask]
  5 |     let notif = notif as String
  6 |     let windowId = ax.containingWindowId()
  7 |     Task { @MainActor in
    |     |- warning: unstructured throwing task created by 'init(name:priority:operation:)' is not used, which may accidentally ignore errors thrown inside the task [#NoUseUnstructuredThrowingTask]
    |     `- note: to silence this warning, handle the error inside the task, or store/discard the task value explicitly
  8 |         if WindowMouseInteractionOpacityController.shared.shouldSuppressObserverEvent(windowId: windowId) {
  9 |             return

/Users/james/Documents/Codex/winmux/Sources/AppBundle/ui/core/DisplayRefreshDriver.swift:92:34: warning: main actor-isolated static property 'shared' can not be referenced from a Sendable closure
 25 | @MainActor
 26 | final class DisplayRefreshDriver: @unchecked Sendable {
 27 |     static let shared = DisplayRefreshDriver()
    |                `- note: static property declared here
 28 | 
 29 |     private struct Subscription {
    :
 90 |     private func startFallbackTimer() {
 91 |         let timer = Timer(timeInterval: 1.0 / 60.0, repeats: true) { _ in
 92 |             DisplayRefreshDriver.shared.enqueue(timestamp: CACurrentMediaTime())
    |                                  `- warning: main actor-isolated static property 'shared' can not be referenced from a Sendable closure
 93 |         }
 94 |         fallbackTimer = timer

/Users/james/Documents/Codex/winmux/Sources/AppBundle/ui/hud/SwitcherPalette.swift:111:9: warning: unstructured throwing task created by 'init(name:priority:operation:)' is not used, which may accidentally ignore errors thrown inside the task [#NoUseUnstructuredThrowingTask]
109 |     private func select(_ windowId: UInt32) {
110 |         dismiss()
111 |         Task { @MainActor in
    |         |- warning: unstructured throwing task created by 'init(name:priority:operation:)' is not used, which may accidentally ignore errors thrown inside the task [#NoUseUnstructuredThrowingTask]
    |         `- note: to silence this warning, handle the error inside the task, or store/discard the task value explicitly
112 |             guard let token: RunSessionGuard = .isServerEnabled else { return }
113 |             try await runLightSession(.menuBarButton, token) {

/Users/james/Documents/Codex/winmux/Sources/AppBundle/ui/hud/VolumeView.swift:28:37: warning: 'weak' ownership of capture 'self' differs from implicitly-captured strong reference in outer scope [#ImplicitStrongCapture]
25 | 
26 |     func startTimer() {
27 |         timer = .scheduledTimer(withTimeInterval: 2 /* seconds */, repeats: false) { _ in
   |                                                                                    |- note: 'self' implicitly strongly captured here
   |                                                                                    `- note: add 'self' as a capture list item to silence
28 |             Task { @MainActor [weak self] in
   |                                     |- warning: 'weak' ownership of capture 'self' differs from implicitly-captured strong reference in outer scope [#ImplicitStrongCapture]
   |                                     `- note: explicitly assign the capture list item to silence
29 |                 self?.close()
30 |             }

/Users/james/Documents/Codex/winmux/Sources/AppBundle/ui/menubar/MenuBar.swift:21:13: warning: unstructured throwing task created by 'init(name:priority:operation:)' is not used, which may accidentally ignore errors thrown inside the task [#NoUseUnstructuredThrowingTask]
 19 |         Divider()
 20 |         Button(viewModel.isEnabled ? "Disable" : "Enable") {
 21 |             Task {
    |             |- warning: unstructured throwing task created by 'init(name:priority:operation:)' is not used, which may accidentally ignore errors thrown inside the task [#NoUseUnstructuredThrowingTask]
    |             `- note: to silence this warning, handle the error inside the task, or store/discard the task value explicitly
 22 |                 try await runLightSession(.menuBarButton, .forceRun) { () throws in
 23 |                     _ = try await EnableCommand(args: EnableCmdArgs(rawArgs: [], targetState: .toggle))

/Users/james/Documents/Codex/winmux/Sources/AppBundle/ui/menubar/MenuBar.swift:78:13: warning: unstructured throwing task created by 'init(name:priority:operation:)' is not used, which may accidentally ignore errors thrown inside the task [#NoUseUnstructuredThrowingTask]
 76 |     if let token: RunSessionGuard = .isServerEnabled {
 77 |         let button = Button("Reload config") {
 78 |             Task {
    |             |- warning: unstructured throwing task created by 'init(name:priority:operation:)' is not used, which may accidentally ignore errors thrown inside the task [#NoUseUnstructuredThrowingTask]
    |             `- note: to silence this warning, handle the error inside the task, or store/discard the task value explicitly
 79 |                 try await runLightSession(.menuBarButton, token) { _ = try await reloadConfig() }
 80 |             }

/Users/james/Documents/Codex/winmux/Sources/AppBundle/ui/settings/ShortcutSettingsGeneralView.swift:142:9: warning: unstructured throwing task created by 'init(name:priority:operation:)' is not used, which may accidentally ignore errors thrown inside the task [#NoUseUnstructuredThrowingTask]
140 | 
141 |     private func reloadConfigAction() {
142 |         Task {
    |         |- warning: unstructured throwing task created by 'init(name:priority:operation:)' is not used, which may accidentally ignore errors thrown inside the task [#NoUseUnstructuredThrowingTask]
    |         `- note: to silence this warning, handle the error inside the task, or store/discard the task value explicitly
143 |             if let token: RunSessionGuard = .isServerEnabled {
144 |                 try await runLightSession(.menuBarButton, token) {

/Users/james/Documents/Codex/winmux/Sources/AppBundle/ui/tabs/WindowTabStripEditActions.swift:4:5: warning: unstructured throwing task created by 'init(name:priority:operation:)' is not used, which may accidentally ignore errors thrown inside the task [#NoUseUnstructuredThrowingTask]
 2 | func removeWindowFromTabStrip(_ windowId: UInt32, fallbackWorkspace: String) {
 3 |     guard let token: RunSessionGuard = .isServerEnabled else { return }
 4 |     Task {
   |     |- warning: unstructured throwing task created by 'init(name:priority:operation:)' is not used, which may accidentally ignore errors thrown inside the task [#NoUseUnstructuredThrowingTask]
   |     `- note: to silence this warning, handle the error inside the task, or store/discard the task value explicitly
 5 |         try await runLightSession(.menuBarButton, token) {
 6 |             guard let window = Window.get(byId: windowId) else {

/Users/james/Documents/Codex/winmux/Sources/AppBundle/ui/tabs/WindowTabStripEditActions.swift:19:5: warning: unstructured throwing task created by 'init(name:priority:operation:)' is not used, which may accidentally ignore errors thrown inside the task [#NoUseUnstructuredThrowingTask]
17 | func reorderTabInStrip(_ windowId: UInt32, toIndex targetIndex: Int) {
18 |     guard let token: RunSessionGuard = .isServerEnabled else { return }
19 |     Task {
   |     |- warning: unstructured throwing task created by 'init(name:priority:operation:)' is not used, which may accidentally ignore errors thrown inside the task [#NoUseUnstructuredThrowingTask]
   |     `- note: to silence this warning, handle the error inside the task, or store/discard the task value explicitly
20 |         try await runLightSession(.menuBarButton, token) {
21 |             guard let window = Window.get(byId: windowId),

[#ImplicitStrongCapture]: <https://docs.swift.org/compiler/documentation/diagnostics/implicit-strong-capture>
[#NoUseUnstructuredThrowingTask]: <https://docs.swift.org/compiler/documentation/diagnostics/no-use-throwing-unstructured-task>
[134 / 155] AppBundle
[142 / 161] WinMuxApp-product
[143 / 164] AppBundle
[146 / 162] winmux-marketing-renderer-product
[149 / 166]
[150 / 166] AppBundleTests-product
[157 / 168] WinMuxApp-product
[157 / 168] WinMuxWorkspaceHelper-product
[160 / 169] WinMuxWorkspaceHelper-product
/Users/james/Documents/Codex/winmux/Sources/AppBundleTests/model/EventSubscriptionTest.swift:111:18: warning: weak variable 'weakSubscriber' was never mutated; consider changing to 'let' constant [#VariableNeverMutated::WeakMutability]
109 |             release = nil
110 |         }, onClose: { registered = nil })
111 |         weak var weakSubscriber = registered
    |                  `- warning: weak variable 'weakSubscriber' was never mutated; consider changing to 'let' constant [#VariableNeverMutated::WeakMutability]
112 |         registered?.enqueue(event(0))
113 |         await fulfillment(of: [started], timeout: 1)

/Users/james/Documents/Codex/winmux/Sources/AppBundleTests/ui/WorkspaceSidebarTransitionTest.swift:15:22: warning: mutation of captured var 'expansions' in concurrently-executing code [#SendableClosureCaptures]
 13 |             let observer = NotificationCenter.default.addObserver(
 14 |                 forName: workspaceSidebarWillExpandNotification, object: panel, queue: .main
 15 |             ) { _ in expansions += 1 }
    |                      `- warning: mutation of captured var 'expansions' in concurrently-executing code [#SendableClosureCaptures]
 16 |             defer {
 17 |                 subscription.cancel()

/Users/james/Documents/Codex/winmux/Sources/AppBundleTests/ui/WorkspaceSidebarTransitionTest.swift:32:22: warning: mutation of captured var 'collapses' in concurrently-executing code [#SendableClosureCaptures]
 30 |             let observer = NotificationCenter.default.addObserver(
 31 |                 forName: workspaceSidebarWillCollapseNotification, object: panel, queue: .main
 32 |             ) { _ in collapses += 1 }
    |                      `- warning: mutation of captured var 'collapses' in concurrently-executing code [#SendableClosureCaptures]
 33 |             defer { NotificationCenter.default.removeObserver(observer) }
 34 |             panel.handleHoverExit(collapsedWidth: 28)

/Users/james/Documents/Codex/winmux/Sources/AppBundleTests/tree/BrowserRefreshSchedulerTest.swift:50:17: warning: 'isReady' mutated after capture by sendable closure
 41 | 
 42 |     func testInventoryBeforeRuntimeReadyIsRetainedUntilExplicitStartupResume() async {
 43 |         var isReady = false
    |             `- note: variable defined here
 44 |         var passes = 0
 45 |         let scheduler = CoalescedBrowserRefreshScheduler(isReady: { isReady }) { passes += 1 }
    |                                                                   | `- note: capturing use
    |                                                                   `- note: variable captured by sendable closure
 46 |         for _ in 0 ..< 1000 { scheduler.schedule() }
 47 |         await scheduler.waitUntilIdle()
 48 |         XCTAssertEqual(passes, 0, "Do not consume inventory work while the native model is still initializing")
 49 | 
 50 |         isReady = true
    |                 `- warning: 'isReady' mutated after capture by sendable closure
 51 |         scheduler.resumePendingRefresh()
 52 |         await scheduler.waitUntilIdle()

/Users/james/Documents/Codex/winmux/Sources/AppBundleTests/tree/BrowserRefreshSchedulerTest.swift:75:17: warning: 'isReady' mutated after capture by sendable closure
 58 | 
 59 |     func testReadinessLostDuringSuspendedPassPreservesTrailingInventory() async throws {
 60 |         var isReady = true
    |             `- note: variable defined here
 61 |         var passes = 0
 62 |         var release: CheckedContinuation<Void, Never>?
 63 |         let started = expectation(description: "First pass suspended")
 64 |         let scheduler = CoalescedBrowserRefreshScheduler(isReady: { isReady }) {
    |                                                                   | `- note: capturing use
    |                                                                   `- note: variable captured by sendable closure
 65 |             passes += 1
 66 |             if passes == 1 { await withCheckedContinuation { release = $0; started.fulfill() } }
    :
 73 |         await scheduler.waitUntilIdle()
 74 |         XCTAssertEqual(passes, 1)
 75 |         isReady = true
    |                 `- warning: 'isReady' mutated after capture by sendable closure
 76 |         scheduler.resumePendingRefresh()
 77 |         await scheduler.waitUntilIdle()

/Users/james/Documents/Codex/winmux/Sources/AppBundleTests/tree/BrowserRefreshSchedulerTest.swift:98:17: warning: 'isReady' mutated after capture by sendable closure
 80 | 
 81 |     func testStartupReadinessDoesNotWaitForTrailingInventoryToBecomeIdle() async throws {
 82 |         var isReady = false
    |             `- note: variable defined here
 83 |         var passes = 0
 84 |         var releaseFirst: CheckedContinuation<Void, Never>?
    :
 87 |         let trailingStarted = expectation(description: "New inventory pass suspended")
 88 |         let startupCompleted = expectation(description: "Startup returns before later inventory settles")
 89 |         let scheduler = CoalescedBrowserRefreshScheduler(isReady: { isReady }) {
    |                                                                   | `- note: capturing use
    |                                                                   `- note: variable captured by sendable closure
 90 |             passes += 1
 91 |             if passes == 1 {
    :
 96 |         }
 97 |         scheduler.schedule()
 98 |         isReady = true
    |                 `- warning: 'isReady' mutated after capture by sendable closure
 99 |         let startup = Task { @MainActor in
100 |             await scheduler.resumePendingRefreshAndWaitForPass()

/Users/james/Documents/Codex/winmux/Sources/AppBundleTests/tree/NativeGroupFocusOrderingTest.swift:71:20: warning: 'foreground' mutated after capture by sendable closure
60 | 
61 |     func testInterveningAppActivationRetiresDeferredTargetAndLateFence() {
62 |         var foreground: Int32? = -1
   |             `- note: variable defined here
63 |         let controller = BrowserWorkspaceController(foregroundProcessID: { foreground })
   |                                                                          | `- note: capturing use
   |                                                                          `- note: variable captured by sendable closure
64 |         let window = TestWindow.new(id: 954, parent: focus.workspace.rootTilingContainer)
65 |         let page = SurfaceID.browserTab(profile: UUID(), tab: UUID()), connection = UUID()
   :
69 |                             epoch: UUID(), connection: connection, protocolVersion: 4)
70 |         XCTAssertEqual(controller.select(window.surfaceID, deferNativeFocusUntilLayout: true), .issued)
71 |         foreground = -2
   |                    `- warning: 'foreground' mutated after capture by sendable closure
72 |         XCTAssertTrue(controller.finishNativeGroupFocusAfterLayout())
73 |         XCTAssertNil(TestApp.shared.focusedWindow)

/Users/james/Documents/Codex/winmux/Sources/AppBundleTests/ui/BrowserToolbarPerformanceTest.swift:30:17: warning: 'liveIDs' mutated after capture by sendable closure
15 |         _ = NSApplication.shared
16 |         let id = SurfaceID.browserTab(profile: UUID(), tab: UUID())
17 |         var liveIDs: Set<SurfaceID> = [id]
   |             `- note: variable defined here
18 |         let controller = BrowserToolbarController(isAvailable: { liveIDs.contains($0) })
   |                                                                | `- note: capturing use
   |                                                                `- note: variable captured by sendable closure
19 |         defer { controller.hideAll() }
20 |         controller.update(items: [item(id)]) { _, _ in }
   :
28 |             XCTAssertTrue(controller.panels[id] === panel)
29 |         }
30 |         liveIDs.remove(id)
   |                 `- warning: 'liveIDs' mutated after capture by sendable closure
31 |         controller.update(items: []) { _, _ in }
32 |         XCTAssertNil(controller.panels[id])

/Users/james/Documents/Codex/winmux/Sources/AppBundleTests/ui/TrackpadNavigationTest.swift:79:17: warning: 'matches' mutated after capture by sendable closure
 71 |         let backend = FakeTrackpadBackend()
 72 |         var activations = 0
 73 |         var matches = false
    |             `- note: variable defined here
 74 |         let controller = TrackpadNavigationController(backend: backend, frontmostPID: { matches ? 0 : 999 }, activate: { _, _ in activations += 1 })
    |                                                                                       | `- note: capturing use
    |                                                                                       `- note: variable captured by sendable closure
 75 |         controller.update(configuration: .init(enabled: true), isActive: true)
 76 |         backend.send([.began(1), .committed(1, .left)])
 77 |         await drainMainQueue()
 78 |         XCTAssertEqual(activations, 0)
 79 |         matches = true
    |                 `- warning: 'matches' mutated after capture by sendable closure
 80 |         backend.send([.ended(1), .began(1)])
 81 |         await drainMainQueue()

/Users/james/Documents/Codex/winmux/Sources/AppBundleTests/ui/TrackpadNavigationTest.swift:156:19: warning: 'frontmost' mutated after capture by sendable closure
143 |         _ = windows[0].focusWindow()
144 |         let backend = FakeTrackpadBackend()
145 |         var frontmost: Int32 = 1
    |             `- note: variable defined here
146 |         var time = ProcessInfo.processInfo.systemUptime
147 |         var visited: [UInt32] = []
148 |         let controller = TrackpadNavigationController(backend: backend, frontmostPID: { frontmost }, now: { time }, activate: { _, destination in
    |                                                                                       | `- note: capturing use
    |                                                                                       `- note: variable captured by sendable closure
149 |             visited.append(destination.windowId)
150 |             _ = destination.focusWindow()
    :
154 |         await drainMainQueue()
155 |         // macOS is still activating the previous request while fingers land.
156 |         frontmost = 2
    |                   `- warning: 'frontmost' mutated after capture by sendable closure
157 |         controller.applicationActivated(2)
158 |         backend.send([.committed(1, .left), .ended(1), .began(1), .committed(1, .right), .ended(1)])

/Users/james/Documents/Codex/winmux/Sources/AppBundleTests/ui/TrackpadNavigationTest.swift:168:14: warning: 'time' mutated after capture by sendable closure
144 |         let backend = FakeTrackpadBackend()
145 |         var frontmost: Int32 = 1
146 |         var time = ProcessInfo.processInfo.systemUptime
    |             `- note: variable defined here
147 |         var visited: [UInt32] = []
148 |         let controller = TrackpadNavigationController(backend: backend, frontmostPID: { frontmost }, now: { time }, activate: { _, destination in
    |                                                                                                           | `- note: capturing use
    |                                                                                                           `- note: variable captured by sendable closure
149 |             visited.append(destination.windowId)
150 |             _ = destination.focusWindow()
    :
166 |         XCTAssertFalse(controller.shouldIgnoreNativeFocus(unrelated))
167 |         // The grace period is bounded; failed activation cannot pin logical focus.
168 |         time += 0.51
    |              `- warning: 'time' mutated after capture by sendable closure
169 |         XCTAssertFalse(controller.shouldIgnoreNativeFocus(windows[0]))
170 |         controller.shutdown()

/Users/james/Documents/Codex/winmux/Sources/AppBundleTests/ui/TrackpadNavigationTest.swift:188:19: warning: 'frontmost' mutated after capture by sendable closure
174 |         let windows = group()
175 |         let backend = FakeTrackpadBackend()
176 |         var frontmost: Int32 = 0
    |             `- note: variable defined here
177 |         var visited: [UInt32] = []
178 |         let controller = TrackpadNavigationController(backend: backend, frontmostPID: { frontmost }, activate: { _, destination in
    |                                                                                       | `- note: capturing use
    |                                                                                       `- note: variable captured by sendable closure
179 |             visited.append(destination.windowId)
180 |             _ = destination.focusWindow()
    :
186 |         frontmost = 999
187 |         controller.applicationActivated(frontmost)
188 |         frontmost = 0
    |                   `- warning: 'frontmost' mutated after capture by sendable closure
189 |         backend.send([.committed(1, .left), .ended(1)])
190 |         await drainMainQueue()

[#SendableClosureCaptures]: <https://docs.swift.org/compiler/documentation/diagnostics/sendable-closure-captures>
[#VariableNeverMutated]: <https://docs.swift.org/compiler/documentation/diagnostics/variable-never-mutated>
[#WeakMutability]: <https://docs.swift.org/compiler/documentation/diagnostics/weak-mutability>
[160 / 169] AppBundleTests-product
[164 / 168] AppBundleTests-product
[166 / 168] AppBundleTests-product
[167 / 167] winmux-product
[168 / 169] winmux-product
[170 / 170] winmux-marketing-renderer-product
[174 / 174] WinMuxApp-product
[178 / 179] WinMuxWorkspaceHelper-product
Build complete! (195.35 sec)
Test Suite 'All tests' started at 2026-10-06 17:40:58.790.
Test Suite 'AppBundleTests.xctest' started at 2026-10-06 17:40:58.795.
Test Suite 'AgentCommandTest' started at 2026-10-06 17:40:58.795.
Test Case '-[AppBundleTests.AgentCommandTest testCheckRejectsStaleWorldId]' started.
Test Case '-[AppBundleTests.AgentCommandTest testCheckRejectsStaleWorldId]' passed (0.191 seconds).
Test Case '-[AppBundleTests.AgentCommandTest testCreateTabGroupAcceptsWindowsAliasAndInfersWorkspace]' started.
Test Case '-[AppBundleTests.AgentCommandTest testCreateTabGroupAcceptsWindowsAliasAndInfersWorkspace]' passed (0.055 seconds).
Test Case '-[AppBundleTests.AgentCommandTest testCreateTabGroupAliasCanBeUsedLaterInSameOperations]' started.
Test Case '-[AppBundleTests.AgentCommandTest testCreateTabGroupAliasCanBeUsedLaterInSameOperations]' passed (0.040 seconds).
Test Case '-[AppBundleTests.AgentCommandTest testCreateTabGroupRejectsDuplicateWindows]' started.
Test Case '-[AppBundleTests.AgentCommandTest testCreateTabGroupRejectsDuplicateWindows]' passed (0.006 seconds).
Test Case '-[AppBundleTests.AgentCommandTest testCreateTabGroupSeedsNewWorkspaceToSourceMonitor]' started.
Test Case '-[AppBundleTests.AgentCommandTest testCreateTabGroupSeedsNewWorkspaceToSourceMonitor]' passed (0.050 seconds).
Test Case '-[AppBundleTests.AgentCommandTest testDeclarativeSingleWindowLayoutStaysTiled]' started.
Test Case '-[AppBundleTests.AgentCommandTest testDeclarativeSingleWindowLayoutStaysTiled]' passed (0.372 seconds).
Test Case '-[AppBundleTests.AgentCommandTest testDeclarativeWorkspaceLayoutRejectsDuplicateWindows]' started.
Test Case '-[AppBundleTests.AgentCommandTest testDeclarativeWorkspaceLayoutRejectsDuplicateWindows]' passed (0.036 seconds).
Test Case '-[AppBundleTests.AgentCommandTest testDeclarativeWorkspaceLayoutUsesProportionalSizes]' started.
Test Case '-[AppBundleTests.AgentCommandTest testDeclarativeWorkspaceLayoutUsesProportionalSizes]' passed (0.043 seconds).
Test Case '-[AppBundleTests.AgentCommandTest testDeclarativeWorkspaceLayout]' started.
Test Case '-[AppBundleTests.AgentCommandTest testDeclarativeWorkspaceLayout]' passed (0.040 seconds).
Test Case '-[AppBundleTests.AgentCommandTest testMoveTabGroupToWorkspaceMovesWholeGroup]' started.
Test Case '-[AppBundleTests.AgentCommandTest testMoveTabGroupToWorkspaceMovesWholeGroup]' passed (0.014 seconds).
Test Case '-[AppBundleTests.AgentCommandTest testParse]' started.
Test Case '-[AppBundleTests.AgentCommandTest testParse]' passed (0.009 seconds).
Test Case '-[AppBundleTests.AgentCommandTest testPlacePaneAndSetWinMuxFullscreen]' started.
Test Case '-[AppBundleTests.AgentCommandTest testPlacePaneAndSetWinMuxFullscreen]' passed (0.010 seconds).
Test Case '-[AppBundleTests.AgentCommandTest testQueryIncludesPanesAndTabGroups]' started.
Test Case '-[AppBundleTests.AgentCommandTest testQueryIncludesPanesAndTabGroups]' passed (0.014 seconds).
Test Case '-[AppBundleTests.AgentCommandTest testSetPaneSizeOperationCanTargetVerticalSplit]' started.
Test Case '-[AppBundleTests.AgentCommandTest testSetPaneSizeOperationCanTargetVerticalSplit]' passed (0.011 seconds).
Test Case '-[AppBundleTests.AgentCommandTest testSetPaneSizeOperationUsesProportionalSize]' started.
Test Case '-[AppBundleTests.AgentCommandTest testSetPaneSizeOperationUsesProportionalSize]' passed (0.012 seconds).
Test Case '-[AppBundleTests.AgentCommandTest testSkill]' started.
Test Case '-[AppBundleTests.AgentCommandTest testSkill]' passed (0.011 seconds).
Test Case '-[AppBundleTests.AgentCommandTest testStaleWorldIdStopsBeforeOperationValidation]' started.
Test Case '-[AppBundleTests.AgentCommandTest testStaleWorldIdStopsBeforeOperationValidation]' passed (0.007 seconds).
Test Case '-[AppBundleTests.AgentCommandTest testSwapPanesAcceptsPaneIdAliases]' started.
Test Case '-[AppBundleTests.AgentCommandTest testSwapPanesAcceptsPaneIdAliases]' passed (0.021 seconds).
Test Case '-[AppBundleTests.AgentCommandTest testSwapPanesAcceptsSnakeCaseAndWindowIdAliases]' started.
Test Case '-[AppBundleTests.AgentCommandTest testSwapPanesAcceptsSnakeCaseAndWindowIdAliases]' passed (0.025 seconds).
Test Case '-[AppBundleTests.AgentCommandTest testWorldIdIgnoresFocusChanges]' started.
Test Case '-[AppBundleTests.AgentCommandTest testWorldIdIgnoresFocusChanges]' passed (0.011 seconds).
Test Suite 'AgentCommandTest' passed at 2026-10-06 17:40:59.777.
	 Executed 20 tests, with 0 failures (0 unexpected) in 0.979 (0.982) seconds
Test Suite 'AxRefreshBenchmarkTest' started at 2026-10-06 17:40:59.777.
Test Case '-[AppBundleTests.AxRefreshBenchmarkTest testBenchmark]' started.
Test Case '-[AppBundleTests.AxRefreshBenchmarkTest testBenchmark]' passed (1.296 seconds).
Test Suite 'AxRefreshBenchmarkTest' passed at 2026-10-06 17:41:01.073.
	 Executed 1 test, with 0 failures (0 unexpected) in 1.296 (1.296) seconds
Test Suite 'AxRefreshFastPathTest' started at 2026-10-06 17:41:01.073.
Test Case '-[AppBundleTests.AxRefreshFastPathTest testAppActivationSkipsFullRefreshBarrier]' started.
Test Case '-[AppBundleTests.AxRefreshFastPathTest testAppActivationSkipsFullRefreshBarrier]' passed (0.009 seconds).
Test Case '-[AppBundleTests.AxRefreshFastPathTest testFocusedWindowChangedSkipsFullRefreshBarrier]' started.
Test Case '-[AppBundleTests.AxRefreshFastPathTest testFocusedWindowChangedSkipsFullRefreshBarrier]' passed (0.011 seconds).
Test Case '-[AppBundleTests.AxRefreshFastPathTest testFocusOnlyEventsCanReuseLastAppliedWindowFrames]' started.
Test Case '-[AppBundleTests.AxRefreshFastPathTest testFocusOnlyEventsCanReuseLastAppliedWindowFrames]' passed (0.000 seconds).
Test Case '-[AppBundleTests.AxRefreshFastPathTest testNativeMinimizeRefreshKeepsActiveAdjacentEmptyWorkspaceForReuse]' started.
Test Case '-[AppBundleTests.AxRefreshFastPathTest testNativeMinimizeRefreshKeepsActiveAdjacentEmptyWorkspaceForReuse]' passed (0.031 seconds).
Test Case '-[AppBundleTests.AxRefreshFastPathTest testWindowCreatedStillRunsFullRefreshBarrier]' started.
Test Case '-[AppBundleTests.AxRefreshFastPathTest testWindowCreatedStillRunsFullRefreshBarrier]' passed (0.022 seconds).
Test Suite 'AxRefreshFastPathTest' passed at 2026-10-06 17:41:01.146.
	 Executed 5 tests, with 0 failures (0 unexpected) in 0.072 (0.073) seconds
Test Suite 'BalanceSizesCommandTest' started at 2026-10-06 17:41:01.146.
Test Case '-[AppBundleTests.BalanceSizesCommandTest testBalanceSizesCommand]' started.
Test Case '-[AppBundleTests.BalanceSizesCommandTest testBalanceSizesCommand]' passed (0.005 seconds).
Test Suite 'BalanceSizesCommandTest' passed at 2026-10-06 17:41:01.152.
	 Executed 1 test, with 0 failures (0 unexpected) in 0.005 (0.006) seconds
Test Suite 'BrowserAccessibilityWindowsTest' started at 2026-10-06 17:41:01.152.
Test Case '-[AppBundleTests.BrowserAccessibilityWindowsTest testBrowserWindowsMergeWithoutLosingOrDuplicatingAppKitWindows]' started.
Test Case '-[AppBundleTests.BrowserAccessibilityWindowsTest testBrowserWindowsMergeWithoutLosingOrDuplicatingAppKitWindows]' passed (0.003 seconds).
Test Case '-[AppBundleTests.BrowserAccessibilityWindowsTest testFreshQueryExcludesHiddenAndDecorativePanelsAndReflectsVisibilityChanges]' started.
Test Case '-[AppBundleTests.BrowserAccessibilityWindowsTest testFreshQueryExcludesHiddenAndDecorativePanelsAndReflectsVisibilityChanges]' passed (0.007 seconds).
Test Suite 'BrowserAccessibilityWindowsTest' passed at 2026-10-06 17:41:01.162.
	 Executed 2 tests, with 0 failures (0 unexpected) in 0.010 (0.010) seconds
Test Suite 'BrowserForkIntegrationTest' started at 2026-10-06 17:41:01.162.
Test Case '-[AppBundleTests.BrowserForkIntegrationTest testFloatingAndTemporaryNativeStatesStayOutsideSharedTiles]' started.
Test Case '-[AppBundleTests.BrowserForkIntegrationTest testFloatingAndTemporaryNativeStatesStayOutsideSharedTiles]' passed (0.013 seconds).
Test Case '-[AppBundleTests.BrowserForkIntegrationTest testFreshInventoryUsesCurrentAutomaticGroupAndRetainsPagesOnRestore]' started.
Test Case '-[AppBundleTests.BrowserForkIntegrationTest testFreshInventoryUsesCurrentAutomaticGroupAndRetainsPagesOnRestore]' passed (0.011 seconds).
Test Case '-[AppBundleTests.BrowserForkIntegrationTest testMovingLastLiveGroupClearsBrowserFocusAndRetainsMissingNativeReservation]' started.
Test Case '-[AppBundleTests.BrowserForkIntegrationTest testMovingLastLiveGroupClearsBrowserFocusAndRetainsMissingNativeReservation]' passed (0.017 seconds).
Test Case '-[AppBundleTests.BrowserForkIntegrationTest testNativeAdoptionPreservesNestedSplitWeightsAndStackSelection]' started.
Test Case '-[AppBundleTests.BrowserForkIntegrationTest testNativeAdoptionPreservesNestedSplitWeightsAndStackSelection]' passed (0.009 seconds).
Test Case '-[AppBundleTests.BrowserForkIntegrationTest testUnavailableLegacyAndRecycledOwnersCannotPartiallyMoveGroup]' started.
Test Case '-[AppBundleTests.BrowserForkIntegrationTest testUnavailableLegacyAndRecycledOwnersCannotPartiallyMoveGroup]' passed (0.010 seconds).
Test Case '-[AppBundleTests.BrowserForkIntegrationTest testUnprojectedDestinationPreservesItsExistingNativeSplit]' started.
Test Case '-[AppBundleTests.BrowserForkIntegrationTest testUnprojectedDestinationPreservesItsExistingNativeSplit]' passed (0.010 seconds).
Test Case '-[AppBundleTests.BrowserForkIntegrationTest testWholeMixedSubtreeMovesToFreshGroupAndKeepsSourceFocus]' started.
Test Case '-[AppBundleTests.BrowserForkIntegrationTest testWholeMixedSubtreeMovesToFreshGroupAndKeepsSourceFocus]' passed (0.014 seconds).
Test Suite 'BrowserForkIntegrationTest' passed at 2026-10-06 17:41:01.248.
	 Executed 7 tests, with 0 failures (0 unexpected) in 0.085 (0.086) seconds
Test Suite 'BrowserGroupLayoutFocusTest' started at 2026-10-06 17:41:01.248.
Test Case '-[AppBundleTests.BrowserGroupLayoutFocusTest testLateLayoutReplyCannotActivatePageFromHiddenGroup]' started.
Test Case '-[AppBundleTests.BrowserGroupLayoutFocusTest testLateLayoutReplyCannotActivatePageFromHiddenGroup]' passed (0.011 seconds).
Test Case '-[AppBundleTests.BrowserGroupLayoutFocusTest testLayoutReplyReaffirmsPageInVisibleGroup]' started.
Test Case '-[AppBundleTests.BrowserGroupLayoutFocusTest testLayoutReplyReaffirmsPageInVisibleGroup]' passed (0.006 seconds).
Test Suite 'BrowserGroupLayoutFocusTest' passed at 2026-10-06 17:41:01.265.
	 Executed 2 tests, with 0 failures (0 unexpected) in 0.017 (0.017) seconds
Test Suite 'BrowserGroupSwitchTest' started at 2026-10-06 17:41:01.265.
Test Case '-[AppBundleTests.BrowserGroupSwitchTest testEmptyGroupClearsBrowserSelection]' started.
Test Case '-[AppBundleTests.BrowserGroupSwitchTest testEmptyGroupClearsBrowserSelection]' passed (0.006 seconds).
Test Case '-[AppBundleTests.BrowserGroupSwitchTest testHiddenGroupFocusedInventoryCannotReplaceCurrentBrowserSelection]' started.
Test Case '-[AppBundleTests.BrowserGroupSwitchTest testHiddenGroupFocusedInventoryCannotReplaceCurrentBrowserSelection]' passed (0.015 seconds).
Test Case '-[AppBundleTests.BrowserGroupSwitchTest testRemovedBrowserSelectionFallsBackToRemainingAvailablePage]' started.
Test Case '-[AppBundleTests.BrowserGroupSwitchTest testRemovedBrowserSelectionFallsBackToRemainingAvailablePage]' passed (0.015 seconds).
Test Case '-[AppBundleTests.BrowserGroupSwitchTest testReturningToBrowserOnlyGroupRemembersItsLastPage]' started.
Test Case '-[AppBundleTests.BrowserGroupSwitchTest testReturningToBrowserOnlyGroupRemembersItsLastPage]' passed (0.010 seconds).
Test Case '-[AppBundleTests.BrowserGroupSwitchTest testReturningToMixedGroupRestoresBrowserSelectionWithoutNativeFocusOverride]' started.
Test Case '-[AppBundleTests.BrowserGroupSwitchTest testReturningToMixedGroupRestoresBrowserSelectionWithoutNativeFocusOverride]' passed (0.034 seconds).
Test Case '-[AppBundleTests.BrowserGroupSwitchTest testReturningToMixedGroupRestoresItsNativeSelection]' started.
Test Case '-[AppBundleTests.BrowserGroupSwitchTest testReturningToMixedGroupRestoresItsNativeSelection]' passed (0.025 seconds).
Test Case '-[AppBundleTests.BrowserGroupSwitchTest testSidebarGroupHeaderSelectsAnAvailableBrowserPage]' started.
Test Case '-[AppBundleTests.BrowserGroupSwitchTest testSidebarGroupHeaderSelectsAnAvailableBrowserPage]' passed (0.026 seconds).
Test Case '-[AppBundleTests.BrowserGroupSwitchTest testStartupGroupActivationPreservesDeferredBrowserSelection]' started.
Test Case '-[AppBundleTests.BrowserGroupSwitchTest testStartupGroupActivationPreservesDeferredBrowserSelection]' passed (0.019 seconds).
Test Case '-[AppBundleTests.BrowserGroupSwitchTest testWorkspaceCommandSelectsBrowserOnlyDestination]' started.
Test Case '-[AppBundleTests.BrowserGroupSwitchTest testWorkspaceCommandSelectsBrowserOnlyDestination]' passed (0.011 seconds).
Test Suite 'BrowserGroupSwitchTest' passed at 2026-10-06 17:41:01.428.
	 Executed 9 tests, with 0 failures (0 unexpected) in 0.161 (0.162) seconds
Test Suite 'BrowserNativeManagementTest' started at 2026-10-06 17:41:01.428.
Test Case '-[AppBundleTests.BrowserNativeManagementTest testFreshManagedDefaultsUseOriginalHierarchyAndCompactNeutralSidebar]' started.
Test Case '-[AppBundleTests.BrowserNativeManagementTest testFreshManagedDefaultsUseOriginalHierarchyAndCompactNeutralSidebar]' passed (0.013 seconds).
Test Case '-[AppBundleTests.BrowserNativeManagementTest testIsolatedStateRequiresMarkerAndPreservesConfigurationOnRestart]' started.
Test Case '-[AppBundleTests.BrowserNativeManagementTest testIsolatedStateRequiresMarkerAndPreservesConfigurationOnRestart]' passed (0.003 seconds).
Test Case '-[AppBundleTests.BrowserNativeManagementTest testManagedDefaultsHaveSharedShortcutsAndDoNotReplaceExistingSettings]' started.
Test Case '-[AppBundleTests.BrowserNativeManagementTest testManagedDefaultsHaveSharedShortcutsAndDoNotReplaceExistingSettings]' passed (0.002 seconds).
Test Case '-[AppBundleTests.BrowserNativeManagementTest testNativeCommandAndEmptyWorkspaceFenceBrowserIntent]' started.
Test Case '-[AppBundleTests.BrowserNativeManagementTest testNativeCommandAndEmptyWorkspaceFenceBrowserIntent]' passed (0.001 seconds).
Test Case '-[AppBundleTests.BrowserNativeManagementTest testOwnershipPreflightReleasesItsLeaseAndDoesNotStealAnExistingLease]' started.
Test Case '-[AppBundleTests.BrowserNativeManagementTest testOwnershipPreflightReleasesItsLeaseAndDoesNotStealAnExistingLease]' passed (0.005 seconds).
Test Case '-[AppBundleTests.BrowserNativeManagementTest testStandaloneOwnershipRecognizesNativeAppButAllowsTransportHelper]' started.
Test Case '-[AppBundleTests.BrowserNativeManagementTest testStandaloneOwnershipRecognizesNativeAppButAllowsTransportHelper]' passed (0.000 seconds).
Test Case '-[AppBundleTests.BrowserNativeManagementTest testStateRejectsSessionSymlinkAndLeaseRejectsConcurrentOwner]' started.
Test Case '-[AppBundleTests.BrowserNativeManagementTest testStateRejectsSessionSymlinkAndLeaseRejectsConcurrentOwner]' passed (0.002 seconds).
Test Case '-[AppBundleTests.BrowserNativeManagementTest testUnifiedAlphaMigratesExistingDefaultModeWithoutChangingOtherSettings]' started.
Test Case '-[AppBundleTests.BrowserNativeManagementTest testUnifiedAlphaMigratesExistingDefaultModeWithoutChangingOtherSettings]' passed (0.004 seconds).
Test Case '-[AppBundleTests.BrowserNativeManagementTest testViewsTrialStartsInViewsModeAndPreservesLaterPreferences]' started.
Test Case '-[AppBundleTests.BrowserNativeManagementTest testViewsTrialStartsInViewsModeAndPreservesLaterPreferences]' passed (0.003 seconds).
Test Suite 'BrowserNativeManagementTest' passed at 2026-10-06 17:41:01.464.
	 Executed 9 tests, with 0 failures (0 unexpected) in 0.035 (0.036) seconds
Test Suite 'BrowserNativeReservationTest' started at 2026-10-06 17:41:01.464.
Test Case '-[AppBundleTests.BrowserNativeReservationTest testEditsCannotDeleteOrMoveUnresolvedReservations]' started.
Test Case '-[AppBundleTests.BrowserNativeReservationTest testEditsCannotDeleteOrMoveUnresolvedReservations]' passed (0.001 seconds).
Test Case '-[AppBundleTests.BrowserNativeReservationTest testMatchingNativeBindingReclaimsReservationAndLaterClosureIsNotExempt]' started.
Test Case '-[AppBundleTests.BrowserNativeReservationTest testMatchingNativeBindingReclaimsReservationAndLaterClosureIsNotExempt]' passed (0.005 seconds).
Test Case '-[AppBundleTests.BrowserNativeReservationTest testProjectedResizePreservesCollapsedReservedGroupAndMetadata]' started.
Test Case '-[AppBundleTests.BrowserNativeReservationTest testProjectedResizePreservesCollapsedReservedGroupAndMetadata]' passed (0.006 seconds).
Test Case '-[AppBundleTests.BrowserNativeReservationTest testReservationAloneDoesNotCreateAResizableNeighbor]' started.
Test Case '-[AppBundleTests.BrowserNativeReservationTest testReservationAloneDoesNotCreateAResizableNeighbor]' passed (0.006 seconds).
Test Case '-[AppBundleTests.BrowserNativeReservationTest testResizeChangesVisiblePaneByExactAmountBesideReservation]' started.
Test Case '-[AppBundleTests.BrowserNativeReservationTest testResizeChangesVisiblePaneByExactAmountBesideReservation]' passed (0.006 seconds).
Test Case '-[AppBundleTests.BrowserNativeReservationTest testUnavailableBrowserIsNotTreatedAsAnUnresolvedNativeReservation]' started.
Test Case '-[AppBundleTests.BrowserNativeReservationTest testUnavailableBrowserIsNotTreatedAsAnUnresolvedNativeReservation]' passed (0.006 seconds).
Test Case '-[AppBundleTests.BrowserNativeReservationTest testUnresolvedNativeReservationDoesNotOccupyAColumnOrBlockLiveSplit]' started.
Test Case '-[AppBundleTests.BrowserNativeReservationTest testUnresolvedNativeReservationDoesNotOccupyAColumnOrBlockLiveSplit]' passed (0.006 seconds).
Test Case '-[AppBundleTests.BrowserNativeReservationTest testUnresolvedSelectedStackMemberDoesNotHideItsLivePage]' started.
Test Case '-[AppBundleTests.BrowserNativeReservationTest testUnresolvedSelectedStackMemberDoesNotHideItsLivePage]' passed (0.005 seconds).
Test Suite 'BrowserNativeReservationTest' passed at 2026-10-06 17:41:01.506.
	 Executed 8 tests, with 0 failures (0 unexpected) in 0.041 (0.042) seconds
Test Suite 'BrowserNativeWindowControlsTest' started at 2026-10-06 17:41:01.506.
Test Case '-[AppBundleTests.BrowserNativeWindowControlsTest testAutomaticGroupSelectionSkipsSuspendedMRUButSidebarCanExplicitlyRestore]' started.
Test Case '-[AppBundleTests.BrowserNativeWindowControlsTest testAutomaticGroupSelectionSkipsSuspendedMRUButSidebarCanExplicitlyRestore]' passed (0.006 seconds).
Test Case '-[AppBundleTests.BrowserNativeWindowControlsTest testGreenButtonDispatchesFullscreenAndOptionGreenDispatchesZoom]' started.
Test Case '-[AppBundleTests.BrowserNativeWindowControlsTest testGreenButtonDispatchesFullscreenAndOptionGreenDispatchesZoom]' passed (0.001 seconds).
Test Case '-[AppBundleTests.BrowserNativeWindowControlsTest testLayoutReplyCannotRestoreNativelyMinimizedPage]' started.
Test Case '-[AppBundleTests.BrowserNativeWindowControlsTest testLayoutReplyCannotRestoreNativelyMinimizedPage]' passed (0.002 seconds).
Test Case '-[AppBundleTests.BrowserNativeWindowControlsTest testMinimizingPassivePaneNeverActivatesItAndFocusedPaneRetiresPendingFocus]' started.
Test Case '-[AppBundleTests.BrowserNativeWindowControlsTest testMinimizingPassivePaneNeverActivatesItAndFocusedPaneRetiresPendingFocus]' passed (0.005 seconds).
Test Case '-[AppBundleTests.BrowserNativeWindowControlsTest testNativeMinimizeFullscreenAndZoomRetainStackAndRestoreOriginalPlacement]' started.
Test Case '-[AppBundleTests.BrowserNativeWindowControlsTest testNativeMinimizeFullscreenAndZoomRetainStackAndRestoreOriginalPlacement]' passed (0.003 seconds).
Test Suite 'BrowserNativeWindowControlsTest' passed at 2026-10-06 17:41:01.524.
	 Executed 5 tests, with 0 failures (0 unexpected) in 0.018 (0.018) seconds
Test Suite 'BrowserNewTabShortcutTest' started at 2026-10-06 17:41:01.524.
Test Case '-[AppBundleTests.BrowserNewTabShortcutTest testBrowserRecorderReassignmentRemovesOnlyTheDirectlyConflictingAction]' started.
Test Case '-[AppBundleTests.BrowserNewTabShortcutTest testBrowserRecorderReassignmentRemovesOnlyTheDirectlyConflictingAction]' passed (0.002 seconds).
Test Case '-[AppBundleTests.BrowserNewTabShortcutTest testBrowserRecorderSavePreservesOtherBindingsAndDoesNotAddGroupShortcuts]' started.
Test Case '-[AppBundleTests.BrowserNewTabShortcutTest testBrowserRecorderSavePreservesOtherBindingsAndDoesNotAddGroupShortcuts]' passed (0.001 seconds).
Test Case '-[AppBundleTests.BrowserNewTabShortcutTest testClearAndRebindPersistAcrossParseWithoutChangingOtherBindings]' started.
Test Case '-[AppBundleTests.BrowserNewTabShortcutTest testClearAndRebindPersistAcrossParseWithoutChangingOtherBindings]' passed (0.000 seconds).
Test Case '-[AppBundleTests.BrowserNewTabShortcutTest testOldConfigsReceiveDefaultWhileExplicitConflictsWin]' started.
Test Case '-[AppBundleTests.BrowserNewTabShortcutTest testOldConfigsReceiveDefaultWhileExplicitConflictsWin]' passed (0.000 seconds).
Test Case '-[AppBundleTests.BrowserNewTabShortcutTest testRuntimeGateAddsBrowserDefaultOnlyForBrowserManagementAndPreservesExplicitBindings]' started.
Test Case '-[AppBundleTests.BrowserNewTabShortcutTest testRuntimeGateAddsBrowserDefaultOnlyForBrowserManagementAndPreservesExplicitBindings]' passed (0.001 seconds).
Test Suite 'BrowserNewTabShortcutTest' passed at 2026-10-06 17:41:01.528.
	 Executed 5 tests, with 0 failures (0 unexpected) in 0.004 (0.004) seconds
Test Suite 'BrowserNewTabTest' started at 2026-10-06 17:41:01.528.
Test Case '-[AppBundleTests.BrowserNewTabTest testCreationCapturesWorkspaceAndPlacesInventoryBeforeOrAfterReply]' started.
2026-10-06 17:41:01.532 xctest[75365:6495484] WinMux new tab: dispatch
2026-10-06 17:41:01.532 xctest[75365:6495484] WinMux new tab: issued
2026-10-06 17:41:01.532 xctest[75365:6495484] WinMux new tab: dispatch
2026-10-06 17:41:01.532 xctest[75365:6495484] WinMux new tab: issued
Test Case '-[AppBundleTests.BrowserNewTabTest testCreationCapturesWorkspaceAndPlacesInventoryBeforeOrAfterReply]' passed (0.005 seconds).
Test Case '-[AppBundleTests.BrowserNewTabTest testNewRequestRetiresOlderReplyWaitingForInventory]' started.
2026-10-06 17:41:01.533 xctest[75365:6495484] WinMux new tab: dispatch
2026-10-06 17:41:01.533 xctest[75365:6495484] WinMux new tab: issued
2026-10-06 17:41:01.533 xctest[75365:6495484] WinMux new tab: dispatch
2026-10-06 17:41:01.533 xctest[75365:6495484] WinMux new tab: issued
Test Case '-[AppBundleTests.BrowserNewTabTest testNewRequestRetiresOlderReplyWaitingForInventory]' passed (0.001 seconds).
Test Case '-[AppBundleTests.BrowserNewTabTest testOlderCreationReplyDoesNotReplaceNewerSelection]' started.
2026-10-06 17:41:01.534 xctest[75365:6495484] WinMux new tab: dispatch
2026-10-06 17:41:01.534 xctest[75365:6495484] WinMux new tab: dispatch
2026-10-06 17:41:01.534 xctest[75365:6495484] WinMux new tab: issued
2026-10-06 17:41:01.534 xctest[75365:6495484] WinMux new tab: issued
Test Case '-[AppBundleTests.BrowserNewTabTest testOlderCreationReplyDoesNotReplaceNewerSelection]' passed (0.001 seconds).
Test Suite 'BrowserNewTabTest' passed at 2026-10-06 17:41:01.535.
	 Executed 3 tests, with 0 failures (0 unexpected) in 0.006 (0.006) seconds
Test Suite 'BrowserPagePresentationTest' started at 2026-10-06 17:41:01.535.
Test Case '-[AppBundleTests.BrowserPagePresentationTest testAddressNormalizationSupportsLocalDevelopmentAndRejectsActiveSchemes]' started.
Test Case '-[AppBundleTests.BrowserPagePresentationTest testAddressNormalizationSupportsLocalDevelopmentAndRejectsActiveSchemes]' passed (0.001 seconds).
Test Case '-[AppBundleTests.BrowserPagePresentationTest testDelayedInventoryCannotTakeSelectionFromAnotherApp]' started.
Test Case '-[AppBundleTests.BrowserPagePresentationTest testDelayedInventoryCannotTakeSelectionFromAnotherApp]' passed (0.001 seconds).
Test Case '-[AppBundleTests.BrowserPagePresentationTest testDenseMixedLayoutFitsManagedMinimumBeforeConventionalHostsAreAdopted]' started.
Test Case '-[AppBundleTests.BrowserPagePresentationTest testDenseMixedLayoutFitsManagedMinimumBeforeConventionalHostsAreAdopted]' passed (0.005 seconds).
Test Case '-[AppBundleTests.BrowserPagePresentationTest testNeighboringPageShellsHaveIndependentGutters]' started.
Test Case '-[AppBundleTests.BrowserPagePresentationTest testNeighboringPageShellsHaveIndependentGutters]' passed (0.004 seconds).
Test Case '-[AppBundleTests.BrowserPagePresentationTest testNewPageActionAllowsEngineToSelectItsNewWindow]' started.
Test Case '-[AppBundleTests.BrowserPagePresentationTest testNewPageActionAllowsEngineToSelectItsNewWindow]' passed (0.001 seconds).
Test Case '-[AppBundleTests.BrowserPagePresentationTest testPageChromeUnifiesHeaderAndBodyAcrossNegativeScreenCoordinates]' started.
Test Case '-[AppBundleTests.BrowserPagePresentationTest testPageChromeUnifiesHeaderAndBodyAcrossNegativeScreenCoordinates]' passed (0.001 seconds).
Test Case '-[AppBundleTests.BrowserPagePresentationTest testPageMinimumIncludesItsChromeWithoutShrinkingChromiumBelowItsMinimum]' started.
Test Case '-[AppBundleTests.BrowserPagePresentationTest testPageMinimumIncludesItsChromeWithoutShrinkingChromiumBelowItsMinimum]' passed (0.001 seconds).
Test Case '-[AppBundleTests.BrowserPagePresentationTest testProtocolFourAdoptsFirstPageWithoutManualGroupingAndReflectsNativeFocus]' started.
Test Case '-[AppBundleTests.BrowserPagePresentationTest testProtocolFourAdoptsFirstPageWithoutManualGroupingAndReflectsNativeFocus]' passed (0.005 seconds).
Test Case '-[AppBundleTests.BrowserPagePresentationTest testStackRetainsIndependentHostsAndReservesNativeToolbar]' started.
Test Case '-[AppBundleTests.BrowserPagePresentationTest testStackRetainsIndependentHostsAndReservesNativeToolbar]' passed (0.005 seconds).
Test Suite 'BrowserPagePresentationTest' passed at 2026-10-06 17:41:01.560.
	 Executed 9 tests, with 0 failures (0 unexpected) in 0.024 (0.025) seconds
Test Suite 'BrowserPlacementRestoreTest' started at 2026-10-06 17:41:01.560.
Test Case '-[AppBundleTests.BrowserPlacementRestoreTest testInterruptedSharedFrameCannotPoisonTheLayoutCache]' started.
Test Case '-[AppBundleTests.BrowserPlacementRestoreTest testInterruptedSharedFrameCannotPoisonTheLayoutCache]' passed (0.001 seconds).
Test Case '-[AppBundleTests.BrowserPlacementRestoreTest testInventoryBeforeRestoreIsRecoveredAndLaterNewTabsUseCurrentWorkspace]' started.
Test Case '-[AppBundleTests.BrowserPlacementRestoreTest testInventoryBeforeRestoreIsRecoveredAndLaterNewTabsUseCurrentWorkspace]' passed (0.006 seconds).
Test Case '-[AppBundleTests.BrowserPlacementRestoreTest testLaterFullInventoryTilesNewPageInActiveGroupAfterRestore]' started.
Test Case '-[AppBundleTests.BrowserPlacementRestoreTest testLaterFullInventoryTilesNewPageInActiveGroupAfterRestore]' passed (0.002 seconds).
Test Case '-[AppBundleTests.BrowserPlacementRestoreTest testMixedCommandsAndGestureRejectChangedGroup]' started.
Test Case '-[AppBundleTests.BrowserPlacementRestoreTest testMixedCommandsAndGestureRejectChangedGroup]' passed (0.006 seconds).
Test Case '-[AppBundleTests.BrowserPlacementRestoreTest testNestedFitNavigationAndGestureRejectsChangedEffectiveStack]' started.
Test Case '-[AppBundleTests.BrowserPlacementRestoreTest testNestedFitNavigationAndGestureRejectsChangedEffectiveStack]' passed (0.006 seconds).
Test Case '-[AppBundleTests.BrowserPlacementRestoreTest testOverflowTilesKeepSelectionWhenAnotherTileIsFocused]' started.
Test Case '-[AppBundleTests.BrowserPlacementRestoreTest testOverflowTilesKeepSelectionWhenAnotherTileIsFocused]' passed (0.006 seconds).
Test Case '-[AppBundleTests.BrowserPlacementRestoreTest testRestoredPlacementWaitsForOwnerAndConfirmedRemovalPersists]' started.
Test Case '-[AppBundleTests.BrowserPlacementRestoreTest testRestoredPlacementWaitsForOwnerAndConfirmedRemovalPersists]' passed (0.006 seconds).
Test Case '-[AppBundleTests.BrowserPlacementRestoreTest testSelectingRestoredTabActivatesItsWorkspace]' started.
Test Case '-[AppBundleTests.BrowserPlacementRestoreTest testSelectingRestoredTabActivatesItsWorkspace]' passed (0.006 seconds).
Test Case '-[AppBundleTests.BrowserPlacementRestoreTest testTemporaryRootStackUsesMixedTabNavigationWithoutChangingSavedTree]' started.
Test Case '-[AppBundleTests.BrowserPlacementRestoreTest testTemporaryRootStackUsesMixedTabNavigationWithoutChangingSavedTree]' passed (0.002 seconds).
Test Case '-[AppBundleTests.BrowserPlacementRestoreTest testV4KeepsBrowserPlacementAcrossBootWithoutTrustingNativeWindowNumber]' started.
Test Case '-[AppBundleTests.BrowserPlacementRestoreTest testV4KeepsBrowserPlacementAcrossBootWithoutTrustingNativeWindowNumber]' passed (0.007 seconds).
Test Suite 'BrowserPlacementRestoreTest' passed at 2026-10-06 17:41:01.606.
	 Executed 10 tests, with 0 failures (0 unexpected) in 0.045 (0.046) seconds
Test Suite 'BrowserProfileMovesTest' started at 2026-10-06 17:41:01.606.
Test Case '-[AppBundleTests.BrowserProfileMovesTest testChangedDestinationProfileOrSourceNavigationCancelsMove]' started.
Test Case '-[AppBundleTests.BrowserProfileMovesTest testChangedDestinationProfileOrSourceNavigationCancelsMove]' passed (0.005 seconds).
Test Case '-[AppBundleTests.BrowserProfileMovesTest testCrossProfileMoveWaitsForBothReplyAndInventoryAndKeepsSourceUntilClose]' started.
Test Case '-[AppBundleTests.BrowserProfileMovesTest testCrossProfileMoveWaitsForBothReplyAndInventoryAndKeepsSourceUntilClose]' passed (0.001 seconds).
Test Case '-[AppBundleTests.BrowserProfileMovesTest testDivergentVersionSixOwnersCannotReceiveNewFeatureMessages]' started.
Test Case '-[AppBundleTests.BrowserProfileMovesTest testDivergentVersionSixOwnersCannotReceiveNewFeatureMessages]' passed (0.002 seconds).
Test Case '-[AppBundleTests.BrowserProfileMovesTest testFailedCreationAndDuplicateMoveLeaveOriginalUntouched]' started.
Test Case '-[AppBundleTests.BrowserProfileMovesTest testFailedCreationAndDuplicateMoveLeaveOriginalUntouched]' passed (0.001 seconds).
Test Case '-[AppBundleTests.BrowserProfileMovesTest testFocusFollowsReplacementOnlyWhenRequested]' started.
Test Case '-[AppBundleTests.BrowserProfileMovesTest testFocusFollowsReplacementOnlyWhenRequested]' passed (0.002 seconds).
Test Case '-[AppBundleTests.BrowserProfileMovesTest testGroupFailureClosesOnlyCopiesEvenWithLateCreationReply]' started.
Test Case '-[AppBundleTests.BrowserProfileMovesTest testGroupFailureClosesOnlyCopiesEvenWithLateCreationReply]' passed (0.001 seconds).
Test Case '-[AppBundleTests.BrowserProfileMovesTest testGroupMoveCommitsAllReplacementsTogetherAndRetainsSplitIdentity]' started.
Test Case '-[AppBundleTests.BrowserProfileMovesTest testGroupMoveCommitsAllReplacementsTogetherAndRetainsSplitIdentity]' passed (0.001 seconds).
Test Case '-[AppBundleTests.BrowserProfileMovesTest testLaterSelectionWinsOverDelayedMoveFocus]' started.
Test Case '-[AppBundleTests.BrowserProfileMovesTest testLaterSelectionWinsOverDelayedMoveFocus]' passed (0.007 seconds).
Test Case '-[AppBundleTests.BrowserProfileMovesTest testLiveAndClosedPinsAdoptDestinationProfileAndKeepShortcutIdentity]' started.
Test Case '-[AppBundleTests.BrowserProfileMovesTest testLiveAndClosedPinsAdoptDestinationProfileAndKeepShortcutIdentity]' passed (0.002 seconds).
Test Case '-[AppBundleTests.BrowserProfileMovesTest testNamedToSharedUsesExplicitSharedRouting]' started.
Test Case '-[AppBundleTests.BrowserProfileMovesTest testNamedToSharedUsesExplicitSharedRouting]' passed (0.001 seconds).
Test Case '-[AppBundleTests.BrowserProfileMovesTest testOrderedCrossSpaceMoveKeepsItsRequestedPosition]' started.
Test Case '-[AppBundleTests.BrowserProfileMovesTest testOrderedCrossSpaceMoveKeepsItsRequestedPosition]' passed (0.001 seconds).
Test Case '-[AppBundleTests.BrowserProfileMovesTest testPinnedSplitMovesAcrossProfilesOnlyAfterAllPagesAreReady]' started.
Test Case '-[AppBundleTests.BrowserProfileMovesTest testPinnedSplitMovesAcrossProfilesOnlyAfterAllPagesAreReady]' passed (0.001 seconds).
Test Case '-[AppBundleTests.BrowserProfileMovesTest testSameNamedAndSharedProfilesMoveWithoutReopening]' started.
Test Case '-[AppBundleTests.BrowserProfileMovesTest testSameNamedAndSharedProfilesMoveWithoutReopening]' passed (0.011 seconds).
Test Case '-[AppBundleTests.BrowserProfileMovesTest testSameSpaceReorganizationDoesNotChangeExistingTabsAfterDefaultChanges]' started.
Test Case '-[AppBundleTests.BrowserProfileMovesTest testSameSpaceReorganizationDoesNotChangeExistingTabsAfterDefaultChanges]' passed (0.001 seconds).
Test Case '-[AppBundleTests.BrowserProfileMovesTest testWrongProfileReplyCannotCloseOriginalAndDisconnectCancelsPendingMove]' started.
Test Case '-[AppBundleTests.BrowserProfileMovesTest testWrongProfileReplyCannotCloseOriginalAndDisconnectCancelsPendingMove]' passed (0.001 seconds).
Test Suite 'BrowserProfileMovesTest' passed at 2026-10-06 17:41:01.646.
	 Executed 15 tests, with 0 failures (0 unexpected) in 0.038 (0.040) seconds
Test Suite 'BrowserRefreshSchedulerTest' started at 2026-10-06 17:41:01.646.
Test Case '-[AppBundleTests.BrowserRefreshSchedulerTest testBurstBeforeTaskStartsUsesOnePass]' started.
Test Case '-[AppBundleTests.BrowserRefreshSchedulerTest testBurstBeforeTaskStartsUsesOnePass]' passed (0.000 seconds).
Test Case '-[AppBundleTests.BrowserRefreshSchedulerTest testInventoryBeforeRuntimeReadyIsRetainedUntilExplicitStartupResume]' started.
Test Case '-[AppBundleTests.BrowserRefreshSchedulerTest testInventoryBeforeRuntimeReadyIsRetainedUntilExplicitStartupResume]' passed (0.000 seconds).
Test Case '-[AppBundleTests.BrowserRefreshSchedulerTest testInventoryBurstDoesNotOverlapSuspendedLayoutAndRunsOneTrailingPass]' started.
Test Case '-[AppBundleTests.BrowserRefreshSchedulerTest testInventoryBurstDoesNotOverlapSuspendedLayoutAndRunsOneTrailingPass]' passed (0.001 seconds).
Test Case '-[AppBundleTests.BrowserRefreshSchedulerTest testReadinessLostDuringSuspendedPassPreservesTrailingInventory]' started.
Test Case '-[AppBundleTests.BrowserRefreshSchedulerTest testReadinessLostDuringSuspendedPassPreservesTrailingInventory]' passed (0.001 seconds).
Test Case '-[AppBundleTests.BrowserRefreshSchedulerTest testStartupReadinessDoesNotWaitForTrailingInventoryToBecomeIdle]' started.
Test Case '-[AppBundleTests.BrowserRefreshSchedulerTest testStartupReadinessDoesNotWaitForTrailingInventoryToBecomeIdle]' passed (0.001 seconds).
Test Suite 'BrowserRefreshSchedulerTest' passed at 2026-10-06 17:41:01.649.
	 Executed 5 tests, with 0 failures (0 unexpected) in 0.003 (0.003) seconds
Test Suite 'BrowserRestartCleanupTest' started at 2026-10-06 17:41:01.649.
Test Case '-[AppBundleTests.BrowserRestartCleanupTest testAnUnconnectedProfileKeepsPlacementWithoutShowingAnEmptyGroup]' started.
Test Case '-[AppBundleTests.BrowserRestartCleanupTest testAnUnconnectedProfileKeepsPlacementWithoutShowingAnEmptyGroup]' passed (0.002 seconds).
Test Case '-[AppBundleTests.BrowserRestartCleanupTest testCompletedDiscoveryRemovesMissingAndPreviouslyOrphanedNativeEntries]' started.
Test Case '-[AppBundleTests.BrowserRestartCleanupTest testCompletedDiscoveryRemovesMissingAndPreviouslyOrphanedNativeEntries]' passed (0.025 seconds).
Test Case '-[AppBundleTests.BrowserRestartCleanupTest testDelayedNativeDiscoveryKeepsItsSavedPositionUntilTheOwnerReturns]' started.
Test Case '-[AppBundleTests.BrowserRestartCleanupTest testDelayedNativeDiscoveryKeepsItsSavedPositionUntilTheOwnerReturns]' passed (0.027 seconds).
Test Case '-[AppBundleTests.BrowserRestartCleanupTest testDeltaAndRejectedFullInventoryCannotRetireUnclaimedPlacement]' started.
Test Case '-[AppBundleTests.BrowserRestartCleanupTest testDeltaAndRejectedFullInventoryCannotRetireUnclaimedPlacement]' passed (0.006 seconds).
Test Case '-[AppBundleTests.BrowserRestartCleanupTest testDiscoveryDeadlineRetiresMissingWindowEvenWhileItsAppIsRunning]' started.
Test Case '-[AppBundleTests.BrowserRestartCleanupTest testDiscoveryDeadlineRetiresMissingWindowEvenWhileItsAppIsRunning]' passed (0.011 seconds).
Test Case '-[AppBundleTests.BrowserRestartCleanupTest testFullBrowserInventoryRemovesAbsentSavedTabAndItsEmptyNumberedGroup]' started.
Test Case '-[AppBundleTests.BrowserRestartCleanupTest testFullBrowserInventoryRemovesAbsentSavedTabAndItsEmptyNumberedGroup]' passed (0.007 seconds).
Test Case '-[AppBundleTests.BrowserRestartCleanupTest testFullInventoryDoesNotDiscardANewTabWhoseCreationReplyArrivedFirst]' started.
Test Case '-[AppBundleTests.BrowserRestartCleanupTest testFullInventoryDoesNotDiscardANewTabWhoseCreationReplyArrivedFirst]' passed (0.006 seconds).
Test Case '-[AppBundleTests.BrowserRestartCleanupTest testInventoryArrivingBeforeTheSessionFileAlsoRetiresStaleReferences]' started.
Test Case '-[AppBundleTests.BrowserRestartCleanupTest testInventoryArrivingBeforeTheSessionFileAlsoRetiresStaleReferences]' passed (0.002 seconds).
Test Case '-[AppBundleTests.BrowserRestartCleanupTest testPreviousBootCannotLeaveAPlaceholderOrClaimAReusedWindowNumber]' started.
Test Case '-[AppBundleTests.BrowserRestartCleanupTest testPreviousBootCannotLeaveAPlaceholderOrClaimAReusedWindowNumber]' passed (0.015 seconds).
Test Case '-[AppBundleTests.BrowserRestartCleanupTest testReconnectRetiresTabsClosedWhileTheHelperWasDisconnected]' started.
Test Case '-[AppBundleTests.BrowserRestartCleanupTest testReconnectRetiresTabsClosedWhileTheHelperWasDisconnected]' passed (0.007 seconds).
Test Suite 'BrowserRestartCleanupTest' passed at 2026-10-06 17:41:01.758.
	 Executed 10 tests, with 0 failures (0 unexpected) in 0.107 (0.108) seconds
Test Suite 'BrowserSidebarIntegrationTest' started at 2026-10-06 17:41:01.758.
Test Case '-[AppBundleTests.BrowserSidebarIntegrationTest testAuthenticatedProcessRemainsExcludedAcrossTransientDisconnect]' started.
Test Case '-[AppBundleTests.BrowserSidebarIntegrationTest testAuthenticatedProcessRemainsExcludedAcrossTransientDisconnect]' passed (0.001 seconds).
Test Case '-[AppBundleTests.BrowserSidebarIntegrationTest testBrowserRowsShareNativeSidebarAndSearchWithoutNativeBindings]' started.
Test Case '-[AppBundleTests.BrowserSidebarIntegrationTest testBrowserRowsShareNativeSidebarAndSearchWithoutNativeBindings]' passed (0.002 seconds).
Test Case '-[AppBundleTests.BrowserSidebarIntegrationTest testClosedOrReusedNativeLeafCannotBeReorganized]' started.
Test Case '-[AppBundleTests.BrowserSidebarIntegrationTest testClosedOrReusedNativeLeafCannotBeReorganized]' passed (0.009 seconds).
Test Case '-[AppBundleTests.BrowserSidebarIntegrationTest testCurrentWebsiteFaviconReachesSharedRowsAndSearchAfterNavigation]' started.
Test Case '-[AppBundleTests.BrowserSidebarIntegrationTest testCurrentWebsiteFaviconReachesSharedRowsAndSearchAfterNavigation]' passed (0.007 seconds).
Test Case '-[AppBundleTests.BrowserSidebarIntegrationTest testDisconnectAndDuplicateOwnersCannotResurrectOrMisrouteRows]' started.
Test Case '-[AppBundleTests.BrowserSidebarIntegrationTest testDisconnectAndDuplicateOwnersCannotResurrectOrMisrouteRows]' passed (0.006 seconds).
Test Case '-[AppBundleTests.BrowserSidebarIntegrationTest testMixedOrganizationUsesLiveOwnersAndSurvivesDisconnect]' started.
Test Case '-[AppBundleTests.BrowserSidebarIntegrationTest testMixedOrganizationUsesLiveOwnersAndSurvivesDisconnect]' passed (0.002 seconds).
Test Case '-[AppBundleTests.BrowserSidebarIntegrationTest testMultipleBrowserFencesReaffirmOnlyTheCurrentOwner]' started.
Test Case '-[AppBundleTests.BrowserSidebarIntegrationTest testMultipleBrowserFencesReaffirmOnlyTheCurrentOwner]' passed (0.006 seconds).
Test Case '-[AppBundleTests.BrowserSidebarIntegrationTest testNativeFocusFencesBrowserAndLateReplyCannotRefocusAnOlderNativeTarget]' started.
Test Case '-[AppBundleTests.BrowserSidebarIntegrationTest testNativeFocusFencesBrowserAndLateReplyCannotRefocusAnOlderNativeTarget]' passed (0.005 seconds).
Test Case '-[AppBundleTests.BrowserSidebarIntegrationTest testOpenPinUsesCurrentWebsiteIconWhileClosedPinKeepsSavedIcon]' started.
Test Case '-[AppBundleTests.BrowserSidebarIntegrationTest testOpenPinUsesCurrentWebsiteIconWhileClosedPinKeepsSavedIcon]' passed (0.006 seconds).
Test Case '-[AppBundleTests.BrowserSidebarIntegrationTest testSidebarProjectionMatchesLiveRowsAndRefreshesOwnershipAndIcons]' started.
Test Case '-[AppBundleTests.BrowserSidebarIntegrationTest testSidebarProjectionMatchesLiveRowsAndRefreshesOwnershipAndIcons]' passed (0.002 seconds).
Test Case '-[AppBundleTests.BrowserSidebarIntegrationTest testUnifiedSearchAndTypedDragIncludeBothKindsInsideGroups]' started.
Test Case '-[AppBundleTests.BrowserSidebarIntegrationTest testUnifiedSearchAndTypedDragIncludeBothKindsInsideGroups]' passed (0.001 seconds).
Test Suite 'BrowserSidebarIntegrationTest' passed at 2026-10-06 17:41:01.806.
	 Executed 11 tests, with 0 failures (0 unexpected) in 0.047 (0.048) seconds
Test Suite 'BrowserSidebarPinsTest' started at 2026-10-06 17:41:01.806.
Test Case '-[AppBundleTests.BrowserSidebarPinsTest testBrowserProcessRestartCanRetireTheOldPinReservation]' started.
Test Case '-[AppBundleTests.BrowserSidebarPinsTest testBrowserProcessRestartCanRetireTheOldPinReservation]' passed (0.002 seconds).
Test Case '-[AppBundleTests.BrowserSidebarPinsTest testClosedPinOpensSavedURLInItsSpaceAndWaitsForInventoryBeforeAnotherOpen]' started.
2026-10-06 17:41:01.812 xctest[75365:6495484] WinMux new tab: dispatch
2026-10-06 17:41:01.813 xctest[75365:6495484] WinMux new tab: issued
Test Case '-[AppBundleTests.BrowserSidebarPinsTest testClosedPinOpensSavedURLInItsSpaceAndWaitsForInventoryBeforeAnotherOpen]' passed (0.006 seconds).
Test Case '-[AppBundleTests.BrowserSidebarPinsTest testClosedTemplateDoesNotReclaimAGroupMovedToAnotherDesktop]' started.
Test Case '-[AppBundleTests.BrowserSidebarPinsTest testClosedTemplateDoesNotReclaimAGroupMovedToAnotherDesktop]' passed (0.001 seconds).
Test Case '-[AppBundleTests.BrowserSidebarPinsTest testClosingPinPreservesItsOriginalURLProfileIconAndSearchIdentity]' started.
Test Case '-[AppBundleTests.BrowserSidebarPinsTest testClosingPinPreservesItsOriginalURLProfileIconAndSearchIdentity]' passed (0.002 seconds).
Test Case '-[AppBundleTests.BrowserSidebarPinsTest testDraggingLivePinIntoRegularGroupUnpinsWithoutClosing]' started.
Test Case '-[AppBundleTests.BrowserSidebarPinsTest testDraggingLivePinIntoRegularGroupUnpinsWithoutClosing]' passed (0.005 seconds).
Test Case '-[AppBundleTests.BrowserSidebarPinsTest testFailedOpenCanRetryAndUnpinDuringCreationDoesNotRecreateShortcut]' started.
2026-10-06 17:41:01.826 xctest[75365:6495484] WinMux new tab: dispatch
2026-10-06 17:41:01.826 xctest[75365:6495484] WinMux new tab: unavailable
2026-10-06 17:41:01.826 xctest[75365:6495484] WinMux new tab: dispatch
2026-10-06 17:41:01.826 xctest[75365:6495484] WinMux new tab: issued
Test Case '-[AppBundleTests.BrowserSidebarPinsTest testFailedOpenCanRetryAndUnpinDuringCreationDoesNotRecreateShortcut]' passed (0.005 seconds).
Test Case '-[AppBundleTests.BrowserSidebarPinsTest testMovingMemberIntoAnotherPinUpdatesDurableOwnership]' started.
Test Case '-[AppBundleTests.BrowserSidebarPinsTest testMovingMemberIntoAnotherPinUpdatesDurableOwnership]' passed (0.001 seconds).
Test Case '-[AppBundleTests.BrowserSidebarPinsTest testMovingPinDuringCreationUsesLatestSpaceWithoutOverridingNewFocus]' started.
2026-10-06 17:41:01.833 xctest[75365:6495484] WinMux new tab: dispatch
2026-10-06 17:41:01.833 xctest[75365:6495484] WinMux new tab: issued
Test Case '-[AppBundleTests.BrowserSidebarPinsTest testMovingPinDuringCreationUsesLatestSpaceWithoutOverridingNewFocus]' passed (0.006 seconds).
Test Case '-[AppBundleTests.BrowserSidebarPinsTest testOtherOwnerInventoryDoesNotCloseLivePinAndDisconnectDoesNotDuplicateIt]' started.
Test Case '-[AppBundleTests.BrowserSidebarPinsTest testOtherOwnerInventoryDoesNotCloseLivePinAndDisconnectDoesNotDuplicateIt]' passed (0.006 seconds).
Test Case '-[AppBundleTests.BrowserSidebarPinsTest testPartialGroupReopenRestoresSlotWithoutStealingLiveFocus]' started.
2026-10-06 17:41:01.845 xctest[75365:6495484] WinMux new tab: dispatch
2026-10-06 17:41:01.845 xctest[75365:6495484] WinMux new tab: issued
Test Case '-[AppBundleTests.BrowserSidebarPinsTest testPartialGroupReopenRestoresSlotWithoutStealingLiveFocus]' passed (0.006 seconds).
Test Case '-[AppBundleTests.BrowserSidebarPinsTest testPinningGroupedMemberPreservesBothPanesAndUnpinKeepsDesktop]' started.
Test Case '-[AppBundleTests.BrowserSidebarPinsTest testPinningGroupedMemberPreservesBothPanesAndUnpinKeepsDesktop]' passed (0.010 seconds).
Test Case '-[AppBundleTests.BrowserSidebarPinsTest testRestoredMissingLivePinBecomesClosedShortcutWithoutGhostPane]' started.
Test Case '-[AppBundleTests.BrowserSidebarPinsTest testRestoredMissingLivePinBecomesClosedShortcutWithoutGhostPane]' passed (0.009 seconds).
Test Case '-[AppBundleTests.BrowserSidebarPinsTest testUnpinDuringLostConnectionMovesReservedPageToRegularGroup]' started.
Test Case '-[AppBundleTests.BrowserSidebarPinsTest testUnpinDuringLostConnectionMovesReservedPageToRegularGroup]' passed (0.001 seconds).
Test Case '-[AppBundleTests.BrowserSidebarPinsTest testUnpinSelectedPageReturnsItsFocusToRegularGroup]' started.
Test Case '-[AppBundleTests.BrowserSidebarPinsTest testUnpinSelectedPageReturnsItsFocusToRegularGroup]' passed (0.005 seconds).
Test Suite 'BrowserSidebarPinsTest' passed at 2026-10-06 17:41:01.873.
	 Executed 14 tests, with 0 failures (0 unexpected) in 0.066 (0.067) seconds
Test Suite 'BrowserSurfaceDropTest' started at 2026-10-06 17:41:01.873.
Test Case '-[AppBundleTests.BrowserSurfaceDropTest testBrowserAndNativeSourcesResolveAndSplitEachOther]' started.
Test Case '-[AppBundleTests.BrowserSurfaceDropTest testBrowserAndNativeSourcesResolveAndSplitEachOther]' passed (0.012 seconds).
Test Case '-[AppBundleTests.BrowserSurfaceDropTest testBrowserToBrowserTabThenSplitUsesOnlyVisibleTarget]' started.
Test Case '-[AppBundleTests.BrowserSurfaceDropTest testBrowserToBrowserTabThenSplitUsesOnlyVisibleTarget]' passed (0.006 seconds).
Test Case '-[AppBundleTests.BrowserSurfaceDropTest testCenterSwapsLeavesAndSelfDoesNotResolve]' started.
Test Case '-[AppBundleTests.BrowserSurfaceDropTest testCenterSwapsLeavesAndSelfDoesNotResolve]' passed (0.006 seconds).
Test Case '-[AppBundleTests.BrowserSurfaceDropTest testCrossWorkspaceBrowserMovePreservesNativeTargetAndRejectsCrossSwap]' started.
Test Case '-[AppBundleTests.BrowserSurfaceDropTest testCrossWorkspaceBrowserMovePreservesNativeTargetAndRejectsCrossSwap]' passed (0.006 seconds).
Test Case '-[AppBundleTests.BrowserSurfaceDropTest testCrossWorkspaceMoveCommitsBothOwnersOnlyAfterTargetValidation]' started.
Test Case '-[AppBundleTests.BrowserSurfaceDropTest testCrossWorkspaceMoveCommitsBothOwnersOnlyAfterTargetValidation]' passed (0.014 seconds).
Test Case '-[AppBundleTests.BrowserSurfaceDropTest testDisconnectStaleFrameAndReusedWindowIDCannotCommit]' started.
Test Case '-[AppBundleTests.BrowserSurfaceDropTest testDisconnectStaleFrameAndReusedWindowIDCannotCommit]' passed (0.014 seconds).
Test Case '-[AppBundleTests.BrowserSurfaceDropTest testLegacyOwnerAndDisabledTabsDoNotOfferUnsupportedDrop]' started.
Test Case '-[AppBundleTests.BrowserSurfaceDropTest testLegacyOwnerAndDisabledTabsDoNotOfferUnsupportedDrop]' passed (0.006 seconds).
Test Case '-[AppBundleTests.BrowserSurfaceDropTest testRestoredReservationsAllowCrossWorkspaceDropWithoutMovingOrDisplayingThem]' started.
Test Case '-[AppBundleTests.BrowserSurfaceDropTest testRestoredReservationsAllowCrossWorkspaceDropWithoutMovingOrDisplayingThem]' passed (0.010 seconds).
Test Case '-[AppBundleTests.BrowserSurfaceDropTest testUnavailableWorkspaceMemberRejectsCrossMoveBeforeNativeRebinding]' started.
Test Case '-[AppBundleTests.BrowserSurfaceDropTest testUnavailableWorkspaceMemberRejectsCrossMoveBeforeNativeRebinding]' passed (0.013 seconds).
Test Suite 'BrowserSurfaceDropTest' passed at 2026-10-06 17:41:01.961.
	 Executed 9 tests, with 0 failures (0 unexpected) in 0.087 (0.088) seconds
Test Suite 'BrowserSurfaceNavigationTest' started at 2026-10-06 17:41:01.961.
Test Case '-[AppBundleTests.BrowserSurfaceNavigationTest testDirectionsFollowTheSameRowAndColumnAcrossGrid]' started.
Test Case '-[AppBundleTests.BrowserSurfaceNavigationTest testDirectionsFollowTheSameRowAndColumnAcrossGrid]' passed (0.000 seconds).
Test Case '-[AppBundleTests.BrowserSurfaceNavigationTest testHiddenStackLeavesAreExcludedFromDirectionalTargets]' started.
Test Case '-[AppBundleTests.BrowserSurfaceNavigationTest testHiddenStackLeavesAreExcludedFromDirectionalTargets]' passed (0.000 seconds).
Test Suite 'BrowserSurfaceNavigationTest' passed at 2026-10-06 17:41:01.962.
	 Executed 2 tests, with 0 failures (0 unexpected) in 0.000 (0.001) seconds
Test Suite 'BrowserToolbarDragTest' started at 2026-10-06 17:41:01.962.
Test Case '-[AppBundleTests.BrowserToolbarDragTest testCancelledOrReleasedGestureCannotRestartFromStrayEvents]' started.
Test Case '-[AppBundleTests.BrowserToolbarDragTest testCancelledOrReleasedGestureCannotRestartFromStrayEvents]' passed (0.000 seconds).
Test Case '-[AppBundleTests.BrowserToolbarDragTest testInteractiveHeaderHasWindowAndToolbarAccessibilityWhileBackingIsIgnored]' started.
Test Case '-[AppBundleTests.BrowserToolbarDragTest testInteractiveHeaderHasWindowAndToolbarAccessibilityWhileBackingIsIgnored]' passed (0.055 seconds).
Test Case '-[AppBundleTests.BrowserToolbarDragTest testMovedAndResizedBodyKeepsContinuousChromeAcrossDisplays]' started.
Test Case '-[AppBundleTests.BrowserToolbarDragTest testMovedAndResizedBodyKeepsContinuousChromeAcrossDisplays]' passed (0.000 seconds).
Test Case '-[AppBundleTests.BrowserToolbarDragTest testSmallPointerMotionRemainsClickAndFirstDragKeepsOriginalAnchor]' started.
Test Case '-[AppBundleTests.BrowserToolbarDragTest testSmallPointerMotionRemainsClickAndFirstDragKeepsOriginalAnchor]' passed (0.000 seconds).
Test Case '-[AppBundleTests.BrowserToolbarDragTest testStandardWindowControlsDispatchTheirWindowActions]' started.
Test Case '-[AppBundleTests.BrowserToolbarDragTest testStandardWindowControlsDispatchTheirWindowActions]' passed (0.030 seconds).
Test Case '-[AppBundleTests.BrowserToolbarDragTest testTrafficLightsAndAddressRemainUsableInNarrowSplits]' started.
Test Case '-[AppBundleTests.BrowserToolbarDragTest testTrafficLightsAndAddressRemainUsableInNarrowSplits]' passed (0.040 seconds).
Test Suite 'BrowserToolbarDragTest' passed at 2026-10-06 17:41:02.088.
	 Executed 6 tests, with 0 failures (0 unexpected) in 0.126 (0.126) seconds
Test Suite 'BrowserToolbarPerformanceTest' started at 2026-10-06 17:41:02.088.
Test Case '-[AppBundleTests.BrowserToolbarPerformanceTest testHiddenToolbarCacheIsBounded]' started.
Test Case '-[AppBundleTests.BrowserToolbarPerformanceTest testHiddenToolbarCacheIsBounded]' passed (1.499 seconds).
Test Case '-[AppBundleTests.BrowserToolbarPerformanceTest testPinFaviconIsReusedAndInvalidImagesAreIgnored]' started.
Test Case '-[AppBundleTests.BrowserToolbarPerformanceTest testPinFaviconIsReusedAndInvalidImagesAreIgnored]' passed (0.008 seconds).
Test Case '-[AppBundleTests.BrowserToolbarPerformanceTest testSwitchingGroupsHidesAndReusesControlsThenEvictsClosedPages]' started.
Test Case '-[AppBundleTests.BrowserToolbarPerformanceTest testSwitchingGroupsHidesAndReusesControlsThenEvictsClosedPages]' passed (0.057 seconds).
Test Case '-[AppBundleTests.BrowserToolbarPerformanceTest testUnchangedToolbarDoesNotRecreateSymbolsOrRequestLayout]' started.
Test Case '-[AppBundleTests.BrowserToolbarPerformanceTest testUnchangedToolbarDoesNotRecreateSymbolsOrRequestLayout]' passed (0.016 seconds).
Test Suite 'BrowserToolbarPerformanceTest' passed at 2026-10-06 17:41:03.668.
	 Executed 4 tests, with 0 failures (0 unexpected) in 1.580 (1.580) seconds
Test Suite 'ChromeSelectionTest' started at 2026-10-06 17:41:03.668.
Test Case '-[AppBundleTests.ChromeSelectionTest testBrowserGlassDoesNotInterceptControlsAndAddressFitsHeader]' started.
Test Case '-[AppBundleTests.ChromeSelectionTest testBrowserGlassDoesNotInterceptControlsAndAddressFitsHeader]' passed (0.087 seconds).
Test Case '-[AppBundleTests.ChromeSelectionTest testLayoutSelectionSurvivesFocusInAnotherPaneAndInventorySelectedFlags]' started.
Test Case '-[AppBundleTests.ChromeSelectionTest testLayoutSelectionSurvivesFocusInAnotherPaneAndInventorySelectedFlags]' passed (0.007 seconds).
Test Case '-[AppBundleTests.ChromeSelectionTest testOpenPinShowsLoadingAndClosedPinRetainsIdentityWithoutLoading]' started.
Test Case '-[AppBundleTests.ChromeSelectionTest testOpenPinShowsLoadingAndClosedPinRetainsIdentityWithoutLoading]' passed (0.004 seconds).
Test Case '-[AppBundleTests.ChromeSelectionTest testSearchTargetAndGroupDoNotCompeteWithSelectedLeaf]' started.
Test Case '-[AppBundleTests.ChromeSelectionTest testSearchTargetAndGroupDoNotCompeteWithSelectedLeaf]' passed (0.006 seconds).
Test Case '-[AppBundleTests.ChromeSelectionTest testSplitContainersDoNotMarkEveryPaneSelected]' started.
Test Case '-[AppBundleTests.ChromeSelectionTest testSplitContainersDoNotMarkEveryPaneSelected]' passed (0.001 seconds).
Test Suite 'ChromeSelectionTest' passed at 2026-10-06 17:41:03.774.
	 Executed 5 tests, with 0 failures (0 unexpected) in 0.104 (0.105) seconds
Test Suite 'ClientServerTest' started at 2026-10-06 17:41:03.774.
Test Case '-[AppBundleTests.ClientServerTest testClientRequestJsonCompatibility_encoding]' started.
Test Case '-[AppBundleTests.ClientServerTest testClientRequestJsonCompatibility_encoding]' passed (0.000 seconds).
Test Case '-[AppBundleTests.ClientServerTest testClientRequestJsonV1_decoding]' started.
Test Case '-[AppBundleTests.ClientServerTest testClientRequestJsonV1_decoding]' passed (0.000 seconds).
Test Case '-[AppBundleTests.ClientServerTest testClientRequestJsonV2_decoding]' started.
Test Case '-[AppBundleTests.ClientServerTest testClientRequestJsonV2_decoding]' passed (0.000 seconds).
Test Case '-[AppBundleTests.ClientServerTest testClientRequestJsonV3_decoding]' started.
Test Case '-[AppBundleTests.ClientServerTest testClientRequestJsonV3_decoding]' passed (0.000 seconds).
Test Case '-[AppBundleTests.ClientServerTest testClientRequestJsonV3_decoding2]' started.
Test Case '-[AppBundleTests.ClientServerTest testClientRequestJsonV3_decoding2]' passed (0.000 seconds).
Test Case '-[AppBundleTests.ClientServerTest testClientRequestJsonV9999_decoding]' started.
Test Case '-[AppBundleTests.ClientServerTest testClientRequestJsonV9999_decoding]' passed (0.000 seconds).
Test Case '-[AppBundleTests.ClientServerTest testServerEventDecoding]' started.
Test Case '-[AppBundleTests.ClientServerTest testServerEventDecoding]' passed (0.000 seconds).
Test Case '-[AppBundleTests.ClientServerTest testServerEventEncoding]' started.
Test Case '-[AppBundleTests.ClientServerTest testServerEventEncoding]' passed (0.000 seconds).
Test Suite 'ClientServerTest' passed at 2026-10-06 17:41:03.776.
	 Executed 8 tests, with 0 failures (0 unexpected) in 0.002 (0.003) seconds
Test Suite 'CloseCommandTest' started at 2026-10-06 17:41:03.776.
Test Case '-[AppBundleTests.CloseCommandTest testCloseViaWindowIdFlag]' started.
Test Case '-[AppBundleTests.CloseCommandTest testCloseViaWindowIdFlag]' passed (0.010 seconds).
Test Case '-[AppBundleTests.CloseCommandTest testSimple]' started.
Test Case '-[AppBundleTests.CloseCommandTest testSimple]' passed (0.012 seconds).
Test Suite 'CloseCommandTest' passed at 2026-10-06 17:41:03.799.
	 Executed 2 tests, with 0 failures (0 unexpected) in 0.023 (0.023) seconds
Test Suite 'ConfigBootstrapTest' started at 2026-10-06 17:41:03.799.
Test Case '-[AppBundleTests.ConfigBootstrapTest testEnsureBootstrapConfigCopiesLegacyConfig]' started.
Test Case '-[AppBundleTests.ConfigBootstrapTest testEnsureBootstrapConfigCopiesLegacyConfig]' passed (0.004 seconds).
Test Case '-[AppBundleTests.ConfigBootstrapTest testEnsureBootstrapConfigImportsAerospaceConfigWhenNoWinMuxConfigExists]' started.
Test Case '-[AppBundleTests.ConfigBootstrapTest testEnsureBootstrapConfigImportsAerospaceConfigWhenNoWinMuxConfigExists]' passed (0.006 seconds).
Test Case '-[AppBundleTests.ConfigBootstrapTest testEnsureBootstrapConfigPrefersFirstLegacyConfigWithoutFailing]' started.
Test Case '-[AppBundleTests.ConfigBootstrapTest testEnsureBootstrapConfigPrefersFirstLegacyConfigWithoutFailing]' passed (0.003 seconds).
Test Case '-[AppBundleTests.ConfigBootstrapTest testStarterConfigParses]' started.
Test Case '-[AppBundleTests.ConfigBootstrapTest testStarterConfigParses]' passed (0.004 seconds).
Test Suite 'ConfigBootstrapTest' passed at 2026-10-06 17:41:03.817.
	 Executed 4 tests, with 0 failures (0 unexpected) in 0.017 (0.018) seconds
Test Suite 'ConfigTest' started at 2026-10-06 17:41:03.817.
Test Case '-[AppBundleTests.ConfigTest testBindingEqualityChecksCommandCount]' started.
Test Case '-[AppBundleTests.ConfigTest testBindingEqualityChecksCommandCount]' passed (0.000 seconds).
Test Case '-[AppBundleTests.ConfigTest testConfigVersionOutOfBounds]' started.
Test Case '-[AppBundleTests.ConfigTest testConfigVersionOutOfBounds]' passed (0.000 seconds).
Test Case '-[AppBundleTests.ConfigTest testDropBindings]' started.
Test Case '-[AppBundleTests.ConfigTest testDropBindings]' passed (0.000 seconds).
Test Case '-[AppBundleTests.ConfigTest testDuplicatedPersistentWorkspaces]' started.
Test Case '-[AppBundleTests.ConfigTest testDuplicatedPersistentWorkspaces]' passed (0.000 seconds).
Test Case '-[AppBundleTests.ConfigTest testExecOnWorkspaceChangeDifferentTypesError]' started.
Test Case '-[AppBundleTests.ConfigTest testExecOnWorkspaceChangeDifferentTypesError]' passed (0.000 seconds).
Test Case '-[AppBundleTests.ConfigTest testFlipEventTapCancelsOptionLauncherButPreservesSingleTap]' started.
Test Case '-[AppBundleTests.ConfigTest testFlipEventTapCancelsOptionLauncherButPreservesSingleTap]' passed (0.005 seconds).
Test Case '-[AppBundleTests.ConfigTest testHotkeyParseError]' started.
Test Case '-[AppBundleTests.ConfigTest testHotkeyParseError]' passed (0.000 seconds).
Test Case '-[AppBundleTests.ConfigTest testModesMustContainDefaultModeError]' started.
Test Case '-[AppBundleTests.ConfigTest testModesMustContainDefaultModeError]' passed (0.000 seconds).
Test Case '-[AppBundleTests.ConfigTest testMoveWorkspaceToMonitorCommandParsing]' started.
Test Case '-[AppBundleTests.ConfigTest testMoveWorkspaceToMonitorCommandParsing]' passed (0.000 seconds).
Test Case '-[AppBundleTests.ConfigTest testParseAutomaticallyTileNewWindows]' started.
Test Case '-[AppBundleTests.ConfigTest testParseAutomaticallyTileNewWindows]' passed (0.000 seconds).
Test Case '-[AppBundleTests.ConfigTest testParseDefaultConfig]' started.
Test Case '-[AppBundleTests.ConfigTest testParseDefaultConfig]' passed (0.001 seconds).
Test Case '-[AppBundleTests.ConfigTest testParseGaps]' started.
Test Case '-[AppBundleTests.ConfigTest testParseGaps]' passed (0.000 seconds).
Test Case '-[AppBundleTests.ConfigTest testParseI3Config]' started.
Test Case '-[AppBundleTests.ConfigTest testParseI3Config]' passed (0.000 seconds).
Test Case '-[AppBundleTests.ConfigTest testParseKeyMapping]' started.
Test Case '-[AppBundleTests.ConfigTest testParseKeyMapping]' passed (0.000 seconds).
Test Case '-[AppBundleTests.ConfigTest testParseMode]' started.
Test Case '-[AppBundleTests.ConfigTest testParseMode]' passed (0.000 seconds).
Test Case '-[AppBundleTests.ConfigTest testParseOnWindowDetected]' started.
Test Case '-[AppBundleTests.ConfigTest testParseOnWindowDetected]' passed (0.001 seconds).
Test Case '-[AppBundleTests.ConfigTest testParseOnWindowDetectedRegex]' started.
Test Case '-[AppBundleTests.ConfigTest testParseOnWindowDetectedRegex]' passed (0.000 seconds).
Test Case '-[AppBundleTests.ConfigTest testParseRectangleShortcutsPresetIsRemoved]' started.
Test Case '-[AppBundleTests.ConfigTest testParseRectangleShortcutsPresetIsRemoved]' passed (0.001 seconds).
Test Case '-[AppBundleTests.ConfigTest testParseShakeToToggleTiling]' started.
Test Case '-[AppBundleTests.ConfigTest testParseShakeToToggleTiling]' passed (0.000 seconds).
Test Case '-[AppBundleTests.ConfigTest testParseTapBindings]' started.
Test Case '-[AppBundleTests.ConfigTest testParseTapBindings]' passed (0.000 seconds).
Test Case '-[AppBundleTests.ConfigTest testParseTiles]' started.
Test Case '-[AppBundleTests.ConfigTest testParseTiles]' passed (0.000 seconds).
Test Case '-[AppBundleTests.ConfigTest testParseWindowTabs]' started.
Test Case '-[AppBundleTests.ConfigTest testParseWindowTabs]' passed (0.000 seconds).
Test Case '-[AppBundleTests.ConfigTest testParseWorkspaceSidebar]' started.
Test Case '-[AppBundleTests.ConfigTest testParseWorkspaceSidebar]' passed (0.000 seconds).
Test Case '-[AppBundleTests.ConfigTest testParseWorkspaceToMonitorAssignment]' started.
Test Case '-[AppBundleTests.ConfigTest testParseWorkspaceToMonitorAssignment]' passed (0.001 seconds).
Test Case '-[AppBundleTests.ConfigTest testParseZeroGapsForBorderlessTiling]' started.
Test Case '-[AppBundleTests.ConfigTest testParseZeroGapsForBorderlessTiling]' passed (0.000 seconds).
Test Case '-[AppBundleTests.ConfigTest testPermanentWorkspaceNames]' started.
Test Case '-[AppBundleTests.ConfigTest testPermanentWorkspaceNames]' passed (0.000 seconds).
Test Case '-[AppBundleTests.ConfigTest testPersistentWorkspacesAreAvailableOnlySinceVersion2]' started.
Test Case '-[AppBundleTests.ConfigTest testPersistentWorkspacesAreAvailableOnlySinceVersion2]' passed (0.000 seconds).
Test Case '-[AppBundleTests.ConfigTest testQueryCantBeUsedInConfig]' started.
Test Case '-[AppBundleTests.ConfigTest testQueryCantBeUsedInConfig]' passed (0.000 seconds).
Test Case '-[AppBundleTests.ConfigTest testRegex]' started.
Test Case '-[AppBundleTests.ConfigTest testRegex]' passed (0.000 seconds).
Test Case '-[AppBundleTests.ConfigTest testRemovedRectangleShortcutsPresetDoesNotOverrideExplicitBindings]' started.
Test Case '-[AppBundleTests.ConfigTest testRemovedRectangleShortcutsPresetDoesNotOverrideExplicitBindings]' passed (0.000 seconds).
Test Case '-[AppBundleTests.ConfigTest testSidebarMenuBarStyleSettingsRoundTrip]' started.
Test Case '-[AppBundleTests.ConfigTest testSidebarMenuBarStyleSettingsRoundTrip]' passed (0.000 seconds).
Test Case '-[AppBundleTests.ConfigTest testSidebarSwipeCreationSettingsRoundTrip]' started.
Test Case '-[AppBundleTests.ConfigTest testSidebarSwipeCreationSettingsRoundTrip]' passed (0.000 seconds).
Test Case '-[AppBundleTests.ConfigTest testSplitCommandAndFlattenContainersNormalization]' started.
Test Case '-[AppBundleTests.ConfigTest testSplitCommandAndFlattenContainersNormalization]' passed (0.000 seconds).
Test Case '-[AppBundleTests.ConfigTest testSystemChromeFollowsAppearanceWhileFixedColorsKeepTheirContrast]' started.
Test Case '-[AppBundleTests.ConfigTest testSystemChromeFollowsAppearanceWhileFixedColorsKeepTheirContrast]' passed (0.001 seconds).
Test Case '-[AppBundleTests.ConfigTest testTapBindingParseError]' started.
Test Case '-[AppBundleTests.ConfigTest testTapBindingParseError]' passed (0.000 seconds).
Test Case '-[AppBundleTests.ConfigTest testTapModifierKeyUsesSideSpecificModifierFlags]' started.
Test Case '-[AppBundleTests.ConfigTest testTapModifierKeyUsesSideSpecificModifierFlags]' passed (0.000 seconds).
Test Case '-[AppBundleTests.ConfigTest testTapModifierStateClearsAfterMissedRelease]' started.
Test Case '-[AppBundleTests.ConfigTest testTapModifierStateClearsAfterMissedRelease]' passed (0.001 seconds).
Test Case '-[AppBundleTests.ConfigTest testTomlParseError]' started.
Test Case '-[AppBundleTests.ConfigTest testTomlParseError]' passed (0.002 seconds).
Test Case '-[AppBundleTests.ConfigTest testTypeMismatch]' started.
Test Case '-[AppBundleTests.ConfigTest testTypeMismatch]' passed (0.000 seconds).
Test Case '-[AppBundleTests.ConfigTest testUnknownKeyParseError]' started.
Test Case '-[AppBundleTests.ConfigTest testUnknownKeyParseError]' passed (0.000 seconds).
Test Case '-[AppBundleTests.ConfigTest testUnknownTopLevelKeyParseError]' started.
Test Case '-[AppBundleTests.ConfigTest testUnknownTopLevelKeyParseError]' passed (0.000 seconds).
Test Case '-[AppBundleTests.ConfigTest testUpdateWorkspaceSidebarLabelConfigAddsNewLabelWithoutExtraBlankLine]' started.
Test Case '-[AppBundleTests.ConfigTest testUpdateWorkspaceSidebarLabelConfigAddsNewLabelWithoutExtraBlankLine]' passed (0.000 seconds).
Test Case '-[AppBundleTests.ConfigTest testUpdateWorkspaceSidebarLabelConfigAddsSectionWhenMissing]' started.
Test Case '-[AppBundleTests.ConfigTest testUpdateWorkspaceSidebarLabelConfigAddsSectionWhenMissing]' passed (0.000 seconds).
Test Case '-[AppBundleTests.ConfigTest testUpdateWorkspaceSidebarLabelConfigRemovesLastLabelSection]' started.
Test Case '-[AppBundleTests.ConfigTest testUpdateWorkspaceSidebarLabelConfigRemovesLastLabelSection]' passed (0.000 seconds).
Test Case '-[AppBundleTests.ConfigTest testUpdateWorkspaceSidebarLabelConfigReplacesExistingLabel]' started.
Test Case '-[AppBundleTests.ConfigTest testUpdateWorkspaceSidebarLabelConfigReplacesExistingLabel]' passed (0.000 seconds).
Test Case '-[AppBundleTests.ConfigTest testUpdateWorkspaceSidebarMenuBarReserveConfigAddsValueToExistingSection]' started.
Test Case '-[AppBundleTests.ConfigTest testUpdateWorkspaceSidebarMenuBarReserveConfigAddsValueToExistingSection]' passed (0.000 seconds).
Test Case '-[AppBundleTests.ConfigTest testUpdateWorkspaceSidebarMenuBarReserveConfigReplacesValueAndPreservesComment]' started.
Test Case '-[AppBundleTests.ConfigTest testUpdateWorkspaceSidebarMenuBarReserveConfigReplacesValueAndPreservesComment]' passed (0.000 seconds).
Test Case '-[AppBundleTests.ConfigTest testUpdateWorkspaceSidebarProjectColorConfigAddsAndReplacesColor]' started.
Test Case '-[AppBundleTests.ConfigTest testUpdateWorkspaceSidebarProjectColorConfigAddsAndReplacesColor]' passed (0.000 seconds).
Test Case '-[AppBundleTests.ConfigTest testUpdateWorkspaceSidebarProjectColorConfigRemovesLastColorSection]' started.
Test Case '-[AppBundleTests.ConfigTest testUpdateWorkspaceSidebarProjectColorConfigRemovesLastColorSection]' passed (0.000 seconds).
Test Case '-[AppBundleTests.ConfigTest testUpdateWorkspaceSidebarProjectDeletionActionReplacesValueAndPreservesComment]' started.
Test Case '-[AppBundleTests.ConfigTest testUpdateWorkspaceSidebarProjectDeletionActionReplacesValueAndPreservesComment]' passed (0.000 seconds).
Test Case '-[AppBundleTests.ConfigTest testWindowDetectedCallbackEqualityChecksCommandCount]' started.
Test Case '-[AppBundleTests.ConfigTest testWindowDetectedCallbackEqualityChecksCommandCount]' passed (0.000 seconds).
Test Suite 'ConfigTest' passed at 2026-10-06 17:41:03.842.
	 Executed 51 tests, with 0 failures (0 unexpected) in 0.022 (0.025) seconds
Test Suite 'DisplayFrameMailboxTest' started at 2026-10-06 17:41:03.842.
Test Case '-[AppBundleTests.DisplayFrameMailboxTest testBurstQueuesOneDeliveryWithNewestTimestamp]' started.
Test Case '-[AppBundleTests.DisplayFrameMailboxTest testBurstQueuesOneDeliveryWithNewestTimestamp]' passed (0.000 seconds).
Test Case '-[AppBundleTests.DisplayFrameMailboxTest testConcurrentTicksStillQueueOnlyOneDelivery]' started.
Test Case '-[AppBundleTests.DisplayFrameMailboxTest testConcurrentTicksStillQueueOnlyOneDelivery]' passed (0.001 seconds).
Test Case '-[AppBundleTests.DisplayFrameMailboxTest testStoppedAndOldGenerationCallbacksCannotReachNewSession]' started.
Test Case '-[AppBundleTests.DisplayFrameMailboxTest testStoppedAndOldGenerationCallbacksCannotReachNewSession]' passed (0.000 seconds).
Test Suite 'DisplayFrameMailboxTest' passed at 2026-10-06 17:41:03.844.
	 Executed 3 tests, with 0 failures (0 unexpected) in 0.001 (0.002) seconds
Test Suite 'DoubleSidedWindowsTest' started at 2026-10-06 17:41:03.844.
Test Case '-[AppBundleTests.DoubleSidedWindowsTest testBodyClickTargetsPairButDoesNotPassThroughOtherWindows]' started.
Test Case '-[AppBundleTests.DoubleSidedWindowsTest testBodyClickTargetsPairButDoesNotPassThroughOtherWindows]' passed (0.012 seconds).
Test Case '-[AppBundleTests.DoubleSidedWindowsTest testClickTolerancePreservesDrags]' started.
Test Case '-[AppBundleTests.DoubleSidedWindowsTest testClickTolerancePreservesDrags]' passed (0.000 seconds).
Test Case '-[AppBundleTests.DoubleSidedWindowsTest testDefaultAndFullscreenKeepExistingBehavior]' started.
Test Case '-[AppBundleTests.DoubleSidedWindowsTest testDefaultAndFullscreenKeepExistingBehavior]' passed (0.006 seconds).
Test Case '-[AppBundleTests.DoubleSidedWindowsTest testOptionTabShortcutDoesNotClaimOtherTabCombinations]' started.
Test Case '-[AppBundleTests.DoubleSidedWindowsTest testOptionTabShortcutDoesNotClaimOtherTabCombinations]' passed (0.000 seconds).
Test Case '-[AppBundleTests.DoubleSidedWindowsTest testPairReturnsToTabsWhenThirdWindowJoins]' started.
Test Case '-[AppBundleTests.DoubleSidedWindowsTest testPairReturnsToTabsWhenThirdWindowJoins]' passed (0.008 seconds).
Test Suite 'DoubleSidedWindowsTest' passed at 2026-10-06 17:41:03.870.
	 Executed 5 tests, with 0 failures (0 unexpected) in 0.026 (0.026) seconds
Test Suite 'EventSubscriptionTest' started at 2026-10-06 17:41:03.870.
Test Case '-[AppBundleTests.EventSubscriptionTest testDisconnectReleasesBlockedWriterAndRegistration]' started.
Test Case '-[AppBundleTests.EventSubscriptionTest testDisconnectReleasesBlockedWriterAndRegistration]' passed (0.001 seconds).
Test Case '-[AppBundleTests.EventSubscriptionTest testSlowReaderDoesNotBlockHealthyClient]' started.
Test Case '-[AppBundleTests.EventSubscriptionTest testSlowReaderDoesNotBlockHealthyClient]' passed (0.000 seconds).
Test Case '-[AppBundleTests.EventSubscriptionTest testSlowReaderHasBoundedQueueAndCancelsTransportOnOverflow]' started.
Test Case '-[AppBundleTests.EventSubscriptionTest testSlowReaderHasBoundedQueueAndCancelsTransportOnOverflow]' passed (0.000 seconds).
Test Case '-[AppBundleTests.EventSubscriptionTest testSuspendedWriterPreservesOrderWithoutConcurrentSends]' started.
Test Case '-[AppBundleTests.EventSubscriptionTest testSuspendedWriterPreservesOrderWithoutConcurrentSends]' passed (0.001 seconds).
Test Case '-[AppBundleTests.EventSubscriptionTest testWriteFailureDropsQueuedEventsAndUnsubscribesOnce]' started.
Test Case '-[AppBundleTests.EventSubscriptionTest testWriteFailureDropsQueuedEventsAndUnsubscribesOnce]' passed (0.000 seconds).
Test Suite 'EventSubscriptionTest' passed at 2026-10-06 17:41:03.874.
	 Executed 5 tests, with 0 failures (0 unexpected) in 0.003 (0.003) seconds
Test Suite 'ExecCommandTest' started at 2026-10-06 17:41:03.874.
Test Case '-[AppBundleTests.ExecCommandTest testParseExecCommand]' started.
Test Case '-[AppBundleTests.ExecCommandTest testParseExecCommand]' passed (0.005 seconds).
Test Suite 'ExecCommandTest' passed at 2026-10-06 17:41:03.879.
	 Executed 1 test, with 0 failures (0 unexpected) in 0.005 (0.005) seconds
Test Suite 'FlattenWorkspaceTreeCommandTest' started at 2026-10-06 17:41:03.879.
Test Case '-[AppBundleTests.FlattenWorkspaceTreeCommandTest testSimple]' started.
Test Case '-[AppBundleTests.FlattenWorkspaceTreeCommandTest testSimple]' passed (0.031 seconds).
Test Suite 'FlattenWorkspaceTreeCommandTest' passed at 2026-10-06 17:41:03.910.
	 Executed 1 test, with 0 failures (0 unexpected) in 0.031 (0.031) seconds
Test Suite 'FocusCommandTest' started at 2026-10-06 17:41:03.910.
Test Case '-[AppBundleTests.FocusCommandTest testFocus]' started.
Test Case '-[AppBundleTests.FocusCommandTest testFocus]' passed (0.017 seconds).
Test Case '-[AppBundleTests.FocusCommandTest testFocusAcrossTheContainerOrientation]' started.
Test Case '-[AppBundleTests.FocusCommandTest testFocusAcrossTheContainerOrientation]' passed (0.007 seconds).
Test Case '-[AppBundleTests.FocusCommandTest testFocusAlongTheContainerOrientation]' started.
Test Case '-[AppBundleTests.FocusCommandTest testFocusAlongTheContainerOrientation]' passed (0.005 seconds).
Test Case '-[AppBundleTests.FocusCommandTest testFocusDfsRelative]' started.
Test Case '-[AppBundleTests.FocusCommandTest testFocusDfsRelative]' passed (0.006 seconds).
Test Case '-[AppBundleTests.FocusCommandTest testFocusDfsRelativeWrapping]' started.
Test Case '-[AppBundleTests.FocusCommandTest testFocusDfsRelativeWrapping]' passed (0.005 seconds).
Test Case '-[AppBundleTests.FocusCommandTest testFocusFindMruLeaf]' started.
Test Case '-[AppBundleTests.FocusCommandTest testFocusFindMruLeaf]' passed (0.006 seconds).
Test Case '-[AppBundleTests.FocusCommandTest testFocusNoWrapping]' started.
Test Case '-[AppBundleTests.FocusCommandTest testFocusNoWrapping]' passed (0.005 seconds).
Test Case '-[AppBundleTests.FocusCommandTest testFocusOutsideOfTheContainer2]' started.
Test Case '-[AppBundleTests.FocusCommandTest testFocusOutsideOfTheContainer2]' passed (0.006 seconds).
Test Case '-[AppBundleTests.FocusCommandTest testFocusOutsideOfTheContainer]' started.
Test Case '-[AppBundleTests.FocusCommandTest testFocusOutsideOfTheContainer]' passed (0.005 seconds).
Test Case '-[AppBundleTests.FocusCommandTest testFocusOverFloatingWindows]' started.
Test Case '-[AppBundleTests.FocusCommandTest testFocusOverFloatingWindows]' passed (0.041 seconds).
Test Case '-[AppBundleTests.FocusCommandTest testFocusTabIndexTargetsSpecificTabInsideCurrentGroup]' started.
Test Case '-[AppBundleTests.FocusCommandTest testFocusTabIndexTargetsSpecificTabInsideCurrentGroup]' passed (0.020 seconds).
Test Case '-[AppBundleTests.FocusCommandTest testFocusTabRelativeFailsOutsideTabGroupWhenRequested]' started.
Test Case '-[AppBundleTests.FocusCommandTest testFocusTabRelativeFailsOutsideTabGroupWhenRequested]' passed (0.006 seconds).
Test Case '-[AppBundleTests.FocusCommandTest testFocusTabRelativeStaysInsideCurrentTabGroup]' started.
Test Case '-[AppBundleTests.FocusCommandTest testFocusTabRelativeStaysInsideCurrentTabGroup]' passed (0.005 seconds).
Test Case '-[AppBundleTests.FocusCommandTest testFocusTabRelativeWrapsInsideCurrentTabGroup]' started.
Test Case '-[AppBundleTests.FocusCommandTest testFocusTabRelativeWrapsInsideCurrentTabGroup]' passed (0.005 seconds).
Test Case '-[AppBundleTests.FocusCommandTest testFocusWrapping]' started.
Test Case '-[AppBundleTests.FocusCommandTest testFocusWrapping]' passed (0.005 seconds).
Test Case '-[AppBundleTests.FocusCommandTest testParse]' started.
Test Case '-[AppBundleTests.FocusCommandTest testParse]' passed (0.005 seconds).
Test Suite 'FocusCommandTest' passed at 2026-10-06 17:41:04.062.
	 Executed 16 tests, with 0 failures (0 unexpected) in 0.150 (0.152) seconds
Test Suite 'FocusLatencyTest' started at 2026-10-06 17:41:04.062.
Test Case '-[AppBundleTests.FocusLatencyTest testBrowserSelectionKeepsLightSessionFromRefocusingNativeWorkspaceMRU]' started.
Test Case '-[AppBundleTests.FocusLatencyTest testBrowserSelectionKeepsLightSessionFromRefocusingNativeWorkspaceMRU]' passed (0.012 seconds).
Test Case '-[AppBundleTests.FocusLatencyTest testExplicitFloatingTargetKeepsItsParentAndAvoidsGeometryReads]' started.
Test Case '-[AppBundleTests.FocusLatencyTest testExplicitFloatingTargetKeepsItsParentAndAvoidsGeometryReads]' passed (0.010 seconds).
Test Case '-[AppBundleTests.FocusLatencyTest testExplicitFocusGeometryBenchmark]' started.
Test Case '-[AppBundleTests.FocusLatencyTest testExplicitFocusGeometryBenchmark]' passed (0.017 seconds).
Test Case '-[AppBundleTests.FocusLatencyTest testFailedFullscreenReadRemainsRetryable]' started.
Test Case '-[AppBundleTests.FocusLatencyTest testFailedFullscreenReadRemainsRetryable]' passed (0.024 seconds).
Test Case '-[AppBundleTests.FocusLatencyTest testFullscreenCacheInvalidatesAndDoesNotInventMinimizedState]' started.
Test Case '-[AppBundleTests.FocusLatencyTest testFullscreenCacheInvalidatesAndDoesNotInventMinimizedState]' passed (0.006 seconds).
Test Case '-[AppBundleTests.FocusLatencyTest testFullscreenCacheReusesNormalizationAndNilFocusClearsChrome]' started.
Test Case '-[AppBundleTests.FocusLatencyTest testFullscreenCacheReusesNormalizationAndNilFocusClearsChrome]' passed (0.007 seconds).
Test Case '-[AppBundleTests.FocusLatencyTest testFullscreenChromeReadBenchmark]' started.
Test Case '-[AppBundleTests.FocusLatencyTest testFullscreenChromeReadBenchmark]' passed (0.008 seconds).
Test Case '-[AppBundleTests.FocusLatencyTest testInvalidatedFullscreenObservationDoesNotOverwriteCurrentChrome]' started.
Test Case '-[AppBundleTests.FocusLatencyTest testInvalidatedFullscreenObservationDoesNotOverwriteCurrentChrome]' passed (0.007 seconds).
Test Case '-[AppBundleTests.FocusLatencyTest testNativeFocusIsRequestedAfterLayoutBeforeSidebarPublication]' started.
Test Case '-[AppBundleTests.FocusLatencyTest testNativeFocusIsRequestedAfterLayoutBeforeSidebarPublication]' passed (0.010 seconds).
Test Case '-[AppBundleTests.FocusLatencyTest testNewerFocusWinsOverSuspendedFullscreenLookup]' started.
Test Case '-[AppBundleTests.FocusLatencyTest testNewerFocusWinsOverSuspendedFullscreenLookup]' passed (0.006 seconds).
Test Case '-[AppBundleTests.FocusLatencyTest testUnchangedOrCancelledFocusDoesNotRequestNativeFocus]' started.
Test Case '-[AppBundleTests.FocusLatencyTest testUnchangedOrCancelledFocusDoesNotRequestNativeFocus]' passed (0.010 seconds).
Test Suite 'FocusLatencyTest' passed at 2026-10-06 17:41:04.180.
	 Executed 11 tests, with 0 failures (0 unexpected) in 0.117 (0.118) seconds
Test Suite 'GeometryRefreshTest' started at 2026-10-06 17:41:04.180.
Test Case '-[AppBundleTests.GeometryRefreshTest testGeometryBurstKeepsEveryWindowAndTrailingEvent]' started.
Test Case '-[AppBundleTests.GeometryRefreshTest testGeometryBurstKeepsEveryWindowAndTrailingEvent]' passed (0.008 seconds).
Test Case '-[AppBundleTests.GeometryRefreshTest testGeometrySkipsDiscoveryAndPreservesUnrelatedFramesAndNativeState]' started.
Test Case '-[AppBundleTests.GeometryRefreshTest testGeometrySkipsDiscoveryAndPreservesUnrelatedFramesAndNativeState]' passed (0.021 seconds).
Test Case '-[AppBundleTests.GeometryRefreshTest testLifecycleAndGlobalRequestsBroadenGeometryWork]' started.
Test Case '-[AppBundleTests.GeometryRefreshTest testLifecycleAndGlobalRequestsBroadenGeometryWork]' passed (0.006 seconds).
Test Case '-[AppBundleTests.GeometryRefreshTest testNativeFullscreenTransitionStillNormalizesAffectedWindow]' started.
Test Case '-[AppBundleTests.GeometryRefreshTest testNativeFullscreenTransitionStillNormalizesAffectedWindow]' passed (0.042 seconds).
Test Case '-[AppBundleTests.GeometryRefreshTest testUnidentifiedGeometryKeepsRecoveryBarrier]' started.
Test Case '-[AppBundleTests.GeometryRefreshTest testUnidentifiedGeometryKeepsRecoveryBarrier]' passed (0.016 seconds).
Test Suite 'GeometryRefreshTest' passed at 2026-10-06 17:41:04.272.
	 Executed 5 tests, with 0 failures (0 unexpected) in 0.091 (0.092) seconds
Test Suite 'HostedShortcutSettingsWindowTest' started at 2026-10-06 17:41:04.272.
Test Case '-[AppBundleTests.HostedShortcutSettingsWindowTest testHelperAndOriginalSettingsRequestsUseTheSameRequestModel]' started.
Test Case '-[AppBundleTests.HostedShortcutSettingsWindowTest testHelperAndOriginalSettingsRequestsUseTheSameRequestModel]' passed (0.006 seconds).
Test Case '-[AppBundleTests.HostedShortcutSettingsWindowTest testHostedSettingsReusesTheOriginalSettingsWindowAfterClose]' started.
Test Case '-[AppBundleTests.HostedShortcutSettingsWindowTest testHostedSettingsReusesTheOriginalSettingsWindowAfterClose]' passed (0.039 seconds).
Test Suite 'HostedShortcutSettingsWindowTest' passed at 2026-10-06 17:41:04.317.
	 Executed 2 tests, with 0 failures (0 unexpected) in 0.045 (0.045) seconds
Test Suite 'IncognitoSpacesTest' started at 2026-10-06 17:41:04.317.
Test Case '-[AppBundleTests.IncognitoSpacesTest testNativeDragAndDirectBindingCannotEnterPrivateSpace]' started.
Test Case '-[AppBundleTests.IncognitoSpacesTest testNativeDragAndDirectBindingCannotEnterPrivateSpace]' passed (0.003 seconds).
Test Case '-[AppBundleTests.IncognitoSpacesTest testNewTabInsidePrivateSpaceUsesExactPrivateOwner]' started.
2026-10-06 17:41:04.327 xctest[75365:6495484] WinMux new tab: dispatch
2026-10-06 17:41:04.327 xctest[75365:6495484] WinMux new tab: unavailable
Test Case '-[AppBundleTests.IncognitoSpacesTest testNewTabInsidePrivateSpaceUsesExactPrivateOwner]' passed (0.009 seconds).
Test Case '-[AppBundleTests.IncognitoSpacesTest testPrivateStateNeverEntersRestartSnapshotIncludingMonitorMemory]' started.
Test Case '-[AppBundleTests.IncognitoSpacesTest testPrivateStateNeverEntersRestartSnapshotIncludingMonitorMemory]' passed (0.002 seconds).
Test Case '-[AppBundleTests.IncognitoSpacesTest testReconnectRecreatesPrivateSpaceWithoutRecoveryOrPersistence]' started.
Test Case '-[AppBundleTests.IncognitoSpacesTest testReconnectRecreatesPrivateSpaceWithoutRecoveryOrPersistence]' passed (0.006 seconds).
Test Case '-[AppBundleTests.IncognitoSpacesTest testSeparatePrivateProfilesCannotMixAndRegularTabsStayOutside]' started.
Test Case '-[AppBundleTests.IncognitoSpacesTest testSeparatePrivateProfilesCannotMixAndRegularTabsStayOutside]' passed (0.002 seconds).
Test Case '-[AppBundleTests.IncognitoSpacesTest testTemporarySpaceContainsOnlyPrivateTabsAndDisappearsAfterLastClose]' started.
Test Case '-[AppBundleTests.IncognitoSpacesTest testTemporarySpaceContainsOnlyPrivateTabsAndDisappearsAfterLastClose]' passed (0.009 seconds).
Test Suite 'IncognitoSpacesTest' passed at 2026-10-06 17:41:04.349.
	 Executed 6 tests, with 0 failures (0 unexpected) in 0.031 (0.032) seconds
Test Suite 'JoinWithCommandTest' started at 2026-10-06 17:41:04.349.
Test Case '-[AppBundleTests.JoinWithCommandTest testMoveIn]' started.
Test Case '-[AppBundleTests.JoinWithCommandTest testMoveIn]' passed (0.018 seconds).
Test Suite 'JoinWithCommandTest' passed at 2026-10-06 17:41:04.367.
	 Executed 1 test, with 0 failures (0 unexpected) in 0.018 (0.018) seconds
Test Suite 'LayoutFrameWriteBenchmarkTest' started at 2026-10-06 17:41:04.367.
Test Case '-[AppBundleTests.LayoutFrameWriteBenchmarkTest testGeometryRefreshBenchmark]' started.
Test Case '-[AppBundleTests.LayoutFrameWriteBenchmarkTest testGeometryRefreshBenchmark]' passed (0.255 seconds).
Test Case '-[AppBundleTests.LayoutFrameWriteBenchmarkTest testRepeatedLayoutBenchmark]' started.
Test Case '-[AppBundleTests.LayoutFrameWriteBenchmarkTest testRepeatedLayoutBenchmark]' passed (0.167 seconds).
Test Suite 'LayoutFrameWriteBenchmarkTest' passed at 2026-10-06 17:41:04.789.
	 Executed 2 tests, with 0 failures (0 unexpected) in 0.422 (0.422) seconds
Test Suite 'ListAppsTest' started at 2026-10-06 17:41:04.789.
Test Case '-[AppBundleTests.ListAppsTest testParse]' started.
Test Case '-[AppBundleTests.ListAppsTest testParse]' passed (0.000 seconds).
Test Suite 'ListAppsTest' passed at 2026-10-06 17:41:04.789.
	 Executed 1 test, with 0 failures (0 unexpected) in 0.000 (0.000) seconds
Test Suite 'ListModesTest' started at 2026-10-06 17:41:04.789.
Test Case '-[AppBundleTests.ListModesTest testListModesOutput]' started.
Test Case '-[AppBundleTests.ListModesTest testListModesOutput]' passed (0.001 seconds).
Test Case '-[AppBundleTests.ListModesTest testParseListModesCommand]' started.
Test Case '-[AppBundleTests.ListModesTest testParseListModesCommand]' passed (0.000 seconds).
Test Case '-[AppBundleTests.ListModesTest testParseListModesCommandConflicts]' started.
Test Case '-[AppBundleTests.ListModesTest testParseListModesCommandConflicts]' passed (0.000 seconds).
Test Suite 'ListModesTest' passed at 2026-10-06 17:41:04.790.
	 Executed 3 tests, with 0 failures (0 unexpected) in 0.001 (0.001) seconds
Test Suite 'ListMonitorsTest' started at 2026-10-06 17:41:04.790.
Test Case '-[AppBundleTests.ListMonitorsTest testParseListMonitorsCommand]' started.
Test Case '-[AppBundleTests.ListMonitorsTest testParseListMonitorsCommand]' passed (0.000 seconds).
Test Suite 'ListMonitorsTest' passed at 2026-10-06 17:41:04.791.
	 Executed 1 test, with 0 failures (0 unexpected) in 0.000 (0.000) seconds
Test Suite 'ListWindowsTest' started at 2026-10-06 17:41:04.791.
Test Case '-[AppBundleTests.ListWindowsTest testFormat]' started.
Test Case '-[AppBundleTests.ListWindowsTest testFormat]' passed (0.008 seconds).
Test Case '-[AppBundleTests.ListWindowsTest testInterpolationVariablesConsistency]' started.
Test Case '-[AppBundleTests.ListWindowsTest testInterpolationVariablesConsistency]' passed (0.005 seconds).
Test Case '-[AppBundleTests.ListWindowsTest testListWindowsAllIgnoresNonUserFacingWorkspace]' started.
Test Case '-[AppBundleTests.ListWindowsTest testListWindowsAllIgnoresNonUserFacingWorkspace]' passed (0.001 seconds).
Test Case '-[AppBundleTests.ListWindowsTest testParse]' started.
Test Case '-[AppBundleTests.ListWindowsTest testParse]' passed (0.013 seconds).
Test Suite 'ListWindowsTest' passed at 2026-10-06 17:41:04.818.
	 Executed 4 tests, with 0 failures (0 unexpected) in 0.027 (0.027) seconds
Test Suite 'ListWorkspacesTest' started at 2026-10-06 17:41:04.818.
Test Case '-[AppBundleTests.ListWorkspacesTest testListWorkspacesUsesProjectViewportOrderInsteadOfRawNameSort]' started.
Test Case '-[AppBundleTests.ListWorkspacesTest testListWorkspacesUsesProjectViewportOrderInsteadOfRawNameSort]' passed (0.001 seconds).
Test Case '-[AppBundleTests.ListWorkspacesTest testParse]' started.
Test Case '-[AppBundleTests.ListWorkspacesTest testParse]' passed (0.000 seconds).
Test Suite 'ListWorkspacesTest' passed at 2026-10-06 17:41:04.819.
	 Executed 2 tests, with 0 failures (0 unexpected) in 0.001 (0.001) seconds
Test Suite 'ModelRefreshBenchmarkTest' started at 2026-10-06 17:41:04.819.
Test Case '-[AppBundleTests.ModelRefreshBenchmarkTest testFrozenSnapshotAndClosedCacheBenchmark]' started.
Test Case '-[AppBundleTests.ModelRefreshBenchmarkTest testFrozenSnapshotAndClosedCacheBenchmark]' passed (0.017 seconds).
Test Case '-[AppBundleTests.ModelRefreshBenchmarkTest testSessionContentComparisonBenchmark]' started.
Test Case '-[AppBundleTests.ModelRefreshBenchmarkTest testSessionContentComparisonBenchmark]' passed (0.058 seconds).
Test Case '-[AppBundleTests.ModelRefreshBenchmarkTest testSidebarSnapshotBenchmark]' started.
Test Case '-[AppBundleTests.ModelRefreshBenchmarkTest testSidebarSnapshotBenchmark]' passed (0.285 seconds).
Test Case '-[AppBundleTests.ModelRefreshBenchmarkTest testTabSnapshotBenchmark]' started.
Test Case '-[AppBundleTests.ModelRefreshBenchmarkTest testTabSnapshotBenchmark]' passed (0.213 seconds).
Test Suite 'ModelRefreshBenchmarkTest' passed at 2026-10-06 17:41:05.392.
	 Executed 4 tests, with 0 failures (0 unexpected) in 0.572 (0.573) seconds
Test Suite 'ModelSnapshotRegressionTest' started at 2026-10-06 17:41:05.392.
Test Case '-[AppBundleTests.ModelSnapshotRegressionTest testBulkDisplayNamesMatchIndividualNamesThroughProjectAndLifecycleChanges]' started.
Test Case '-[AppBundleTests.ModelSnapshotRegressionTest testBulkDisplayNamesMatchIndividualNamesThroughProjectAndLifecycleChanges]' passed (0.011 seconds).
Test Case '-[AppBundleTests.ModelSnapshotRegressionTest testClosedCacheRetainsOriginalSnapshotUntilANewWindowAppears]' started.
Test Case '-[AppBundleTests.ModelSnapshotRegressionTest testClosedCacheRetainsOriginalSnapshotUntilANewWindowAppears]' passed (0.067 seconds).
Test Case '-[AppBundleTests.ModelSnapshotRegressionTest testFrozenRecentOrderFollowsFocusRemovalAndReinsertion]' started.
Test Case '-[AppBundleTests.ModelSnapshotRegressionTest testFrozenRecentOrderFollowsFocusRemovalAndReinsertion]' passed (0.007 seconds).
Test Case '-[AppBundleTests.ModelSnapshotRegressionTest testTabSnapshotKeepsOrderAndLoadsColdTitlesInBackground]' started.
Test Case '-[AppBundleTests.ModelSnapshotRegressionTest testTabSnapshotKeepsOrderAndLoadsColdTitlesInBackground]' passed (0.026 seconds).
Test Suite 'ModelSnapshotRegressionTest' passed at 2026-10-06 17:41:05.504.
	 Executed 4 tests, with 0 failures (0 unexpected) in 0.111 (0.112) seconds
Test Suite 'MonitorConfigurationObserverTest' started at 2026-10-06 17:41:05.504.
Test Case '-[AppBundleTests.MonitorConfigurationObserverTest testStartupMonitorPolicyDoesNotScheduleDuplicateDiscovery]' started.
Test Case '-[AppBundleTests.MonitorConfigurationObserverTest testStartupMonitorPolicyDoesNotScheduleDuplicateDiscovery]' passed (0.010 seconds).
Test Suite 'MonitorConfigurationObserverTest' passed at 2026-10-06 17:41:05.514.
	 Executed 1 test, with 0 failures (0 unexpected) in 0.010 (0.010) seconds
Test Suite 'MonitorTopologyTest' started at 2026-10-06 17:41:05.514.
Test Case '-[AppBundleTests.MonitorTopologyTest testAlwaysExpandedWorkspaceSidebarReservesExpandedWidthWithGaps]' started.
Test Case '-[AppBundleTests.MonitorTopologyTest testAlwaysExpandedWorkspaceSidebarReservesExpandedWidthWithGaps]' passed (0.001 seconds).
Test Case '-[AppBundleTests.MonitorTopologyTest testAutoHiddenWorkspaceSidebarDoesNotReserveWindowLayoutSpace]' started.
Test Case '-[AppBundleTests.MonitorTopologyTest testAutoHiddenWorkspaceSidebarDoesNotReserveWindowLayoutSpace]' passed (0.005 seconds).
Test Case '-[AppBundleTests.MonitorTopologyTest testSortedMonitorsUseSpatialOrderEvenWhenMainDisplayIsOnTheRight]' started.
Test Case '-[AppBundleTests.MonitorTopologyTest testSortedMonitorsUseSpatialOrderEvenWhenMainDisplayIsOnTheRight]' passed (0.005 seconds).
Test Case '-[AppBundleTests.MonitorTopologyTest testWorkspaceSidebarExplicitSecondaryConfigOnlyInsetsSecondaryMonitor]' started.
Test Case '-[AppBundleTests.MonitorTopologyTest testWorkspaceSidebarExplicitSecondaryConfigOnlyInsetsSecondaryMonitor]' passed (0.000 seconds).
Test Case '-[AppBundleTests.MonitorTopologyTest testWorkspaceSidebarMainMonitorConfigCreatesPanelOnEveryMonitor]' started.
Test Case '-[AppBundleTests.MonitorTopologyTest testWorkspaceSidebarMainMonitorConfigCreatesPanelOnEveryMonitor]' passed (0.005 seconds).
Test Case '-[AppBundleTests.MonitorTopologyTest testWorkspaceSidebarMainMonitorConfigResolvesAllMonitors]' started.
Test Case '-[AppBundleTests.MonitorTopologyTest testWorkspaceSidebarMainMonitorConfigResolvesAllMonitors]' passed (0.005 seconds).
Test Suite 'MonitorTopologyTest' passed at 2026-10-06 17:41:05.535.
	 Executed 6 tests, with 0 failures (0 unexpected) in 0.020 (0.021) seconds
Test Suite 'MouseDragSubjectTest' started at 2026-10-06 17:41:05.535.
Test Case '-[AppBundleTests.MouseDragSubjectTest testMouseInteractionHiddenIdsStayHiddenUntilSessionRestore]' started.
Test Case '-[AppBundleTests.MouseDragSubjectTest testMouseInteractionHiddenIdsStayHiddenUntilSessionRestore]' passed (0.000 seconds).
Test Case '-[AppBundleTests.MouseDragSubjectTest testResizeGestureCalibrationCorrectsPendingCornerGuessFromObservedDelta]' started.
Test Case '-[AppBundleTests.MouseDragSubjectTest testResizeGestureCalibrationCorrectsPendingCornerGuessFromObservedDelta]' passed (0.000 seconds).
Test Case '-[AppBundleTests.MouseDragSubjectTest testResizeGestureCandidateEdgesStayTightToActualFrameEdges]' started.
Test Case '-[AppBundleTests.MouseDragSubjectTest testResizeGestureCandidateEdgesStayTightToActualFrameEdges]' passed (0.000 seconds).
Test Case '-[AppBundleTests.MouseDragSubjectTest testSameWorkspaceSurfaceIntentIsAlwaysAllowed]' started.
Test Case '-[AppBundleTests.MouseDragSubjectTest testSameWorkspaceSurfaceIntentIsAlwaysAllowed]' passed (0.000 seconds).
Test Case '-[AppBundleTests.MouseDragSubjectTest testShouldPromoteWindowDragToTabGroupDrag]' started.
Test Case '-[AppBundleTests.MouseDragSubjectTest testShouldPromoteWindowDragToTabGroupDrag]' passed (0.000 seconds).
Test Case '-[AppBundleTests.MouseDragSubjectTest testWindowDragFrameGateCoalescesFastSamples]' started.
Test Case '-[AppBundleTests.MouseDragSubjectTest testWindowDragFrameGateCoalescesFastSamples]' passed (0.000 seconds).
Test Case '-[AppBundleTests.MouseDragSubjectTest testWindowDragFrameGateForceProcessesSample]' started.
Test Case '-[AppBundleTests.MouseDragSubjectTest testWindowDragFrameGateForceProcessesSample]' passed (0.000 seconds).
Test Case '-[AppBundleTests.MouseDragSubjectTest testWindowDragFrameGateTracksVelocityAndSettledState]' started.
Test Case '-[AppBundleTests.MouseDragSubjectTest testWindowDragFrameGateTracksVelocityAndSettledState]' passed (0.000 seconds).
Test Suite 'MouseDragSubjectTest' passed at 2026-10-06 17:41:05.537.
	 Executed 8 tests, with 0 failures (0 unexpected) in 0.001 (0.002) seconds
Test Suite 'MoveCommandTest' started at 2026-10-06 17:41:05.537.
Test Case '-[AppBundleTests.MoveCommandTest testCreateImplicitContainer]' started.
Test Case '-[AppBundleTests.MoveCommandTest testCreateImplicitContainer]' passed (0.014 seconds).
Test Case '-[AppBundleTests.MoveCommandTest testFail]' started.
Test Case '-[AppBundleTests.MoveCommandTest testFail]' passed (0.005 seconds).
Test Case '-[AppBundleTests.MoveCommandTest testMove_mru]' started.
Test Case '-[AppBundleTests.MoveCommandTest testMove_mru]' passed (0.011 seconds).
Test Case '-[AppBundleTests.MoveCommandTest testMove_swapWindows]' started.
Test Case '-[AppBundleTests.MoveCommandTest testMove_swapWindows]' passed (0.011 seconds).
Test Case '-[AppBundleTests.MoveCommandTest testMove_swapWithTabGroupTreatsTabGroupAsSingleNode]' started.
Test Case '-[AppBundleTests.MoveCommandTest testMove_swapWithTabGroupTreatsTabGroupAsSingleNode]' passed (0.012 seconds).
Test Case '-[AppBundleTests.MoveCommandTest testMoveIn_newWeight]' started.
Test Case '-[AppBundleTests.MoveCommandTest testMoveIn_newWeight]' passed (0.014 seconds).
Test Case '-[AppBundleTests.MoveCommandTest testMoveInto_findTopMostContainerWithRightOrientation]' started.
Test Case '-[AppBundleTests.MoveCommandTest testMoveInto_findTopMostContainerWithRightOrientation]' passed (0.011 seconds).
Test Case '-[AppBundleTests.MoveCommandTest testMoveOut_tabGroupTreatsTabGroupAsSingleNode]' started.
Test Case '-[AppBundleTests.MoveCommandTest testMoveOut_tabGroupTreatsTabGroupAsSingleNode]' passed (0.005 seconds).
Test Case '-[AppBundleTests.MoveCommandTest testMoveOut]' started.
Test Case '-[AppBundleTests.MoveCommandTest testMoveOut]' passed (0.011 seconds).
Test Case '-[AppBundleTests.MoveCommandTest testMoveOutWithNormalization_left]' started.
Test Case '-[AppBundleTests.MoveCommandTest testMoveOutWithNormalization_left]' passed (0.029 seconds).
Test Case '-[AppBundleTests.MoveCommandTest testMoveOutWithNormalization_right]' started.
Test Case '-[AppBundleTests.MoveCommandTest testMoveOutWithNormalization_right]' passed (0.032 seconds).
Test Case '-[AppBundleTests.MoveCommandTest testStop_onInnerNode]' started.
Test Case '-[AppBundleTests.MoveCommandTest testStop_onInnerNode]' passed (0.012 seconds).
Test Case '-[AppBundleTests.MoveCommandTest testStop_onRootNode_whenNoBoundary]' started.
Test Case '-[AppBundleTests.MoveCommandTest testStop_onRootNode_whenNoBoundary]' passed (0.011 seconds).
Test Case '-[AppBundleTests.MoveCommandTest testStop_onRootNode_withOppositeOrientation]' started.
Test Case '-[AppBundleTests.MoveCommandTest testStop_onRootNode_withOppositeOrientation]' passed (0.005 seconds).
Test Case '-[AppBundleTests.MoveCommandTest testStop_onRootNode]' started.
Test Case '-[AppBundleTests.MoveCommandTest testStop_onRootNode]' passed (0.005 seconds).
Test Case '-[AppBundleTests.MoveCommandTest testSwap_preserveWeight]' started.
Test Case '-[AppBundleTests.MoveCommandTest testSwap_preserveWeight]' passed (0.011 seconds).
Test Suite 'MoveCommandTest' passed at 2026-10-06 17:41:05.736.
	 Executed 16 tests, with 0 failures (0 unexpected) in 0.197 (0.199) seconds
Test Suite 'MoveNodeToMonitorCommandTest' started at 2026-10-06 17:41:05.736.
Test Case '-[AppBundleTests.MoveNodeToMonitorCommandTest testParse]' started.
Test Case '-[AppBundleTests.MoveNodeToMonitorCommandTest testParse]' passed (0.005 seconds).
Test Suite 'MoveNodeToMonitorCommandTest' passed at 2026-10-06 17:41:05.741.
	 Executed 1 test, with 0 failures (0 unexpected) in 0.005 (0.005) seconds
Test Suite 'MoveNodeToWorkspaceCommandTest' started at 2026-10-06 17:41:05.741.
Test Case '-[AppBundleTests.MoveNodeToWorkspaceCommandTest testAnotherWindowSubject]' started.
Test Case '-[AppBundleTests.MoveNodeToWorkspaceCommandTest testAnotherWindowSubject]' passed (0.007 seconds).
Test Case '-[AppBundleTests.MoveNodeToWorkspaceCommandTest testDirectNumericMoveCreatesOnlyAdjacentWorkspace]' started.
Test Case '-[AppBundleTests.MoveNodeToWorkspaceCommandTest testDirectNumericMoveCreatesOnlyAdjacentWorkspace]' passed (0.015 seconds).
Test Case '-[AppBundleTests.MoveNodeToWorkspaceCommandTest testDirectNumericMoveDoesNotCreateMultipleHopsAfterBlankIsCollected]' started.
Test Case '-[AppBundleTests.MoveNodeToWorkspaceCommandTest testDirectNumericMoveDoesNotCreateMultipleHopsAfterBlankIsCollected]' passed (0.009 seconds).
Test Case '-[AppBundleTests.MoveNodeToWorkspaceCommandTest testDirectNumericMoveDoesNotCreateWorkspaceMultipleHopsAway]' started.
Test Case '-[AppBundleTests.MoveNodeToWorkspaceCommandTest testDirectNumericMoveDoesNotCreateWorkspaceMultipleHopsAway]' passed (0.005 seconds).
Test Case '-[AppBundleTests.MoveNodeToWorkspaceCommandTest testDirectNumericMoveFillsDisplayIndexGapBeforeAppending]' started.
Test Case '-[AppBundleTests.MoveNodeToWorkspaceCommandTest testDirectNumericMoveFillsDisplayIndexGapBeforeAppending]' passed (0.011 seconds).
Test Case '-[AppBundleTests.MoveNodeToWorkspaceCommandTest testMoveWindowToWorkspaceWrapsRootTabGroupInsteadOfTabbingIntoIt]' started.
Test Case '-[AppBundleTests.MoveNodeToWorkspaceCommandTest testMoveWindowToWorkspaceWrapsRootTabGroupInsteadOfTabbingIntoIt]' passed (0.023 seconds).
Test Case '-[AppBundleTests.MoveNodeToWorkspaceCommandTest testMovingLastWindowLeavesOneAdjacentEmptyWorkspace]' started.
Test Case '-[AppBundleTests.MoveNodeToWorkspaceCommandTest testMovingLastWindowLeavesOneAdjacentEmptyWorkspace]' passed (0.015 seconds).
Test Case '-[AppBundleTests.MoveNodeToWorkspaceCommandTest testNewForceAssignedWorkspaceUsesForcedMonitorViewport]' started.
Test Case '-[AppBundleTests.MoveNodeToWorkspaceCommandTest testNewForceAssignedWorkspaceUsesForcedMonitorViewport]' passed (0.015 seconds).
Test Case '-[AppBundleTests.MoveNodeToWorkspaceCommandTest testNewWorkspaceInheritsSourceProject]' started.
Test Case '-[AppBundleTests.MoveNodeToWorkspaceCommandTest testNewWorkspaceInheritsSourceProject]' passed (0.019 seconds).
Test Case '-[AppBundleTests.MoveNodeToWorkspaceCommandTest testNewWorkspaceKeepsSourceMonitorPreferenceBeforeItBecomesVisible]' started.
Test Case '-[AppBundleTests.MoveNodeToWorkspaceCommandTest testNewWorkspaceKeepsSourceMonitorPreferenceBeforeItBecomesVisible]' passed (0.019 seconds).
Test Case '-[AppBundleTests.MoveNodeToWorkspaceCommandTest testParse]' started.
Test Case '-[AppBundleTests.MoveNodeToWorkspaceCommandTest testParse]' passed (0.009 seconds).
Test Case '-[AppBundleTests.MoveNodeToWorkspaceCommandTest testPreserveFloatingLayout]' started.
Test Case '-[AppBundleTests.MoveNodeToWorkspaceCommandTest testPreserveFloatingLayout]' passed (0.008 seconds).
Test Case '-[AppBundleTests.MoveNodeToWorkspaceCommandTest testRelativeNextMoveCreatesAdjacentWorkspace]' started.
Test Case '-[AppBundleTests.MoveNodeToWorkspaceCommandTest testRelativeNextMoveCreatesAdjacentWorkspace]' passed (0.019 seconds).
Test Case '-[AppBundleTests.MoveNodeToWorkspaceCommandTest testSimple]' started.
Test Case '-[AppBundleTests.MoveNodeToWorkspaceCommandTest testSimple]' passed (0.015 seconds).
Test Case '-[AppBundleTests.MoveNodeToWorkspaceCommandTest testSummonWindow]' started.
Test Case '-[AppBundleTests.MoveNodeToWorkspaceCommandTest testSummonWindow]' passed (0.014 seconds).
Test Suite 'MoveNodeToWorkspaceCommandTest' passed at 2026-10-06 17:41:05.946.
	 Executed 15 tests, with 0 failures (0 unexpected) in 0.203 (0.205) seconds
Test Suite 'NativeGroupFocusOrderingTest' started at 2026-10-06 17:41:05.946.
Test Case '-[AppBundleTests.NativeGroupFocusOrderingTest testHiddenNativeRowAutomaticallyWaitsForPlacement]' started.
Test Case '-[AppBundleTests.NativeGroupFocusOrderingTest testHiddenNativeRowAutomaticallyWaitsForPlacement]' passed (0.010 seconds).
Test Case '-[AppBundleTests.NativeGroupFocusOrderingTest testImmediateBrowserFenceCannotRaiseDeferredNativeGroup]' started.
Test Case '-[AppBundleTests.NativeGroupFocusOrderingTest testImmediateBrowserFenceCannotRaiseDeferredNativeGroup]' passed (0.005 seconds).
Test Case '-[AppBundleTests.NativeGroupFocusOrderingTest testInterveningAppActivationRetiresDeferredTargetAndLateFence]' started.
Test Case '-[AppBundleTests.NativeGroupFocusOrderingTest testInterveningAppActivationRetiresDeferredTargetAndLateFence]' passed (0.005 seconds).
Test Case '-[AppBundleTests.NativeGroupFocusOrderingTest testRapidNativeBrowserNativeIntentOnlyRaisesLatestTarget]' started.
Test Case '-[AppBundleTests.NativeGroupFocusOrderingTest testRapidNativeBrowserNativeIntentOnlyRaisesLatestTarget]' passed (0.005 seconds).
Test Case '-[AppBundleTests.NativeGroupFocusOrderingTest testVisibleNativeRowRetainsImmediateFocus]' started.
Test Case '-[AppBundleTests.NativeGroupFocusOrderingTest testVisibleNativeRowRetainsImmediateFocus]' passed (0.005 seconds).
Test Suite 'NativeGroupFocusOrderingTest' passed at 2026-10-06 17:41:05.977.
	 Executed 5 tests, with 0 failures (0 unexpected) in 0.030 (0.031) seconds
Test Suite 'NativeSurfaceIntegrationTest' started at 2026-10-06 17:41:05.977.
Test Case '-[AppBundleTests.NativeSurfaceIntegrationTest testCloseRequestLeavesUnconfirmedWindowInModel]' started.
Test Case '-[AppBundleTests.NativeSurfaceIntegrationTest testCloseRequestLeavesUnconfirmedWindowInModel]' passed (0.005 seconds).
Test Case '-[AppBundleTests.NativeSurfaceIntegrationTest testSidebarIdentityAndAdapterFollowLiveWindow]' started.
Test Case '-[AppBundleTests.NativeSurfaceIntegrationTest testSidebarIdentityAndAdapterFollowLiveWindow]' passed (0.005 seconds).
Test Case '-[AppBundleTests.NativeSurfaceIntegrationTest testStaleSidebarItemCannotControlReusedNativeWindowID]' started.
Test Case '-[AppBundleTests.NativeSurfaceIntegrationTest testStaleSidebarItemCannotControlReusedNativeWindowID]' passed (0.007 seconds).
Test Case '-[AppBundleTests.NativeSurfaceIntegrationTest testSurfaceIdentitySurvivesRestartOnlyAfterNativeBindingMatches]' started.
Test Case '-[AppBundleTests.NativeSurfaceIntegrationTest testSurfaceIdentitySurvivesRestartOnlyAfterNativeBindingMatches]' passed (0.033 seconds).
Test Case '-[AppBundleTests.NativeSurfaceIntegrationTest testSurfaceRestorationRejectsBrowserAndDuplicateNativeIdentities]' started.
Test Case '-[AppBundleTests.NativeSurfaceIntegrationTest testSurfaceRestorationRejectsBrowserAndDuplicateNativeIdentities]' passed (0.005 seconds).
Test Case '-[AppBundleTests.NativeSurfaceIntegrationTest testVersionTwoImportsAndNextCaptureWritesTypedIdentities]' started.
Test Case '-[AppBundleTests.NativeSurfaceIntegrationTest testVersionTwoImportsAndNextCaptureWritesTypedIdentities]' passed (0.008 seconds).
Test Suite 'NativeSurfaceIntegrationTest' passed at 2026-10-06 17:41:06.041.
	 Executed 6 tests, with 0 failures (0 unexpected) in 0.063 (0.064) seconds
Test Suite 'NewFloatingWindowFocusTest' started at 2026-10-06 17:41:06.041.
Test Case '-[AppBundleTests.NewFloatingWindowFocusTest testAlreadyNativeFocusedFloatingWindowStillGetsRaisedOnce]' started.
Test Case '-[AppBundleTests.NewFloatingWindowFocusTest testAlreadyNativeFocusedFloatingWindowStillGetsRaisedOnce]' passed (0.016 seconds).
Test Case '-[AppBundleTests.NewFloatingWindowFocusTest testFloatingFocusAlwaysUsesExplicitRaise]' started.
Test Case '-[AppBundleTests.NewFloatingWindowFocusTest testFloatingFocusAlwaysUsesExplicitRaise]' passed (0.009 seconds).
Test Case '-[AppBundleTests.NewFloatingWindowFocusTest testLatestOpeningWinsAndIsNotRaisedAgain]' started.
Test Case '-[AppBundleTests.NewFloatingWindowFocusTest testLatestOpeningWinsAndIsNotRaisedAgain]' passed (0.001 seconds).
Test Case '-[AppBundleTests.NewFloatingWindowFocusTest testMinimizedWindowIsNormalizedBeforeSelectingNewFloat]' started.
Test Case '-[AppBundleTests.NewFloatingWindowFocusTest testMinimizedWindowIsNormalizedBeforeSelectingNewFloat]' passed (0.021 seconds).
Test Case '-[AppBundleTests.NewFloatingWindowFocusTest testNewFloatingWindowIsFocusedAndRaisedAfterPlacement]' started.
Test Case '-[AppBundleTests.NewFloatingWindowFocusTest testNewFloatingWindowIsFocusedAndRaisedAfterPlacement]' passed (0.009 seconds).
Test Case '-[AppBundleTests.NewFloatingWindowFocusTest testRetiledOrClosedWindowDoesNotTakeFocus]' started.
Test Case '-[AppBundleTests.NewFloatingWindowFocusTest testRetiledOrClosedWindowDoesNotTakeFocus]' passed (0.013 seconds).
Test Case '-[AppBundleTests.NewFloatingWindowFocusTest testStartupWindowsDoNotTakeFocus]' started.
Test Case '-[AppBundleTests.NewFloatingWindowFocusTest testStartupWindowsDoNotTakeFocus]' passed (0.005 seconds).
Test Case '-[AppBundleTests.NewFloatingWindowFocusTest testWindowRoutedToHiddenWorkspaceDoesNotSwitchWorkspaces]' started.
Test Case '-[AppBundleTests.NewFloatingWindowFocusTest testWindowRoutedToHiddenWorkspaceDoesNotSwitchWorkspaces]' passed (0.007 seconds).
Test Suite 'NewFloatingWindowFocusTest' passed at 2026-10-06 17:41:06.123.
	 Executed 8 tests, with 0 failures (0 unexpected) in 0.081 (0.082) seconds
Test Suite 'NewItemOrderingTest' started at 2026-10-06 17:41:06.123.
Test Case '-[AppBundleTests.NewItemOrderingTest testArrivalFromPinInsertsBeforeExistingRegularViews]' started.
Test Case '-[AppBundleTests.NewItemOrderingTest testArrivalFromPinInsertsBeforeExistingRegularViews]' passed (0.005 seconds).
Test Case '-[AppBundleTests.NewItemOrderingTest testBrowserCreationInTilingModeInsertsAfterSourceBeforeLaterItems]' started.
2026-10-06 17:41:06.137 xctest[75365:6495484] WinMux new tab: dispatch
2026-10-06 17:41:06.137 xctest[75365:6495484] WinMux new tab: issued
Test Case '-[AppBundleTests.NewItemOrderingTest testBrowserCreationInTilingModeInsertsAfterSourceBeforeLaterItems]' passed (0.010 seconds).
Test Case '-[AppBundleTests.NewItemOrderingTest testBrowserReplyKeepsOriginalSourceAfterFocusChangesInEitherArrivalOrder]' started.
2026-10-06 17:41:06.139 xctest[75365:6495484] WinMux new tab: dispatch
2026-10-06 17:41:06.139 xctest[75365:6495484] WinMux new tab: issued
2026-10-06 17:41:06.145 xctest[75365:6495484] WinMux new tab: dispatch
2026-10-06 17:41:06.145 xctest[75365:6495484] WinMux new tab: issued
Test Case '-[AppBundleTests.NewItemOrderingTest testBrowserReplyKeepsOriginalSourceAfterFocusChangesInEitherArrivalOrder]' passed (0.008 seconds).
Test Case '-[AppBundleTests.NewItemOrderingTest testNativeArrivalInsertsAfterSourceWithLaterViews]' started.
Test Case '-[AppBundleTests.NewItemOrderingTest testNativeArrivalInsertsAfterSourceWithLaterViews]' passed (0.012 seconds).
Test Case '-[AppBundleTests.NewItemOrderingTest testNativeTabGroupArrivalInsertsAfterFocusedTab]' started.
Test Case '-[AppBundleTests.NewItemOrderingTest testNativeTabGroupArrivalInsertsAfterFocusedTab]' passed (0.015 seconds).
Test Case '-[AppBundleTests.NewItemOrderingTest testPrivateBrowserArrivalInsertsAfterItsSourceView]' started.
Test Case '-[AppBundleTests.NewItemOrderingTest testPrivateBrowserArrivalInsertsAfterItsSourceView]' passed (0.005 seconds).
Test Case '-[AppBundleTests.NewItemOrderingTest testReusedEmptyViewMovesFromBeforeSourceToImmediatelyAfterIt]' started.
Test Case '-[AppBundleTests.NewItemOrderingTest testReusedEmptyViewMovesFromBeforeSourceToImmediatelyAfterIt]' passed (0.001 seconds).
Test Case '-[AppBundleTests.NewItemOrderingTest testToolbarUsesItsOwnPageAndOwnerWhenAnotherPageIsFocused]' started.
2026-10-06 17:41:06.188 xctest[75365:6495484] WinMux new tab: dispatch
2026-10-06 17:41:06.188 xctest[75365:6495484] WinMux new tab: issued
Test Case '-[AppBundleTests.NewItemOrderingTest testToolbarUsesItsOwnPageAndOwnerWhenAnotherPageIsFocused]' passed (0.011 seconds).
Test Suite 'NewItemOrderingTest' passed at 2026-10-06 17:41:06.189.
	 Executed 8 tests, with 0 failures (0 unexpected) in 0.065 (0.066) seconds
Test Suite 'NormalizeLayoutReasonCacheTest' started at 2026-10-06 17:41:06.189.
Test Case '-[AppBundleTests.NormalizeLayoutReasonCacheTest testMinimizedTransitionIsObservedAfterInvalidation]' started.
Test Case '-[AppBundleTests.NormalizeLayoutReasonCacheTest testMinimizedTransitionIsObservedAfterInvalidation]' passed (0.012 seconds).
Test Case '-[AppBundleTests.NormalizeLayoutReasonCacheTest testNativeStateChangeIsObservedAfterInvalidation]' started.
Test Case '-[AppBundleTests.NormalizeLayoutReasonCacheTest testNativeStateChangeIsObservedAfterInvalidation]' passed (0.020 seconds).
Test Case '-[AppBundleTests.NormalizeLayoutReasonCacheTest testStaleObservationWriteBackIsDiscarded]' started.
Test Case '-[AppBundleTests.NormalizeLayoutReasonCacheTest testStaleObservationWriteBackIsDiscarded]' passed (0.006 seconds).
Test Case '-[AppBundleTests.NormalizeLayoutReasonCacheTest testSteadyStateBarrierDoesNotRefetchNativeState]' started.
Test Case '-[AppBundleTests.NormalizeLayoutReasonCacheTest testSteadyStateBarrierDoesNotRefetchNativeState]' passed (0.006 seconds).
Test Suite 'NormalizeLayoutReasonCacheTest' passed at 2026-10-06 17:41:06.235.
	 Executed 4 tests, with 0 failures (0 unexpected) in 0.045 (0.045) seconds
Test Suite 'ParseEnvVariablesTest' started at 2026-10-06 17:41:06.235.
Test Case '-[AppBundleTests.ParseEnvVariablesTest testAddVars]' started.
Test Case '-[AppBundleTests.ParseEnvVariablesTest testAddVars]' passed (0.000 seconds).
Test Case '-[AppBundleTests.ParseEnvVariablesTest testCyclicDep]' started.
Test Case '-[AppBundleTests.ParseEnvVariablesTest testCyclicDep]' passed (0.000 seconds).
Test Case '-[AppBundleTests.ParseEnvVariablesTest testForbidPwd]' started.
Test Case '-[AppBundleTests.ParseEnvVariablesTest testForbidPwd]' passed (0.000 seconds).
Test Case '-[AppBundleTests.ParseEnvVariablesTest testInherit]' started.
Test Case '-[AppBundleTests.ParseEnvVariablesTest testInherit]' passed (0.000 seconds).
Test Case '-[AppBundleTests.ParseEnvVariablesTest testInterpolation]' started.
Test Case '-[AppBundleTests.ParseEnvVariablesTest testInterpolation]' passed (0.000 seconds).
Test Suite 'ParseEnvVariablesTest' passed at 2026-10-06 17:41:06.236.
	 Executed 5 tests, with 0 failures (0 unexpected) in 0.001 (0.001) seconds
Test Suite 'PinnedViewGroupsTest' started at 2026-10-06 17:41:06.236.
Test Case '-[AppBundleTests.PinnedViewGroupsTest testClosedBrowserGroupRetainsTemplateAndRebindsNewIdentity]' started.
Test Case '-[AppBundleTests.PinnedViewGroupsTest testClosedBrowserGroupRetainsTemplateAndRebindsNewIdentity]' passed (0.006 seconds).
Test Case '-[AppBundleTests.PinnedViewGroupsTest testFailedGroupPinLeavesAllMembersUnchanged]' started.
Test Case '-[AppBundleTests.PinnedViewGroupsTest testFailedGroupPinLeavesAllMembersUnchanged]' passed (0.017 seconds).
Test Case '-[AppBundleTests.PinnedViewGroupsTest testPinWholeSplitKeepsNestedLayoutWeightsAndSingleDesktopSelection]' started.
Test Case '-[AppBundleTests.PinnedViewGroupsTest testPinWholeSplitKeepsNestedLayoutWeightsAndSingleDesktopSelection]' passed (0.051 seconds).
Test Case '-[AppBundleTests.PinnedViewGroupsTest testPinWholeViewAndSeparateMemberMakesIndependentPins]' started.
Test Case '-[AppBundleTests.PinnedViewGroupsTest testPinWholeViewAndSeparateMemberMakesIndependentPins]' passed (0.037 seconds).
Test Suite 'PinnedViewGroupsTest' passed at 2026-10-06 17:41:06.347.
	 Executed 4 tests, with 0 failures (0 unexpected) in 0.111 (0.111) seconds
Test Suite 'PostCommandRefreshBenchmarkTest' started at 2026-10-06 17:41:06.347.
Test Case '-[AppBundleTests.PostCommandRefreshBenchmarkTest testHotkeyBenchmark]' started.
Test Case '-[AppBundleTests.PostCommandRefreshBenchmarkTest testHotkeyBenchmark]' passed (1.056 seconds).
Test Suite 'PostCommandRefreshBenchmarkTest' passed at 2026-10-06 17:41:07.403.
	 Executed 1 test, with 0 failures (0 unexpected) in 1.056 (1.056) seconds
Test Suite 'RefreshFocusSyncTest' started at 2026-10-06 17:41:07.403.
Test Case '-[AppBundleTests.RefreshFocusSyncTest testBrowserForegroundDoesNotRefocusTheOldNativeLeaf]' started.
Test Case '-[AppBundleTests.RefreshFocusSyncTest testBrowserForegroundDoesNotRefocusTheOldNativeLeaf]' passed (0.000 seconds).
Test Case '-[AppBundleTests.RefreshFocusSyncTest testShouldNotSyncFocusBackToAccessoryAppWithoutFocusedWindow]' started.
Test Case '-[AppBundleTests.RefreshFocusSyncTest testShouldNotSyncFocusBackToAccessoryAppWithoutFocusedWindow]' passed (0.000 seconds).
Test Case '-[AppBundleTests.RefreshFocusSyncTest testShouldNotSyncFocusBackToPopupWindow]' started.
Test Case '-[AppBundleTests.RefreshFocusSyncTest testShouldNotSyncFocusBackToPopupWindow]' passed (0.003 seconds).
Test Case '-[AppBundleTests.RefreshFocusSyncTest testShouldSyncFocusBackToRegularWorkspaceWindow]' started.
Test Case '-[AppBundleTests.RefreshFocusSyncTest testShouldSyncFocusBackToRegularWorkspaceWindow]' passed (0.000 seconds).
Test Suite 'RefreshFocusSyncTest' passed at 2026-10-06 17:41:07.407.
	 Executed 4 tests, with 0 failures (0 unexpected) in 0.004 (0.004) seconds
Test Suite 'RefreshSessionEventReassertionTest' started at 2026-10-06 17:41:07.407.
Test Case '-[AppBundleTests.RefreshSessionEventReassertionTest testOnlyWakeAndStartupRequireHiddenWindowsReassertion]' started.
Test Case '-[AppBundleTests.RefreshSessionEventReassertionTest testOnlyWakeAndStartupRequireHiddenWindowsReassertion]' passed (0.000 seconds).
Test Suite 'RefreshSessionEventReassertionTest' passed at 2026-10-06 17:41:07.407.
	 Executed 1 test, with 0 failures (0 unexpected) in 0.000 (0.000) seconds
Test Suite 'ResizeCommandTest' started at 2026-10-06 17:41:07.407.
Test Case '-[AppBundleTests.ResizeCommandTest testParseCommand]' started.
Test Case '-[AppBundleTests.ResizeCommandTest testParseCommand]' passed (0.005 seconds).
Test Case '-[AppBundleTests.ResizeCommandTest testResizeFloatingWindowReturnsError]' started.
Test Case '-[AppBundleTests.ResizeCommandTest testResizeFloatingWindowReturnsError]' passed (0.001 seconds).
Test Case '-[AppBundleTests.ResizeCommandTest testResizeHeightUsesVerticalAncestorForFocusedWindow]' started.
Test Case '-[AppBundleTests.ResizeCommandTest testResizeHeightUsesVerticalAncestorForFocusedWindow]' passed (0.009 seconds).
Test Case '-[AppBundleTests.ResizeCommandTest testResizeStopsBeforeFocusedWindowWouldBecomeTooSmall]' started.
Test Case '-[AppBundleTests.ResizeCommandTest testResizeStopsBeforeFocusedWindowWouldBecomeTooSmall]' passed (0.005 seconds).
Test Case '-[AppBundleTests.ResizeCommandTest testResizeStopsBeforeSiblingWouldBecomeTooSmall]' started.
Test Case '-[AppBundleTests.ResizeCommandTest testResizeStopsBeforeSiblingWouldBecomeTooSmall]' passed (0.005 seconds).
Test Case '-[AppBundleTests.ResizeCommandTest testResizeWidthAddsWeightToFocusedWindowAndSubtractsFromSiblings]' started.
Test Case '-[AppBundleTests.ResizeCommandTest testResizeWidthAddsWeightToFocusedWindowAndSubtractsFromSiblings]' passed (0.005 seconds).
Test Suite 'ResizeCommandTest' passed at 2026-10-06 17:41:07.437.
	 Executed 6 tests, with 0 failures (0 unexpected) in 0.029 (0.029) seconds
Test Suite 'RestartSessionContentTest' started at 2026-10-06 17:41:07.437.
Test Case '-[AppBundleTests.RestartSessionContentTest testContentComparisonDetectsIdentityFrameFocusAndBootChanges]' started.
Test Case '-[AppBundleTests.RestartSessionContentTest testContentComparisonDetectsIdentityFrameFocusAndBootChanges]' passed (0.005 seconds).
Test Case '-[AppBundleTests.RestartSessionContentTest testContentComparisonIgnoresOnlyCaptureTime]' started.
Test Case '-[AppBundleTests.RestartSessionContentTest testContentComparisonIgnoresOnlyCaptureTime]' passed (0.009 seconds).
Test Suite 'RestartSessionContentTest' passed at 2026-10-06 17:41:07.451.
	 Executed 2 tests, with 0 failures (0 unexpected) in 0.014 (0.014) seconds
Test Suite 'RestartSessionTest' started at 2026-10-06 17:41:07.451.
Test Case '-[AppBundleTests.RestartSessionTest testBackupRecoversCorruptionWithoutOverwritingLastGoodBackup]' started.
Test Case '-[AppBundleTests.RestartSessionTest testBackupRecoversCorruptionWithoutOverwritingLastGoodBackup]' passed (0.008 seconds).
Test Case '-[AppBundleTests.RestartSessionTest testBuildsAndExplicitConfigsUseIndependentSessionFiles]' started.
Test Case '-[AppBundleTests.RestartSessionTest testBuildsAndExplicitConfigsUseIndependentSessionFiles]' passed (0.006 seconds).
Test Case '-[AppBundleTests.RestartSessionTest testDelayedDiscoveryRestoresLaterWindowsWithoutResettingFinishedWorkspaces]' started.
Test Case '-[AppBundleTests.RestartSessionTest testDelayedDiscoveryRestoresLaterWindowsWithoutResettingFinishedWorkspaces]' passed (0.033 seconds).
Test Case '-[AppBundleTests.RestartSessionTest testEmptySavedContainersDisappearAndNewWindowsRemain]' started.
Test Case '-[AppBundleTests.RestartSessionTest testEmptySavedContainersDisappearAndNewWindowsRemain]' passed (0.034 seconds).
Test Case '-[AppBundleTests.RestartSessionTest testFloatingFrameAdaptsToRemovedDisplayAndClampsOnscreen]' started.
Test Case '-[AppBundleTests.RestartSessionTest testFloatingFrameAdaptsToRemovedDisplayAndClampsOnscreen]' passed (0.005 seconds).
Test Case '-[AppBundleTests.RestartSessionTest testFloatingFrameRestoresAfterQuitCleanupMovedIt]' started.
Test Case '-[AppBundleTests.RestartSessionTest testFloatingFrameRestoresAfterQuitCleanupMovedIt]' passed (0.009 seconds).
Test Case '-[AppBundleTests.RestartSessionTest testFutureSessionVersionDoesNotFallBackOrGetReplaced]' started.
2026-10-06 17:41:07.558 xctest[75365:6495484] WinMux session: Session version 999 requires a newer WinMux build.
Test Case '-[AppBundleTests.RestartSessionTest testFutureSessionVersionDoesNotFallBackOrGetReplaced]' passed (0.012 seconds).
Test Case '-[AppBundleTests.RestartSessionTest testIdentityRejectsReusedWindowAndProcessIds]' started.
Test Case '-[AppBundleTests.RestartSessionTest testIdentityRejectsReusedWindowAndProcessIds]' passed (0.005 seconds).
Test Case '-[AppBundleTests.RestartSessionTest testLegacySnapshotLoadsOnlyFromThisBoot]' started.
Test Case '-[AppBundleTests.RestartSessionTest testLegacySnapshotLoadsOnlyFromThisBoot]' passed (0.008 seconds).
Test Case '-[AppBundleTests.RestartSessionTest testManualDragStopsPendingRestoreEvenBeforeItsTreeChanges]' started.
Test Case '-[AppBundleTests.RestartSessionTest testManualDragStopsPendingRestoreEvenBeforeItsTreeChanges]' passed (0.009 seconds).
Test Case '-[AppBundleTests.RestartSessionTest testProjectNamesAndWorkspaceOrderSurviveRoundTrip]' started.
Test Case '-[AppBundleTests.RestartSessionTest testProjectNamesAndWorkspaceOrderSurviveRoundTrip]' passed (0.017 seconds).
Test Case '-[AppBundleTests.RestartSessionTest testRemembersEachProjectsLastWorkspaceAcrossRestart]' started.
Test Case '-[AppBundleTests.RestartSessionTest testRemembersEachProjectsLastWorkspaceAcrossRestart]' passed (0.001 seconds).
Test Case '-[AppBundleTests.RestartSessionTest testRestoresNestedStacksOrderSelectionWeightsAndSkipsMissingLeaves]' started.
Test Case '-[AppBundleTests.RestartSessionTest testRestoresNestedStacksOrderSelectionWeightsAndSkipsMissingLeaves]' passed (0.047 seconds).
Test Case '-[AppBundleTests.RestartSessionTest testShutdownCompletesPromptlyAndBoundsUnresponsiveCleanup]' started.
Test Case '-[AppBundleTests.RestartSessionTest testShutdownCompletesPromptlyAndBoundsUnresponsiveCleanup]' passed (0.031 seconds).
Test Case '-[AppBundleTests.RestartSessionTest testUserEditsCancelOnlyTheirWorkspaceRestore]' started.
Test Case '-[AppBundleTests.RestartSessionTest testUserEditsCancelOnlyTheirWorkspaceRestore]' passed (0.023 seconds).
Test Suite 'RestartSessionTest' passed at 2026-10-06 17:41:07.701.
	 Executed 15 tests, with 0 failures (0 unexpected) in 0.248 (0.249) seconds
Test Suite 'RestartSessionWriterTest' started at 2026-10-06 17:41:07.701.
Test Case '-[AppBundleTests.RestartSessionWriterTest testDiskWriteDoesNotBlockMainActor]' started.
Test Case '-[AppBundleTests.RestartSessionWriterTest testDiskWriteDoesNotBlockMainActor]' passed (0.017 seconds).
Test Case '-[AppBundleTests.RestartSessionWriterTest testFailedWriteCanRetryAndEqualContentStillWritesToANewLocation]' started.
Test Case '-[AppBundleTests.RestartSessionWriterTest testFailedWriteCanRetryAndEqualContentStillWritesToANewLocation]' passed (0.008 seconds).
Test Case '-[AppBundleTests.RestartSessionWriterTest testNewerFinalSnapshotRejectsLateCheckpointAndPreservesBackup]' started.
Test Case '-[AppBundleTests.RestartSessionWriterTest testNewerFinalSnapshotRejectsLateCheckpointAndPreservesBackup]' passed (0.009 seconds).
Test Suite 'RestartSessionWriterTest' passed at 2026-10-06 17:41:07.735.
	 Executed 3 tests, with 0 failures (0 unexpected) in 0.034 (0.035) seconds
Test Suite 'SessionPerformanceTest' started at 2026-10-06 17:41:07.735.
Test Case '-[AppBundleTests.SessionPerformanceTest testConfigurationQueriesDoNotWaitForAXFocus]' started.
Test Case '-[AppBundleTests.SessionPerformanceTest testConfigurationQueriesDoNotWaitForAXFocus]' passed (0.005 seconds).
Test Case '-[AppBundleTests.SessionPerformanceTest testExplicitGroupSelectionDoesNotQueryOutgoingAppOrScheduleDiscovery]' started.
Test Case '-[AppBundleTests.SessionPerformanceTest testExplicitGroupSelectionDoesNotQueryOutgoingAppOrScheduleDiscovery]' passed (0.015 seconds).
Test Case '-[AppBundleTests.SessionPerformanceTest testOnlyQueryCommandsTakeReadOnlyPath]' started.
Test Case '-[AppBundleTests.SessionPerformanceTest testOnlyQueryCommandsTakeReadOnlyPath]' passed (0.009 seconds).
Test Case '-[AppBundleTests.SessionPerformanceTest testOrdinarySessionsStillReadActualNativeFocus]' started.
Test Case '-[AppBundleTests.SessionPerformanceTest testOrdinarySessionsStillReadActualNativeFocus]' passed (0.001 seconds).
Test Case '-[AppBundleTests.SessionPerformanceTest testPollingQueryKeepsNativeFocusAccurateWithoutPlacingWindows]' started.
Test Case '-[AppBundleTests.SessionPerformanceTest testPollingQueryKeepsNativeFocusAccurateWithoutPlacingWindows]' passed (0.005 seconds).
Test Case '-[AppBundleTests.SessionPerformanceTest testQueryDoesNotCancelPendingDiscovery]' started.
Test Case '-[AppBundleTests.SessionPerformanceTest testQueryDoesNotCancelPendingDiscovery]' passed (0.005 seconds).
Test Suite 'SessionPerformanceTest' passed at 2026-10-06 17:41:07.776.
	 Executed 6 tests, with 0 failures (0 unexpected) in 0.040 (0.040) seconds
Test Suite 'SessionWindowTitleTest' started at 2026-10-06 17:41:07.776.
Test Case '-[AppBundleTests.SessionWindowTitleTest testClosedWindowCannotPopulateReplacementTitleCache]' started.
Test Case '-[AppBundleTests.SessionWindowTitleTest testClosedWindowCannotPopulateReplacementTitleCache]' passed (0.005 seconds).
Test Case '-[AppBundleTests.SessionWindowTitleTest testFailedTitleLookupKeepsFallbackWithoutImmediateRetryLoop]' started.
Test Case '-[AppBundleTests.SessionWindowTitleTest testFailedTitleLookupKeepsFallbackWithoutImmediateRetryLoop]' passed (0.005 seconds).
Test Case '-[AppBundleTests.SessionWindowTitleTest testFirstSightReturnsImmediatelyAndFetchesInBackground]' started.
Test Case '-[AppBundleTests.SessionWindowTitleTest testFirstSightReturnsImmediatelyAndFetchesInBackground]' passed (0.051 seconds).
Test Case '-[AppBundleTests.SessionWindowTitleTest testFreshEntryDoesNotScheduleBackgroundRefresh]' started.
Test Case '-[AppBundleTests.SessionWindowTitleTest testFreshEntryDoesNotScheduleBackgroundRefresh]' passed (0.016 seconds).
Test Case '-[AppBundleTests.SessionWindowTitleTest testReadyTitlePublishesWhileAnEarlierWindowIsStillSuspended]' started.
Test Case '-[AppBundleTests.SessionWindowTitleTest testReadyTitlePublishesWhileAnEarlierWindowIsStillSuspended]' passed (0.049 seconds).
Test Case '-[AppBundleTests.SessionWindowTitleTest testResetRejectsLateTitleWithoutOverwritingNewResult]' started.
Test Case '-[AppBundleTests.SessionWindowTitleTest testResetRejectsLateTitleWithoutOverwritingNewResult]' passed (0.018 seconds).
Test Case '-[AppBundleTests.SessionWindowTitleTest testResetRejectsPublicationFromOldBackgroundWorker]' started.
Test Case '-[AppBundleTests.SessionWindowTitleTest testResetRejectsPublicationFromOldBackgroundWorker]' passed (0.005 seconds).
Test Case '-[AppBundleTests.SessionWindowTitleTest testStaleEntryAnswersImmediatelyWithoutInlineFetch]' started.
Test Case '-[AppBundleTests.SessionWindowTitleTest testStaleEntryAnswersImmediatelyWithoutInlineFetch]' passed (0.005 seconds).
Test Case '-[AppBundleTests.SessionWindowTitleTest testTwoConsumersShareOneSuspendedLookup]' started.
Test Case '-[AppBundleTests.SessionWindowTitleTest testTwoConsumersShareOneSuspendedLookup]' passed (0.005 seconds).
Test Suite 'SessionWindowTitleTest' passed at 2026-10-06 17:41:07.936.
	 Executed 9 tests, with 0 failures (0 unexpected) in 0.160 (0.161) seconds
Test Suite 'ShortcutSettingsConfigEditsTest' started at 2026-10-06 17:41:07.936.
Test Case '-[AppBundleTests.ShortcutSettingsConfigEditsTest testInferWorkspaceShortcutStatePrefersPatternAndExtractsOverrides]' started.
Test Case '-[AppBundleTests.ShortcutSettingsConfigEditsTest testInferWorkspaceShortcutStatePrefersPatternAndExtractsOverrides]' passed (0.000 seconds).
Test Case '-[AppBundleTests.ShortcutSettingsConfigEditsTest testReadModeBindingEntriesReadsSimpleScalarBindings]' started.
Test Case '-[AppBundleTests.ShortcutSettingsConfigEditsTest testReadModeBindingEntriesReadsSimpleScalarBindings]' passed (0.000 seconds).
Test Case '-[AppBundleTests.ShortcutSettingsConfigEditsTest testUpdateModeBindingConfigAddsMissingSection]' started.
Test Case '-[AppBundleTests.ShortcutSettingsConfigEditsTest testUpdateModeBindingConfigAddsMissingSection]' passed (0.000 seconds).
Test Case '-[AppBundleTests.ShortcutSettingsConfigEditsTest testUpdateModeBindingConfigReplacesManagedBindingsAndPreservesCustomOnes]' started.
Test Case '-[AppBundleTests.ShortcutSettingsConfigEditsTest testUpdateModeBindingConfigReplacesManagedBindingsAndPreservesCustomOnes]' passed (0.000 seconds).
Test Suite 'ShortcutSettingsConfigEditsTest' passed at 2026-10-06 17:41:07.937.
	 Executed 4 tests, with 0 failures (0 unexpected) in 0.001 (0.001) seconds
Test Suite 'SocketEOFTest' started at 2026-10-06 17:41:07.937.
Test Case '-[AppBundleTests.SocketEOFTest testCleanEOFAndTruncatedHeaderTerminateTheRead]' started.
Test Case '-[AppBundleTests.SocketEOFTest testCleanEOFAndTruncatedHeaderTerminateTheRead]' passed (0.015 seconds).
Test Case '-[AppBundleTests.SocketEOFTest testCompletePayloadDeliveredWithEOFStillSucceeds]' started.
Test Case '-[AppBundleTests.SocketEOFTest testCompletePayloadDeliveredWithEOFStillSucceeds]' passed (0.002 seconds).
Test Case '-[AppBundleTests.SocketEOFTest testEOFInPayloadTerminatesTheRead]' started.
Test Case '-[AppBundleTests.SocketEOFTest testEOFInPayloadTerminatesTheRead]' passed (0.009 seconds).
Test Suite 'SocketEOFTest' passed at 2026-10-06 17:41:07.964.
	 Executed 3 tests, with 0 failures (0 unexpected) in 0.027 (0.027) seconds
Test Suite 'SpaceBrowserProfilesTest' started at 2026-10-06 17:41:07.964.
Test Case '-[AppBundleTests.SpaceBrowserProfilesTest testDeletingSpaceKeepsTheProfileAndOtherSpaceAssignment]' started.
Test Case '-[AppBundleTests.SpaceBrowserProfilesTest testDeletingSpaceKeepsTheProfileAndOtherSpaceAssignment]' passed (0.004 seconds).
Test Case '-[AppBundleTests.SpaceBrowserProfilesTest testExplicitPinProfileRemainsAuthoritativeAfterSpaceProfileChanges]' started.
2026-10-06 17:41:07.971 xctest[75365:6495484] WinMux new tab: dispatch
Test Case '-[AppBundleTests.SpaceBrowserProfilesTest testExplicitPinProfileRemainsAuthoritativeAfterSpaceProfileChanges]' passed (0.004 seconds).
Test Case '-[AppBundleTests.SpaceBrowserProfilesTest testLegacyBrowserRefusesNamedProfileWithoutSendingCreation]' started.
Test Case '-[AppBundleTests.SpaceBrowserProfilesTest testLegacyBrowserRefusesNamedProfileWithoutSendingCreation]' passed (0.001 seconds).
Test Case '-[AppBundleTests.SpaceBrowserProfilesTest testNamedProfilesCanBeSharedAcrossSpacesAndPersistByStableIdentity]' started.
Test Case '-[AppBundleTests.SpaceBrowserProfilesTest testNamedProfilesCanBeSharedAcrossSpacesAndPersistByStableIdentity]' passed (0.001 seconds).
Test Case '-[AppBundleTests.SpaceBrowserProfilesTest testNameValidationAndMissingBindingsCannotFallBackToShared]' started.
Test Case '-[AppBundleTests.SpaceBrowserProfilesTest testNameValidationAndMissingBindingsCannotFallBackToShared]' passed (0.000 seconds).
Test Case '-[AppBundleTests.SpaceBrowserProfilesTest testNewTabsUseRequestedSpaceProfileInsteadOfFocusedPageAccount]' started.
2026-10-06 17:41:07.975 xctest[75365:6495484] WinMux new tab: dispatch
2026-10-06 17:41:07.975 xctest[75365:6495484] WinMux new tab: dispatch
2026-10-06 17:41:07.975 xctest[75365:6495484] WinMux new tab: dispatch
Test Case '-[AppBundleTests.SpaceBrowserProfilesTest testNewTabsUseRequestedSpaceProfileInsteadOfFocusedPageAccount]' passed (0.001 seconds).
Test Suite 'SpaceBrowserProfilesTest' passed at 2026-10-06 17:41:07.976.
	 Executed 6 tests, with 0 failures (0 unexpected) in 0.011 (0.011) seconds
Test Suite 'SpacePinnedGroupTest' started at 2026-10-06 17:41:07.976.
Test Case '-[AppBundleTests.SpacePinnedGroupTest testClosedPinOrderAndMovingBetweenSpacesSurviveRoundTrip]' started.
Test Case '-[AppBundleTests.SpacePinnedGroupTest testClosedPinOrderAndMovingBetweenSpacesSurviveRoundTrip]' passed (0.001 seconds).
Test Case '-[AppBundleTests.SpacePinnedGroupTest testDifferentWindowsOfSameAppOwnIndependentDesktops]' started.
Test Case '-[AppBundleTests.SpacePinnedGroupTest testDifferentWindowsOfSameAppOwnIndependentDesktops]' passed (0.011 seconds).
Test Case '-[AppBundleTests.SpacePinnedGroupTest testEmptyPinnedGroupIsHiddenAndDoesNotChangeRegularNumbering]' started.
Test Case '-[AppBundleTests.SpacePinnedGroupTest testEmptyPinnedGroupIsHiddenAndDoesNotChangeRegularNumbering]' passed (0.014 seconds).
Test Case '-[AppBundleTests.SpacePinnedGroupTest testFirstPinnedGroupRemembersRegularGroupAlreadyActiveAtStartup]' started.
Test Case '-[AppBundleTests.SpacePinnedGroupTest testFirstPinnedGroupRemembersRegularGroupAlreadyActiveAtStartup]' passed (0.005 seconds).
Test Case '-[AppBundleTests.SpacePinnedGroupTest testLegacyPinsMigrateOncePerSpaceWithoutOpeningOrChangingOtherLayouts]' started.
Test Case '-[AppBundleTests.SpacePinnedGroupTest testLegacyPinsMigrateOncePerSpaceWithoutOpeningOrChangingOtherLayouts]' passed (0.001 seconds).
Test Case '-[AppBundleTests.SpacePinnedGroupTest testMissingAppRemainsVisibleAndCanBeUnpinnedWithoutLaunching]' started.
Test Case '-[AppBundleTests.SpacePinnedGroupTest testMissingAppRemainsVisibleAndCanBeUnpinnedWithoutLaunching]' passed (0.001 seconds).
Test Case '-[AppBundleTests.SpacePinnedGroupTest testNewTabsUseLastRegularGroupAndPinnedGroupCannotBeRenamedOrDeleted]' started.
2026-10-06 17:41:08.009 xctest[75365:6495484] WinMux new tab: dispatch
2026-10-06 17:41:08.009 xctest[75365:6495484] WinMux new tab: issued
Test Case '-[AppBundleTests.SpacePinnedGroupTest testNewTabsUseLastRegularGroupAndPinnedGroupCannotBeRenamedOrDeleted]' passed (0.001 seconds).
Test Case '-[AppBundleTests.SpacePinnedGroupTest testPinningDuringSidebarReadDoesNotLeaveDuplicateInRegularWorkspace]' started.
Test Case '-[AppBundleTests.SpacePinnedGroupTest testPinningDuringSidebarReadDoesNotLeaveDuplicateInRegularWorkspace]' passed (0.013 seconds).
Test Case '-[AppBundleTests.SpacePinnedGroupTest testPinWholeWorkspaceAndUnpinPreserveIdentityAndAllRoots]' started.
Test Case '-[AppBundleTests.SpacePinnedGroupTest testPinWholeWorkspaceAndUnpinPreserveIdentityAndAllRoots]' passed (0.009 seconds).
Test Suite 'SpacePinnedGroupTest' passed at 2026-10-06 17:41:08.032.
	 Executed 9 tests, with 0 failures (0 unexpected) in 0.056 (0.057) seconds
Test Suite 'SplitArgsTest' started at 2026-10-06 17:41:08.032.
Test Case '-[AppBundleTests.SplitArgsTest testSplit]' started.
Test Case '-[AppBundleTests.SplitArgsTest testSplit]' passed (0.000 seconds).
Test Suite 'SplitArgsTest' passed at 2026-10-06 17:41:08.033.
	 Executed 1 test, with 0 failures (0 unexpected) in 0.000 (0.000) seconds
Test Suite 'SplitCommandTest' started at 2026-10-06 17:41:08.033.
Test Case '-[AppBundleTests.SplitCommandTest testChangeOrientation]' started.
Test Case '-[AppBundleTests.SplitCommandTest testChangeOrientation]' passed (0.005 seconds).
Test Case '-[AppBundleTests.SplitCommandTest testSplitOppositeOrientation]' started.
Test Case '-[AppBundleTests.SplitCommandTest testSplitOppositeOrientation]' passed (0.011 seconds).
Test Case '-[AppBundleTests.SplitCommandTest testSplit]' started.
Test Case '-[AppBundleTests.SplitCommandTest testSplit]' passed (0.011 seconds).
Test Case '-[AppBundleTests.SplitCommandTest testToggleOrientation]' started.
Test Case '-[AppBundleTests.SplitCommandTest testToggleOrientation]' passed (0.005 seconds).
Test Suite 'SplitCommandTest' passed at 2026-10-06 17:41:08.064.
	 Executed 4 tests, with 0 failures (0 unexpected) in 0.031 (0.031) seconds
Test Suite 'StackWithCommandTest' started at 2026-10-06 17:41:08.064.
Test Case '-[AppBundleTests.StackWithCommandTest testStackWithLeftSplitsFocusedWindowOutOfTabGroup]' started.
Test Case '-[AppBundleTests.StackWithCommandTest testStackWithLeftSplitsFocusedWindowOutOfTabGroup]' passed (0.030 seconds).
Test Case '-[AppBundleTests.StackWithCommandTest testStackWithRightCreatesTabGroupContainer]' started.
Test Case '-[AppBundleTests.StackWithCommandTest testStackWithRightCreatesTabGroupContainer]' passed (0.018 seconds).
Test Suite 'StackWithCommandTest' passed at 2026-10-06 17:41:08.112.
	 Executed 2 tests, with 0 failures (0 unexpected) in 0.048 (0.048) seconds
Test Suite 'StringExTest' started at 2026-10-06 17:41:08.112.
Test Case '-[AppBundleTests.StringExTest testJoinTruncatingCountsFirstElementBeforeAppendingNextElement]' started.
Test Case '-[AppBundleTests.StringExTest testJoinTruncatingCountsFirstElementBeforeAppendingNextElement]' passed (0.000 seconds).
Test Case '-[AppBundleTests.StringExTest testJoinTruncatingTruncatesFirstElementWhenItExceedsLimit]' started.
Test Case '-[AppBundleTests.StringExTest testJoinTruncatingTruncatesFirstElementWhenItExceedsLimit]' passed (0.000 seconds).
Test Suite 'StringExTest' passed at 2026-10-06 17:41:08.113.
	 Executed 2 tests, with 0 failures (0 unexpected) in 0.000 (0.001) seconds
Test Suite 'SubscribeCmdArgsTest' started at 2026-10-06 17:41:08.113.
Test Case '-[AppBundleTests.SubscribeCmdArgsTest testParseAllFlag]' started.
Test Case '-[AppBundleTests.SubscribeCmdArgsTest testParseAllFlag]' passed (0.000 seconds).
Test Case '-[AppBundleTests.SubscribeCmdArgsTest testParseAllWithEventsConflict]' started.
Test Case '-[AppBundleTests.SubscribeCmdArgsTest testParseAllWithEventsConflict]' passed (0.000 seconds).
Test Case '-[AppBundleTests.SubscribeCmdArgsTest testParseDuplicateEvent]' started.
Test Case '-[AppBundleTests.SubscribeCmdArgsTest testParseDuplicateEvent]' passed (0.000 seconds).
Test Case '-[AppBundleTests.SubscribeCmdArgsTest testParseNoEvents]' started.
Test Case '-[AppBundleTests.SubscribeCmdArgsTest testParseNoEvents]' passed (0.000 seconds).
Test Case '-[AppBundleTests.SubscribeCmdArgsTest testParseUnknownEvent]' started.
Test Case '-[AppBundleTests.SubscribeCmdArgsTest testParseUnknownEvent]' passed (0.000 seconds).
Test Case '-[AppBundleTests.SubscribeCmdArgsTest testParseValidEvents]' started.
Test Case '-[AppBundleTests.SubscribeCmdArgsTest testParseValidEvents]' passed (0.000 seconds).
Test Suite 'SubscribeCmdArgsTest' passed at 2026-10-06 17:41:08.114.
	 Executed 6 tests, with 0 failures (0 unexpected) in 0.001 (0.001) seconds
Test Suite 'SummonWorkspaceCommandTest' started at 2026-10-06 17:41:08.114.
Test Case '-[AppBundleTests.SummonWorkspaceCommandTest testParse]' started.
Test Case '-[AppBundleTests.SummonWorkspaceCommandTest testParse]' passed (0.005 seconds).
Test Case '-[AppBundleTests.SummonWorkspaceCommandTest testSummonDoesNotCreateMissingWorkspace]' started.
Test Case '-[AppBundleTests.SummonWorkspaceCommandTest testSummonDoesNotCreateMissingWorkspace]' passed (0.001 seconds).
Test Case '-[AppBundleTests.SummonWorkspaceCommandTest testSummonIgnoresWorkspaceWithOnlyMacosHiddenWindows]' started.
Test Case '-[AppBundleTests.SummonWorkspaceCommandTest testSummonIgnoresWorkspaceWithOnlyMacosHiddenWindows]' passed (0.005 seconds).
Test Suite 'SummonWorkspaceCommandTest' passed at 2026-10-06 17:41:08.124.
	 Executed 3 tests, with 0 failures (0 unexpected) in 0.010 (0.010) seconds
Test Suite 'SurfaceCommandTest' started at 2026-10-06 17:41:08.124.
Test Case '-[AppBundleTests.SurfaceCommandTest testBrowserMonitorAndProjectMovesPreserveNativeSource]' started.
Test Case '-[AppBundleTests.SurfaceCommandTest testBrowserMonitorAndProjectMovesPreserveNativeSource]' passed (0.056 seconds).
Test Case '-[AppBundleTests.SurfaceCommandTest testCloseRoutesToBrowserAndExplicitNativeStillWorks]' started.
Test Case '-[AppBundleTests.SurfaceCommandTest testCloseRoutesToBrowserAndExplicitNativeStillWorks]' passed (0.044 seconds).
Test Case '-[AppBundleTests.SurfaceCommandTest testCrossWorkspaceRowDropMovesOwnerBeforeReordering]' started.
Test Case '-[AppBundleTests.SurfaceCommandTest testCrossWorkspaceRowDropMovesOwnerBeforeReordering]' passed (0.011 seconds).
Test Case '-[AppBundleTests.SurfaceCommandTest testDisconnectedOrOldProtocolOwnerPreventsPartialStructuralEdits]' started.
Test Case '-[AppBundleTests.SurfaceCommandTest testDisconnectedOrOldProtocolOwnerPreventsPartialStructuralEdits]' passed (0.011 seconds).
Test Case '-[AppBundleTests.SurfaceCommandTest testExistingLayoutShortcutUsesSharedTreeForBothOwnersAndExplicitNativeOverride]' started.
Test Case '-[AppBundleTests.SurfaceCommandTest testExistingLayoutShortcutUsesSharedTreeForBothOwnersAndExplicitNativeOverride]' passed (0.006 seconds).
Test Case '-[AppBundleTests.SurfaceCommandTest testExplicitNativeFloatingConversionKeepsBrowserSelection]' started.
Test Case '-[AppBundleTests.SurfaceCommandTest testExplicitNativeFloatingConversionKeepsBrowserSelection]' passed (0.020 seconds).
Test Case '-[AppBundleTests.SurfaceCommandTest testInvalidGroupTargetsAndBoundariesAreAtomic]' started.
Test Case '-[AppBundleTests.SurfaceCommandTest testInvalidGroupTargetsAndBoundariesAreAtomic]' passed (0.006 seconds).
Test Case '-[AppBundleTests.SurfaceCommandTest testListingAndUnavailableTypedIdentityNeverFallsBack]' started.
Test Case '-[AppBundleTests.SurfaceCommandTest testListingAndUnavailableTypedIdentityNeverFallsBack]' passed (0.011 seconds).
Test Case '-[AppBundleTests.SurfaceCommandTest testMoveWithoutFollowEnablesBothWorkspacesAndRetiresHiddenSelection]' started.
Test Case '-[AppBundleTests.SurfaceCommandTest testMoveWithoutFollowEnablesBothWorkspacesAndRetiresHiddenSelection]' passed (0.006 seconds).
Test Case '-[AppBundleTests.SurfaceCommandTest testNativeFloatingTogglePreservesMixedBrowserOwnersAndSourceFocus]' started.
Test Case '-[AppBundleTests.SurfaceCommandTest testNativeFloatingTogglePreservesMixedBrowserOwnersAndSourceFocus]' passed (0.023 seconds).
Test Case '-[AppBundleTests.SurfaceCommandTest testNativeSelectionAfterDisconnectRetiresBrowserTarget]' started.
Test Case '-[AppBundleTests.SurfaceCommandTest testNativeSelectionAfterDisconnectRetiresBrowserTarget]' passed (0.013 seconds).
Test Case '-[AppBundleTests.SurfaceCommandTest testParserRejectsMissingOrExtraOperands]' started.
Test Case '-[AppBundleTests.SurfaceCommandTest testParserRejectsMissingOrExtraOperands]' passed (0.006 seconds).
Test Case '-[AppBundleTests.SurfaceCommandTest testPinCommandCreatesDedicatedDesktopAndUnpinRetainsItsLayout]' started.
Test Case '-[AppBundleTests.SurfaceCommandTest testPinCommandCreatesDedicatedDesktopAndUnpinRetainsItsLayout]' passed (0.006 seconds).
Test Case '-[AppBundleTests.SurfaceCommandTest testPinCommandKeepsExplicitGroupAndExcludesOtherRoots]' started.
Test Case '-[AppBundleTests.SurfaceCommandTest testPinCommandKeepsExplicitGroupAndExcludesOtherRoots]' passed (0.012 seconds).
Test Case '-[AppBundleTests.SurfaceCommandTest testResizeBrowserSelectionChangesSharedAllocation]' started.
Test Case '-[AppBundleTests.SurfaceCommandTest testResizeBrowserSelectionChangesSharedAllocation]' passed (0.011 seconds).
Test Case '-[AppBundleTests.SurfaceCommandTest testSharedGroupLayoutReorderAndUngroupPreserveOwnersAndSelection]' started.
Test Case '-[AppBundleTests.SurfaceCommandTest testSharedGroupLayoutReorderAndUngroupPreserveOwnersAndSelection]' passed (0.006 seconds).
Test Case '-[AppBundleTests.SurfaceCommandTest testSocketListingPreservesBrowserSelectionWithoutLayoutOrDiscovery]' started.
Test Case '-[AppBundleTests.SurfaceCommandTest testSocketListingPreservesBrowserSelectionWithoutLayoutOrDiscovery]' passed (0.006 seconds).
Test Case '-[AppBundleTests.SurfaceCommandTest testTypedNativeMoveUpdatesSharedPlacement]' started.
Test Case '-[AppBundleTests.SurfaceCommandTest testTypedNativeMoveUpdatesSharedPlacement]' passed (0.012 seconds).
Test Case '-[AppBundleTests.SurfaceCommandTest testUnsupportedLegacyActionsNeverTargetPriorNativeWindow]' started.
Test Case '-[AppBundleTests.SurfaceCommandTest testUnsupportedLegacyActionsNeverTargetPriorNativeWindow]' passed (0.017 seconds).
Test Suite 'SurfaceCommandTest' passed at 2026-10-06 17:41:08.412.
	 Executed 19 tests, with 0 failures (0 unexpected) in 0.286 (0.288) seconds
Test Suite 'SurfaceSidebarInteractionTest' started at 2026-10-06 17:41:08.412.
Test Case '-[AppBundleTests.SurfaceSidebarInteractionTest testMoveMenusKeepNativeAndBrowserOwnerIdentitiesAndTargetScope]' started.
Test Case '-[AppBundleTests.SurfaceSidebarInteractionTest testMoveMenusKeepNativeAndBrowserOwnerIdentitiesAndTargetScope]' passed (0.005 seconds).
Test Case '-[AppBundleTests.SurfaceSidebarInteractionTest testSearchFilteredStackRetainsFullCountIconsAndSavedRepresentative]' started.
Test Case '-[AppBundleTests.SurfaceSidebarInteractionTest testSearchFilteredStackRetainsFullCountIconsAndSavedRepresentative]' passed (0.000 seconds).
Test Case '-[AppBundleTests.SurfaceSidebarInteractionTest testSharedActivationHonorsEditingDragAndOtherDisplayGuards]' started.
Test Case '-[AppBundleTests.SurfaceSidebarInteractionTest testSharedActivationHonorsEditingDragAndOtherDisplayGuards]' passed (0.000 seconds).
Test Case '-[AppBundleTests.SurfaceSidebarInteractionTest testSharedStackIconMetadataPreservesNestedOwnerOrder]' started.
Test Case '-[AppBundleTests.SurfaceSidebarInteractionTest testSharedStackIconMetadataPreservesNestedOwnerOrder]' passed (0.000 seconds).
Test Case '-[AppBundleTests.SurfaceSidebarInteractionTest testStackMenuMovesWholeSubtreeRatherThanItsRepresentative]' started.
Test Case '-[AppBundleTests.SurfaceSidebarInteractionTest testStackMenuMovesWholeSubtreeRatherThanItsRepresentative]' passed (0.000 seconds).
Test Suite 'SurfaceSidebarInteractionTest' passed at 2026-10-06 17:41:08.418.
	 Executed 5 tests, with 0 failures (0 unexpected) in 0.006 (0.007) seconds
Test Suite 'SwapCommandTest' started at 2026-10-06 17:41:08.418.
Test Case '-[AppBundleTests.SwapCommandTest testSwap_DfsRelativeWrapping]' started.
Test Case '-[AppBundleTests.SwapCommandTest testSwap_DfsRelativeWrapping]' passed (0.026 seconds).
Test Case '-[AppBundleTests.SwapCommandTest testSwap_DirectionalWrapping]' started.
Test Case '-[AppBundleTests.SwapCommandTest testSwap_DirectionalWrapping]' passed (0.031 seconds).
Test Case '-[AppBundleTests.SwapCommandTest testSwap_SwapFocus]' started.
Test Case '-[AppBundleTests.SwapCommandTest testSwap_SwapFocus]' passed (0.018 seconds).
Test Case '-[AppBundleTests.SwapCommandTest testSwap_swapWindows_DfsRelative]' started.
Test Case '-[AppBundleTests.SwapCommandTest testSwap_swapWindows_DfsRelative]' passed (0.057 seconds).
Test Case '-[AppBundleTests.SwapCommandTest testSwap_swapWindows_Directional]' started.
Test Case '-[AppBundleTests.SwapCommandTest testSwap_swapWindows_Directional]' passed (0.056 seconds).
Test Suite 'SwapCommandTest' passed at 2026-10-06 17:41:08.607.
	 Executed 5 tests, with 0 failures (0 unexpected) in 0.187 (0.188) seconds
Test Suite 'SwitcherPaletteTest' started at 2026-10-06 17:41:08.607.
Test Case '-[AppBundleTests.SwitcherPaletteTest testColdPaletteItemFetchesWindowTitleBeforeIndexing]' started.
Test Case '-[AppBundleTests.SwitcherPaletteTest testColdPaletteItemFetchesWindowTitleBeforeIndexing]' passed (0.005 seconds).
Test Case '-[AppBundleTests.SwitcherPaletteTest testEmptyQueryKeepsOriginalOrder]' started.
Test Case '-[AppBundleTests.SwitcherPaletteTest testEmptyQueryKeepsOriginalOrder]' passed (0.000 seconds).
Test Case '-[AppBundleTests.SwitcherPaletteTest testFinderFolderTitleIsSearchable]' started.
Test Case '-[AppBundleTests.SwitcherPaletteTest testFinderFolderTitleIsSearchable]' passed (0.000 seconds).
Test Case '-[AppBundleTests.SwitcherPaletteTest testFuzzyScoreRejectsNonSubsequence]' started.
Test Case '-[AppBundleTests.SwitcherPaletteTest testFuzzyScoreRejectsNonSubsequence]' passed (0.000 seconds).
Test Case '-[AppBundleTests.SwitcherPaletteTest testNonMatchingItemsAreDropped]' started.
Test Case '-[AppBundleTests.SwitcherPaletteTest testNonMatchingItemsAreDropped]' passed (0.000 seconds).
Test Case '-[AppBundleTests.SwitcherPaletteTest testSubsequenceMatchesAcrossFields]' started.
Test Case '-[AppBundleTests.SwitcherPaletteTest testSubsequenceMatchesAcrossFields]' passed (0.000 seconds).
Test Case '-[AppBundleTests.SwitcherPaletteTest testWordStartAndConsecutiveMatchesRankAboveScattered]' started.
Test Case '-[AppBundleTests.SwitcherPaletteTest testWordStartAndConsecutiveMatchesRankAboveScattered]' passed (0.000 seconds).
Test Suite 'SwitcherPaletteTest' passed at 2026-10-06 17:41:08.613.
	 Executed 7 tests, with 0 failures (0 unexpected) in 0.006 (0.007) seconds
Test Suite 'TrackpadNavigationConfigTest' started at 2026-10-06 17:41:08.613.
Test Case '-[AppBundleTests.TrackpadNavigationConfigTest testConfigCommandReportsBooleanValues]' started.
Test Case '-[AppBundleTests.TrackpadNavigationConfigTest testConfigCommandReportsBooleanValues]' passed (0.000 seconds).
Test Case '-[AppBundleTests.TrackpadNavigationConfigTest testDefaultsAndTOMLRoundTrip]' started.
Test Case '-[AppBundleTests.TrackpadNavigationConfigTest testDefaultsAndTOMLRoundTrip]' passed (0.000 seconds).
Test Case '-[AppBundleTests.TrackpadNavigationConfigTest testRejectsWrongTypesAndUnknownKeys]' started.
Test Case '-[AppBundleTests.TrackpadNavigationConfigTest testRejectsWrongTypesAndUnknownKeys]' passed (0.000 seconds).
Test Case '-[AppBundleTests.TrackpadNavigationConfigTest testSettingsEditsPreserveExistingConfiguration]' started.
Test Case '-[AppBundleTests.TrackpadNavigationConfigTest testSettingsEditsPreserveExistingConfiguration]' passed (0.000 seconds).
Test Suite 'TrackpadNavigationConfigTest' passed at 2026-10-06 17:41:08.615.
	 Executed 4 tests, with 0 failures (0 unexpected) in 0.001 (0.002) seconds
Test Suite 'TrackpadNavigationTest' started at 2026-10-06 17:41:08.615.
Test Case '-[AppBundleTests.TrackpadNavigationTest testBackendFailureAndUnavailableDeviceStatus]' started.
Test Case '-[AppBundleTests.TrackpadNavigationTest testBackendFailureAndUnavailableDeviceStatus]' passed (0.032 seconds).
Test Case '-[AppBundleTests.TrackpadNavigationTest testBurstAdvancesEveryTabInOrderWithoutWaitingForNativeFocus]' started.
Test Case '-[AppBundleTests.TrackpadNavigationTest testBurstAdvancesEveryTabInOrderWithoutWaitingForNativeFocus]' passed (0.021 seconds).
Test Case '-[AppBundleTests.TrackpadNavigationTest testCancellationFrontmostAppMismatchAndOldEventsNeverNavigate]' started.
Test Case '-[AppBundleTests.TrackpadNavigationTest testCancellationFrontmostAppMismatchAndOldEventsNeverNavigate]' passed (0.097 seconds).
Test Case '-[AppBundleTests.TrackpadNavigationTest testCrossAppBurstToleratesOwnActivationNotificationsAndLateNativeFocus]' started.
Test Case '-[AppBundleTests.TrackpadNavigationTest testCrossAppBurstToleratesOwnActivationNotificationsAndLateNativeFocus]' passed (0.055 seconds).
Test Case '-[AppBundleTests.TrackpadNavigationTest testFocusOrGroupChangeMidSwipeDoesNotNavigate]' started.
Test Case '-[AppBundleTests.TrackpadNavigationTest testFocusOrGroupChangeMidSwipeDoesNotNavigate]' passed (0.072 seconds).
Test Case '-[AppBundleTests.TrackpadNavigationTest testLifecycleAndStaleCallbacks]' started.
Test Case '-[AppBundleTests.TrackpadNavigationTest testLifecycleAndStaleCallbacks]' passed (0.056 seconds).
Test Case '-[AppBundleTests.TrackpadNavigationTest testNoTargetOutsideGroupOrWithSingleTab]' started.
Test Case '-[AppBundleTests.TrackpadNavigationTest testNoTargetOutsideGroupOrWithSingleTab]' passed (0.005 seconds).
Test Case '-[AppBundleTests.TrackpadNavigationTest testSidebarSuppressesOnlyOwnedSequenceIncludingMomentum]' started.
Test Case '-[AppBundleTests.TrackpadNavigationTest testSidebarSuppressesOnlyOwnedSequenceIncludingMomentum]' passed (0.006 seconds).
Test Case '-[AppBundleTests.TrackpadNavigationTest testTargetRejectsFocusAndMembershipChanges]' started.
Test Case '-[AppBundleTests.TrackpadNavigationTest testTargetRejectsFocusAndMembershipChanges]' passed (0.001 seconds).
Test Case '-[AppBundleTests.TrackpadNavigationTest testTargetUsesTabOrderWrappingAndReverseDirection]' started.
Test Case '-[AppBundleTests.TrackpadNavigationTest testTargetUsesTabOrderWrappingAndReverseDirection]' passed (0.005 seconds).
Test Case '-[AppBundleTests.TrackpadNavigationTest testUnrelatedAppActivationAndExplicitInputCancelPendingSwipe]' started.
Test Case '-[AppBundleTests.TrackpadNavigationTest testUnrelatedAppActivationAndExplicitInputCancelPendingSwipe]' passed (0.106 seconds).
Test Suite 'TrackpadNavigationTest' passed at 2026-10-06 17:41:09.072.
	 Executed 11 tests, with 0 failures (0 unexpected) in 0.455 (0.456) seconds
Test Suite 'TrackpadSwipeRecognizerTest' started at 2026-10-06 17:41:09.072.
Test Case '-[AppBundleTests.TrackpadSwipeRecognizerTest testAllowsStaggeredLandingWithoutPriorScroll]' started.
Test Case '-[AppBundleTests.TrackpadSwipeRecognizerTest testAllowsStaggeredLandingWithoutPriorScroll]' passed (0.000 seconds).
Test Case '-[AppBundleTests.TrackpadSwipeRecognizerTest testContactReplacementAndButtonPressCancelUntilRelease]' started.
Test Case '-[AppBundleTests.TrackpadSwipeRecognizerTest testContactReplacementAndButtonPressCancelUntilRelease]' passed (0.000 seconds).
Test Case '-[AppBundleTests.TrackpadSwipeRecognizerTest testFastFlickCommitsBeforeReleaseWithoutDwell]' started.
Test Case '-[AppBundleTests.TrackpadSwipeRecognizerTest testFastFlickCommitsBeforeReleaseWithoutDwell]' passed (0.000 seconds).
Test Case '-[AppBundleTests.TrackpadSwipeRecognizerTest testOverlappingDevicesCancelBothSequences]' started.
Test Case '-[AppBundleTests.TrackpadSwipeRecognizerTest testOverlappingDevicesCancelBothSequences]' passed (0.000 seconds).
Test Case '-[AppBundleTests.TrackpadSwipeRecognizerTest testPartialLiftBeforeCommitCancels]' started.
Test Case '-[AppBundleTests.TrackpadSwipeRecognizerTest testPartialLiftBeforeCommitCancels]' passed (0.000 seconds).
Test Case '-[AppBundleTests.TrackpadSwipeRecognizerTest testRapidFlicksRearmImmediatelyAndAllowReversal]' started.
Test Case '-[AppBundleTests.TrackpadSwipeRecognizerTest testRapidFlicksRearmImmediatelyAndAllowReversal]' passed (0.000 seconds).
Test Case '-[AppBundleTests.TrackpadSwipeRecognizerTest testRejectsShortMotion]' started.
Test Case '-[AppBundleTests.TrackpadSwipeRecognizerTest testRejectsShortMotion]' passed (0.000 seconds).
Test Case '-[AppBundleTests.TrackpadSwipeRecognizerTest testSmallJitterDoesNotBecomeSwipe]' started.
Test Case '-[AppBundleTests.TrackpadSwipeRecognizerTest testSmallJitterDoesNotBecomeSwipe]' passed (0.000 seconds).
Test Case '-[AppBundleTests.TrackpadSwipeRecognizerTest testStaleOutOfOrderAndInvalidFramesCancel]' started.
Test Case '-[AppBundleTests.TrackpadSwipeRecognizerTest testStaleOutOfOrderAndInvalidFramesCancel]' passed (0.000 seconds).
Test Case '-[AppBundleTests.TrackpadSwipeRecognizerTest testSwitchesAtThresholdAndOnlyOnceUntilFullRelease]' started.
Test Case '-[AppBundleTests.TrackpadSwipeRecognizerTest testSwitchesAtThresholdAndOnlyOnceUntilFullRelease]' passed (0.000 seconds).
Test Case '-[AppBundleTests.TrackpadSwipeRecognizerTest testTwoFingerScrollAndFourFingerGesturesNeverCommit]' started.
Test Case '-[AppBundleTests.TrackpadSwipeRecognizerTest testTwoFingerScrollAndFourFingerGesturesNeverCommit]' passed (0.000 seconds).
Test Case '-[AppBundleTests.TrackpadSwipeRecognizerTest testVerticalAndDiagonalGesturesCannotLaterBecomeHorizontal]' started.
Test Case '-[AppBundleTests.TrackpadSwipeRecognizerTest testVerticalAndDiagonalGesturesCannotLaterBecomeHorizontal]' passed (0.000 seconds).
Test Case '-[AppBundleTests.TrackpadSwipeRecognizerTest testWatchdogExpiryAndLongGestureNeverRearmWithoutRelease]' started.
Test Case '-[AppBundleTests.TrackpadSwipeRecognizerTest testWatchdogExpiryAndLongGestureNeverRearmWithoutRelease]' passed (0.000 seconds).
Test Suite 'TrackpadSwipeRecognizerTest' passed at 2026-10-06 17:41:09.074.
	 Executed 13 tests, with 0 failures (0 unexpected) in 0.002 (0.003) seconds
Test Suite 'TrayMenuModelSetIfChangedTest' started at 2026-10-06 17:41:09.074.
Test Case '-[AppBundleTests.TrayMenuModelSetIfChangedTest testSetIfChangedPublishesOnlyOnRealChanges]' started.
Test Case '-[AppBundleTests.TrayMenuModelSetIfChangedTest testSetIfChangedPublishesOnlyOnRealChanges]' passed (0.000 seconds).
Test Suite 'TrayMenuModelSetIfChangedTest' passed at 2026-10-06 17:41:09.075.
	 Executed 1 test, with 0 failures (0 unexpected) in 0.000 (0.000) seconds
Test Suite 'TreeNodeTest' started at 2026-10-06 17:41:09.075.
Test Case '-[AppBundleTests.TreeNodeTest testCancelManipulatedWithMouseStateClearsDragTracking]' started.
Test Case '-[AppBundleTests.TreeNodeTest testCancelManipulatedWithMouseStateClearsDragTracking]' passed (0.005 seconds).
Test Case '-[AppBundleTests.TreeNodeTest testChildParentCyclicReferenceMemoryLeak]' started.
Test Case '-[AppBundleTests.TreeNodeTest testChildParentCyclicReferenceMemoryLeak]' passed (0.007 seconds).
Test Case '-[AppBundleTests.TreeNodeTest testExitMacOsNativeUnconventionalStateRestoresWindowToPreviousWorkspaceWhileWorkspaceStaysAlive]' started.
Test Case '-[AppBundleTests.TreeNodeTest testExitMacOsNativeUnconventionalStateRestoresWindowToPreviousWorkspaceWhileWorkspaceStaysAlive]' passed (0.009 seconds).
Test Case '-[AppBundleTests.TreeNodeTest testFocusedEmptyWorkspaceRemainsNativeAfterMaintenance]' started.
Test Case '-[AppBundleTests.TreeNodeTest testFocusedEmptyWorkspaceRemainsNativeAfterMaintenance]' passed (0.005 seconds).
Test Case '-[AppBundleTests.TreeNodeTest testFrozenFocusFallsBackToWorkspaceFocusWhenWindowStopsParticipatingInWorkspaceFocus]' started.
Test Case '-[AppBundleTests.TreeNodeTest testFrozenFocusFallsBackToWorkspaceFocusWhenWindowStopsParticipatingInWorkspaceFocus]' passed (0.000 seconds).
Test Case '-[AppBundleTests.TreeNodeTest testIsEffectivelyEmpty]' started.
Test Case '-[AppBundleTests.TreeNodeTest testIsEffectivelyEmpty]' passed (0.011 seconds).
Test Case '-[AppBundleTests.TreeNodeTest testNewRegularWindowsFloatWhenAutomaticTilingIsDisabled]' started.
Test Case '-[AppBundleTests.TreeNodeTest testNewRegularWindowsFloatWhenAutomaticTilingIsDisabled]' passed (0.007 seconds).
Test Case '-[AppBundleTests.TreeNodeTest testNewRegularWindowsTileByDefault]' started.
Test Case '-[AppBundleTests.TreeNodeTest testNewRegularWindowsTileByDefault]' passed (0.008 seconds).
Test Case '-[AppBundleTests.TreeNodeTest testNextSidebarDraftWorkspaceNameClearsStalePersistedDraftLabelBeforeReuse]' started.
Test Case '-[AppBundleTests.TreeNodeTest testNextSidebarDraftWorkspaceNameClearsStalePersistedDraftLabelBeforeReuse]' passed (0.005 seconds).
Test Case '-[AppBundleTests.TreeNodeTest testNextSidebarDraftWorkspaceNameReusesCollectedDraftName]' started.
Test Case '-[AppBundleTests.TreeNodeTest testNextSidebarDraftWorkspaceNameReusesCollectedDraftName]' passed (0.001 seconds).
Test Case '-[AppBundleTests.TreeNodeTest testNextSidebarDraftWorkspaceNameReusesLowestAvailableGap]' started.
Test Case '-[AppBundleTests.TreeNodeTest testNextSidebarDraftWorkspaceNameReusesLowestAvailableGap]' passed (0.000 seconds).
Test Case '-[AppBundleTests.TreeNodeTest testNormalizeContainers_dontRemoveRoot]' started.
Test Case '-[AppBundleTests.TreeNodeTest testNormalizeContainers_dontRemoveRoot]' passed (0.000 seconds).
Test Case '-[AppBundleTests.TreeNodeTest testNormalizeContainers_flattenContainers]' started.
Test Case '-[AppBundleTests.TreeNodeTest testNormalizeContainers_flattenContainers]' passed (0.010 seconds).
Test Case '-[AppBundleTests.TreeNodeTest testNormalizeContainers_removeEffectivelyEmpty]' started.
Test Case '-[AppBundleTests.TreeNodeTest testNormalizeContainers_removeEffectivelyEmpty]' passed (0.011 seconds).
Test Case '-[AppBundleTests.TreeNodeTest testNormalizeContainers_singleWindowChild]' started.
Test Case '-[AppBundleTests.TreeNodeTest testNormalizeContainers_singleWindowChild]' passed (0.011 seconds).
Test Case '-[AppBundleTests.TreeNodeTest testPersistedFrozenWorldCodableRoundTrip]' started.
Test Case '-[AppBundleTests.TreeNodeTest testPersistedFrozenWorldCodableRoundTrip]' passed (0.005 seconds).
Test Case '-[AppBundleTests.TreeNodeTest testReconcileWorkspaceStateClearsCollectedDraftWorkspaceLabel]' started.
Test Case '-[AppBundleTests.TreeNodeTest testReconcileWorkspaceStateClearsCollectedDraftWorkspaceLabel]' passed (0.005 seconds).
Test Case '-[AppBundleTests.TreeNodeTest testReconcileWorkspaceStateClearsCollectedWorkspaceLabel]' started.
Test Case '-[AppBundleTests.TreeNodeTest testReconcileWorkspaceStateClearsCollectedWorkspaceLabel]' passed (0.001 seconds).
Test Case '-[AppBundleTests.TreeNodeTest testReconcileWorkspaceStateClearsOrphanedDraftWorkspaceLabel]' started.
Test Case '-[AppBundleTests.TreeNodeTest testReconcileWorkspaceStateClearsOrphanedDraftWorkspaceLabel]' passed (0.000 seconds).
Test Case '-[AppBundleTests.TreeNodeTest testReconcileWorkspaceStateClearsOrphanedWorkspaceLabel]' started.
Test Case '-[AppBundleTests.TreeNodeTest testReconcileWorkspaceStateClearsOrphanedWorkspaceLabel]' passed (0.000 seconds).
Test Case '-[AppBundleTests.TreeNodeTest testReconcileWorkspaceStateDeletesUnfocusedEmptyWorkspaceAfterLeavingIt]' started.
Test Case '-[AppBundleTests.TreeNodeTest testReconcileWorkspaceStateDeletesUnfocusedEmptyWorkspaceAfterLeavingIt]' passed (0.001 seconds).
Test Case '-[AppBundleTests.TreeNodeTest testReconcileWorkspaceStateDeletesWorkspaceWithOnlyDetachedMinimizedWindow]' started.
Test Case '-[AppBundleTests.TreeNodeTest testReconcileWorkspaceStateDeletesWorkspaceWithOnlyDetachedMinimizedWindow]' passed (0.007 seconds).
Test Case '-[AppBundleTests.TreeNodeTest testReconcileWorkspaceStateKeepsFocusedEmptyWorkspaceWhenNotFresh]' started.
Test Case '-[AppBundleTests.TreeNodeTest testReconcileWorkspaceStateKeepsFocusedEmptyWorkspaceWhenNotFresh]' passed (0.001 seconds).
Test Case '-[AppBundleTests.TreeNodeTest testReconcileWorkspaceStateKeepsFocusedSidebarWorkspaceAfterLastWindowCloses]' started.
Test Case '-[AppBundleTests.TreeNodeTest testReconcileWorkspaceStateKeepsFocusedSidebarWorkspaceAfterLastWindowCloses]' passed (0.007 seconds).
Test Case '-[AppBundleTests.TreeNodeTest testReconcileWorkspaceStateKeepsFocusedSidebarWorkspaceAfterLastWindowMinimizes]' started.
Test Case '-[AppBundleTests.TreeNodeTest testReconcileWorkspaceStateKeepsFocusedSidebarWorkspaceAfterLastWindowMinimizes]' passed (0.008 seconds).
Test Case '-[AppBundleTests.TreeNodeTest testReconcileWorkspaceStateKeepsFreshFocusedEmptyWorkspace]' started.
Test Case '-[AppBundleTests.TreeNodeTest testReconcileWorkspaceStateKeepsFreshFocusedEmptyWorkspace]' passed (0.009 seconds).
Test Case '-[AppBundleTests.TreeNodeTest testReconcileWorkspaceStateKeepsOnlyEmptyWorkspaceInProject]' started.
Test Case '-[AppBundleTests.TreeNodeTest testReconcileWorkspaceStateKeepsOnlyEmptyWorkspaceInProject]' passed (0.000 seconds).
Test Case '-[AppBundleTests.TreeNodeTest testReconcileWorkspaceStateKeepsPersistentEmptyWorkspace]' started.
Test Case '-[AppBundleTests.TreeNodeTest testReconcileWorkspaceStateKeepsPersistentEmptyWorkspace]' passed (0.000 seconds).
Test Case '-[AppBundleTests.TreeNodeTest testRememberMacOsLayoutOriginCanDetachFromWorkspace]' started.
Test Case '-[AppBundleTests.TreeNodeTest testRememberMacOsLayoutOriginCanDetachFromWorkspace]' passed (0.000 seconds).
Test Case '-[AppBundleTests.TreeNodeTest testRememberMacOsLayoutOriginCapturesCurrentWorkspace]' started.
Test Case '-[AppBundleTests.TreeNodeTest testRememberMacOsLayoutOriginCapturesCurrentWorkspace]' passed (0.004 seconds).
Test Case '-[AppBundleTests.TreeNodeTest testRestorableWorkspacesExcludeEmptyWorkspace]' started.
Test Case '-[AppBundleTests.TreeNodeTest testRestorableWorkspacesExcludeEmptyWorkspace]' passed (0.005 seconds).
Test Case '-[AppBundleTests.TreeNodeTest testRestoredMinimizedWindowUsesCurrentWorkspaceWhenOriginalWorkspaceWasCollected]' started.
Test Case '-[AppBundleTests.TreeNodeTest testRestoredMinimizedWindowUsesCurrentWorkspaceWhenOriginalWorkspaceWasCollected]' passed (0.018 seconds).
Test Case '-[AppBundleTests.TreeNodeTest testRestoreFrozenWorldIfNeededKeepsStillMinimizedWindowInMinimizedContainer]' started.
Test Case '-[AppBundleTests.TreeNodeTest testRestoreFrozenWorldIfNeededKeepsStillMinimizedWindowInMinimizedContainer]' passed (0.013 seconds).
Test Case '-[AppBundleTests.TreeNodeTest testRestoreFrozenWorldIfNeededRestoresWindowFullscreenState]' started.
Test Case '-[AppBundleTests.TreeNodeTest testRestoreFrozenWorldIfNeededRestoresWindowFullscreenState]' passed (0.022 seconds).
Test Case '-[AppBundleTests.TreeNodeTest testRestoreFrozenWorldIfNeededRetilesRestoredMinimizedWindowAfterNativeUnminimize]' started.
Test Case '-[AppBundleTests.TreeNodeTest testRestoreFrozenWorldIfNeededRetilesRestoredMinimizedWindowAfterNativeUnminimize]' passed (0.017 seconds).
Test Case '-[AppBundleTests.TreeNodeTest testRestoreFrozenWorldIfNeededUsesNativeFallbackWorkspaceForMissingVisibleWorkspace]' started.
Test Case '-[AppBundleTests.TreeNodeTest testRestoreFrozenWorldIfNeededUsesNativeFallbackWorkspaceForMissingVisibleWorkspace]' passed (0.018 seconds).
Test Case '-[AppBundleTests.TreeNodeTest testShouldShowWorkspaceInSidebarIncludesPersistentEmptyWorkspace]' started.
Test Case '-[AppBundleTests.TreeNodeTest testShouldShowWorkspaceInSidebarIncludesPersistentEmptyWorkspace]' passed (0.005 seconds).
Test Case '-[AppBundleTests.TreeNodeTest testSnapshotCurrentFrozenWorldExcludesDetachedMinimizedWindow]' started.
Test Case '-[AppBundleTests.TreeNodeTest testSnapshotCurrentFrozenWorldExcludesDetachedMinimizedWindow]' passed (0.007 seconds).
Test Case '-[AppBundleTests.TreeNodeTest testTransientBlankWorkspaceKeepsStableIdentityWhileEmpty]' started.
Test Case '-[AppBundleTests.TreeNodeTest testTransientBlankWorkspaceKeepsStableIdentityWhileEmpty]' passed (0.009 seconds).
Test Case '-[AppBundleTests.TreeNodeTest testUserFacingWorkspacesExcludeUnretainedFocusedEmptyWorkspace]' started.
Test Case '-[AppBundleTests.TreeNodeTest testUserFacingWorkspacesExcludeUnretainedFocusedEmptyWorkspace]' passed (0.001 seconds).
Test Case '-[AppBundleTests.TreeNodeTest testUserFacingWorkspacesExcludeUnretainedSidebarManagedEmptyWorkspace]' started.
Test Case '-[AppBundleTests.TreeNodeTest testUserFacingWorkspacesExcludeUnretainedSidebarManagedEmptyWorkspace]' passed (0.013 seconds).
Test Case '-[AppBundleTests.TreeNodeTest testUserFacingWorkspacesExcludeWorkspaceWithOnlyMacosFullscreenWindows]' started.
Test Case '-[AppBundleTests.TreeNodeTest testUserFacingWorkspacesExcludeWorkspaceWithOnlyMacosFullscreenWindows]' passed (0.009 seconds).
Test Case '-[AppBundleTests.TreeNodeTest testUserFacingWorkspacesExcludeWorkspaceWithOnlyMacosHiddenWindows]' started.
Test Case '-[AppBundleTests.TreeNodeTest testUserFacingWorkspacesExcludeWorkspaceWithOnlyMacosHiddenWindows]' passed (0.017 seconds).
Test Case '-[AppBundleTests.TreeNodeTest testUserFacingWorkspacesIncludePersistentEmptyWorkspace]' started.
Test Case '-[AppBundleTests.TreeNodeTest testUserFacingWorkspacesIncludePersistentEmptyWorkspace]' passed (0.017 seconds).
Test Case '-[AppBundleTests.TreeNodeTest testWorkspaceDisplayNameUsesSidebarDraftFallback]' started.
Test Case '-[AppBundleTests.TreeNodeTest testWorkspaceDisplayNameUsesSidebarDraftFallback]' passed (0.009 seconds).
Test Case '-[AppBundleTests.TreeNodeTest testWorkspaceToLiveFocusSkipsMacosUnconventionalWindows]' started.
Test Case '-[AppBundleTests.TreeNodeTest testWorkspaceToLiveFocusSkipsMacosUnconventionalWindows]' passed (0.000 seconds).
Test Case '-[AppBundleTests.TreeNodeTest testZeroGapsEliminateBordersBetweenSidebarAndTiledWindows]' started.
Test Case '-[AppBundleTests.TreeNodeTest testZeroGapsEliminateBordersBetweenSidebarAndTiledWindows]' passed (0.012 seconds).
Test Suite 'TreeNodeTest' passed at 2026-10-06 17:41:09.411.
	 Executed 47 tests, with 0 failures (0 unexpected) in 0.332 (0.336) seconds
Test Suite 'WindowDropIntentResolverTest' started at 2026-10-06 17:41:09.411.
Test Case '-[AppBundleTests.WindowDropIntentResolverTest testActivePreviewRectUsesActiveZoneFrame]' started.
Test Case '-[AppBundleTests.WindowDropIntentResolverTest testActivePreviewRectUsesActiveZoneFrame]' passed (0.000 seconds).
Test Case '-[AppBundleTests.WindowDropIntentResolverTest testRejectsSourceAsTargetAndOutsidePointer]' started.
Test Case '-[AppBundleTests.WindowDropIntentResolverTest testRejectsSourceAsTargetAndOutsidePointer]' passed (0.000 seconds).
Test Case '-[AppBundleTests.WindowDropIntentResolverTest testResolvesBodyZones]' started.
Test Case '-[AppBundleTests.WindowDropIntentResolverTest testResolvesBodyZones]' passed (0.000 seconds).
Test Case '-[AppBundleTests.WindowDropIntentResolverTest testResolvesTopBandAsTabZone]' started.
Test Case '-[AppBundleTests.WindowDropIntentResolverTest testResolvesTopBandAsTabZone]' passed (0.000 seconds).
Test Suite 'WindowDropIntentResolverTest' passed at 2026-10-06 17:41:09.412.
	 Executed 4 tests, with 0 failures (0 unexpected) in 0.001 (0.001) seconds
Test Suite 'WindowFrameUpdateTest' started at 2026-10-06 17:41:09.412.
Test Case '-[AppBundleTests.WindowFrameUpdateTest testCancellationAfterResizeDoesNotApplyStalePosition]' started.
Test Case '-[AppBundleTests.WindowFrameUpdateTest testCancellationAfterResizeDoesNotApplyStalePosition]' passed (0.000 seconds).
Test Case '-[AppBundleTests.WindowFrameUpdateTest testMatchingFrameDoesNotWriteOrDisableAnimations]' started.
Test Case '-[AppBundleTests.WindowFrameUpdateTest testMatchingFrameDoesNotWriteOrDisableAnimations]' passed (0.000 seconds).
Test Case '-[AppBundleTests.WindowFrameUpdateTest testMonitorMoveCorrectsClampedSize]' started.
Test Case '-[AppBundleTests.WindowFrameUpdateTest testMonitorMoveCorrectsClampedSize]' passed (0.000 seconds).
Test Case '-[AppBundleTests.WindowFrameUpdateTest testPositionChangeDoesNotRewriteMatchingSize]' started.
Test Case '-[AppBundleTests.WindowFrameUpdateTest testPositionChangeDoesNotRewriteMatchingSize]' passed (0.000 seconds).
Test Case '-[AppBundleTests.WindowFrameUpdateTest testResizeDoesNotWritePositionUnlessResizeMovedIt]' started.
Test Case '-[AppBundleTests.WindowFrameUpdateTest testResizeDoesNotWritePositionUnlessResizeMovedIt]' passed (0.000 seconds).
Test Suite 'WindowFrameUpdateTest' passed at 2026-10-06 17:41:09.413.
	 Executed 5 tests, with 0 failures (0 unexpected) in 0.001 (0.001) seconds
Test Suite 'WindowLifecycleRefreshTest' started at 2026-10-06 17:41:09.413.
Test Case '-[AppBundleTests.WindowLifecycleRefreshTest testBurstsUnionAppsAndFocusDoesNotBroadenDiscovery]' started.
Test Case '-[AppBundleTests.WindowLifecycleRefreshTest testBurstsUnionAppsAndFocusDoesNotBroadenDiscovery]' passed (0.005 seconds).
Test Case '-[AppBundleTests.WindowLifecycleRefreshTest testGlobalEventWinsOverPendingAppDiscovery]' started.
Test Case '-[AppBundleTests.WindowLifecycleRefreshTest testGlobalEventWinsOverPendingAppDiscovery]' passed (0.001 seconds).
Test Case '-[AppBundleTests.WindowLifecycleRefreshTest testLifecycleSessionPassesScopeToDiscoveryAndNormalization]' started.
Test Case '-[AppBundleTests.WindowLifecycleRefreshTest testLifecycleSessionPassesScopeToDiscoveryAndNormalization]' passed (0.024 seconds).
Test Case '-[AppBundleTests.WindowLifecycleRefreshTest testLightCommandPreservesInterruptedDiscoveryEvenWithoutPostRefresh]' started.
Test Case '-[AppBundleTests.WindowLifecycleRefreshTest testLightCommandPreservesInterruptedDiscoveryEvenWithoutPostRefresh]' passed (0.006 seconds).
Test Case '-[AppBundleTests.WindowLifecycleRefreshTest testNativeStateOfUnrelatedAppIsNotQueriedOrMutated]' started.
Test Case '-[AppBundleTests.WindowLifecycleRefreshTest testNativeStateOfUnrelatedAppIsNotQueriedOrMutated]' passed (0.010 seconds).
Test Case '-[AppBundleTests.WindowLifecycleRefreshTest testOnlyIdentifiedLifecycleEventsUseAppScope]' started.
Test Case '-[AppBundleTests.WindowLifecycleRefreshTest testOnlyIdentifiedLifecycleEventsUseAppScope]' passed (0.000 seconds).
Test Case '-[AppBundleTests.WindowLifecycleRefreshTest testUnrelatedSlowDiscoveryIsExcludedFromLifecycleBarrier]' started.
Test Case '-[AppBundleTests.WindowLifecycleRefreshTest testUnrelatedSlowDiscoveryIsExcludedFromLifecycleBarrier]' passed (0.112 seconds).
Test Case '-[AppBundleTests.WindowLifecycleRefreshTest testWorkspaceAppNotificationsDoNotScanUnrelatedApps]' started.
Test Case '-[AppBundleTests.WindowLifecycleRefreshTest testWorkspaceAppNotificationsDoNotScanUnrelatedApps]' passed (0.000 seconds).
Test Suite 'WindowLifecycleRefreshTest' passed at 2026-10-06 17:41:09.572.
	 Executed 8 tests, with 0 failures (0 unexpected) in 0.159 (0.159) seconds
Test Suite 'WindowMoveMenuTest' started at 2026-10-06 17:41:09.572.
Test Case '-[AppBundleTests.WindowMoveMenuTest testDestinationsIncludeInactiveAndEmptySpacesInSavedOrderWithoutSidebar]' started.
Test Case '-[AppBundleTests.WindowMoveMenuTest testDestinationsIncludeInactiveAndEmptySpacesInSavedOrderWithoutSidebar]' passed (0.005 seconds).
Test Case '-[AppBundleTests.WindowMoveMenuTest testMovingFloatingWindowToAnotherGroupKeepsItFloating]' started.
Test Case '-[AppBundleTests.WindowMoveMenuTest testMovingFloatingWindowToAnotherGroupKeepsItFloating]' passed (0.016 seconds).
Test Case '-[AppBundleTests.WindowMoveMenuTest testMovingOneTabToAnotherSpaceLeavesOtherTabsAndFocusInSource]' started.
Test Case '-[AppBundleTests.WindowMoveMenuTest testMovingOneTabToAnotherSpaceLeavesOtherTabsAndFocusInSource]' passed (0.008 seconds).
Test Case '-[AppBundleTests.WindowMoveMenuTest testViewsDestinationsExcludeStandaloneAppsAndTabsButKeepCombinedAndEmptyNamedGroups]' started.
Test Case '-[AppBundleTests.WindowMoveMenuTest testViewsDestinationsExcludeStandaloneAppsAndTabsButKeepCombinedAndEmptyNamedGroups]' passed (0.009 seconds).
Test Suite 'WindowMoveMenuTest' passed at 2026-10-06 17:41:09.610.
	 Executed 4 tests, with 0 failures (0 unexpected) in 0.037 (0.038) seconds
Test Suite 'WindowShakeGestureTest' started at 2026-10-06 17:41:09.610.
Test Case '-[AppBundleTests.WindowShakeGestureTest testLongPauseResetsGestureWindow]' started.
Test Case '-[AppBundleTests.WindowShakeGestureTest testLongPauseResetsGestureWindow]' passed (0.000 seconds).
Test Case '-[AppBundleTests.WindowShakeGestureTest testOnlyDirectWindowMoveSessionsCanRecognizeShake]' started.
Test Case '-[AppBundleTests.WindowShakeGestureTest testOnlyDirectWindowMoveSessionsCanRecognizeShake]' passed (0.000 seconds).
Test Case '-[AppBundleTests.WindowShakeGestureTest testRecognizesFourDeliberateHorizontalStrokes]' started.
Test Case '-[AppBundleTests.WindowShakeGestureTest testRecognizesFourDeliberateHorizontalStrokes]' passed (0.000 seconds).
Test Case '-[AppBundleTests.WindowShakeGestureTest testRejectsOrdinaryDragWithSmallDirectionCorrections]' started.
Test Case '-[AppBundleTests.WindowShakeGestureTest testRejectsOrdinaryDragWithSmallDirectionCorrections]' passed (0.000 seconds).
Test Case '-[AppBundleTests.WindowShakeGestureTest testRejectsVerticalDominantMovement]' started.
Test Case '-[AppBundleTests.WindowShakeGestureTest testRejectsVerticalDominantMovement]' passed (0.000 seconds).
Test Suite 'WindowShakeGestureTest' passed at 2026-10-06 17:41:09.611.
	 Executed 5 tests, with 0 failures (0 unexpected) in 0.001 (0.001) seconds
Test Suite 'WindowShakeLayoutToggleTest' started at 2026-10-06 17:41:09.611.
Test Case '-[AppBundleTests.WindowShakeLayoutToggleTest testDisabledShakeConfigAndFloatingMoveSessionLifecycle]' started.
Test Case '-[AppBundleTests.WindowShakeLayoutToggleTest testDisabledShakeConfigAndFloatingMoveSessionLifecycle]' passed (0.022 seconds).
Test Case '-[AppBundleTests.WindowShakeLayoutToggleTest testDriverRecognizesOncePerGrabClearsPendingIntentAndHonorsCooldown]' started.
Test Case '-[AppBundleTests.WindowShakeLayoutToggleTest testDriverRecognizesOncePerGrabClearsPendingIntentAndHonorsCooldown]' passed (0.015 seconds).
Test Case '-[AppBundleTests.WindowShakeLayoutToggleTest testShakeRetileFallsBackWhenOriginalContainerWasRemoved]' started.
Test Case '-[AppBundleTests.WindowShakeLayoutToggleTest testShakeRetileFallsBackWhenOriginalContainerWasRemoved]' passed (0.013 seconds).
Test Case '-[AppBundleTests.WindowShakeLayoutToggleTest testShakeStateDoesNotLeakWhenWindowIdIsReused]' started.
Test Case '-[AppBundleTests.WindowShakeLayoutToggleTest testShakeStateDoesNotLeakWhenWindowIdIsReused]' passed (0.011 seconds).
Test Case '-[AppBundleTests.WindowShakeLayoutToggleTest testShakeToggleRestoresSurvivingTilingPlacement]' started.
Test Case '-[AppBundleTests.WindowShakeLayoutToggleTest testShakeToggleRestoresSurvivingTilingPlacement]' passed (0.014 seconds).
Test Suite 'WindowShakeLayoutToggleTest' passed at 2026-10-06 17:41:09.687.
	 Executed 5 tests, with 0 failures (0 unexpected) in 0.075 (0.075) seconds
Test Suite 'WindowTabPanelRetentionTest' started at 2026-10-06 17:41:09.687.
Test Case '-[AppBundleTests.WindowTabPanelRetentionTest testHiddenLiveGroupKeepsItsPanelsAndDeletedGroupReleasesThem]' started.
Test Case '-[AppBundleTests.WindowTabPanelRetentionTest testHiddenLiveGroupKeepsItsPanelsAndDeletedGroupReleasesThem]' passed (0.010 seconds).
Test Case '-[AppBundleTests.WindowTabPanelRetentionTest testVisualContentTracksLocalOcclusionWithoutDependingOnSelectedTab]' started.
Test Case '-[AppBundleTests.WindowTabPanelRetentionTest testVisualContentTracksLocalOcclusionWithoutDependingOnSelectedTab]' passed (0.006 seconds).
Test Suite 'WindowTabPanelRetentionTest' passed at 2026-10-06 17:41:09.702.
	 Executed 2 tests, with 0 failures (0 unexpected) in 0.015 (0.015) seconds
Test Suite 'WindowTabStripMousePolicyTest' started at 2026-10-06 17:41:09.702.
Test Case '-[AppBundleTests.WindowTabStripMousePolicyTest testExternalSuppressionStillDisablesExposedTabs]' started.
Test Case '-[AppBundleTests.WindowTabStripMousePolicyTest testExternalSuppressionStillDisablesExposedTabs]' passed (0.003 seconds).
Test Case '-[AppBundleTests.WindowTabStripMousePolicyTest testFloatingWindowBelowStripDoesNotDisableTabs]' started.
Test Case '-[AppBundleTests.WindowTabStripMousePolicyTest testFloatingWindowBelowStripDoesNotDisableTabs]' passed (0.003 seconds).
Test Case '-[AppBundleTests.WindowTabStripMousePolicyTest testPartialFloatingOverlapKeepsExposedTabsClickable]' started.
Test Case '-[AppBundleTests.WindowTabStripMousePolicyTest testPartialFloatingOverlapKeepsExposedTabsClickable]' passed (0.003 seconds).
Test Case '-[AppBundleTests.WindowTabStripMousePolicyTest testTabDetachKeepsExposedTabsInteractive]' started.
Test Case '-[AppBundleTests.WindowTabStripMousePolicyTest testTabDetachKeepsExposedTabsInteractive]' passed (0.003 seconds).
Test Case '-[AppBundleTests.WindowTabStripMousePolicyTest testWindowDragSuppressionStillDisablesTabs]' started.
Test Case '-[AppBundleTests.WindowTabStripMousePolicyTest testWindowDragSuppressionStillDisablesTabs]' passed (0.003 seconds).
Test Suite 'WindowTabStripMousePolicyTest' passed at 2026-10-06 17:41:09.718.
	 Executed 5 tests, with 0 failures (0 unexpected) in 0.015 (0.016) seconds
Test Suite 'WindowTabsTest' started at 2026-10-06 17:41:09.718.
Test Case '-[AppBundleTests.WindowTabsTest testAppendWindowToExistingTabStack]' started.
Test Case '-[AppBundleTests.WindowTabsTest testAppendWindowToExistingTabStack]' passed (0.004 seconds).
Test Case '-[AppBundleTests.WindowTabsTest testApplyWindowStackSplitDragIntentRejectsDraggingTabGroupBesideItsOwnTab]' started.
Test Case '-[AppBundleTests.WindowTabsTest testApplyWindowStackSplitDragIntentRejectsDraggingTabGroupBesideItsOwnTab]' passed (0.003 seconds).
Test Case '-[AppBundleTests.WindowTabsTest testApplyWindowStackSplitDragIntentReordersWithinExistingSameAxisParentWhenNeeded]' started.
Test Case '-[AppBundleTests.WindowTabsTest testApplyWindowStackSplitDragIntentReordersWithinExistingSameAxisParentWhenNeeded]' passed (0.010 seconds).
Test Case '-[AppBundleTests.WindowTabsTest testApplyWindowStackSplitDragIntentSupportsRootTabGroupSelfTarget]' started.
Test Case '-[AppBundleTests.WindowTabsTest testApplyWindowStackSplitDragIntentSupportsRootTabGroupSelfTarget]' passed (0.010 seconds).
Test Case '-[AppBundleTests.WindowTabsTest testApplyWindowStackSplitDragIntentUsesExistingHorizontalAncestorForNestedTargetBranch]' started.
Test Case '-[AppBundleTests.WindowTabsTest testApplyWindowStackSplitDragIntentUsesExistingHorizontalAncestorForNestedTargetBranch]' passed (0.010 seconds).
Test Case '-[AppBundleTests.WindowTabsTest testApplyWindowStackSplitDragIntentUsesExistingHorizontalParentToCreateMiddleColumn]' started.
Test Case '-[AppBundleTests.WindowTabsTest testApplyWindowStackSplitDragIntentUsesExistingHorizontalParentToCreateMiddleColumn]' passed (0.009 seconds).
Test Case '-[AppBundleTests.WindowTabsTest testApplyWindowStackSplitDragIntentUsesExistingVerticalParentWhenPossible]' started.
Test Case '-[AppBundleTests.WindowTabsTest testApplyWindowStackSplitDragIntentUsesExistingVerticalParentWhenPossible]' passed (0.010 seconds).
Test Case '-[AppBundleTests.WindowTabsTest testApplyWindowStackSplitDragIntentWrapsTargetAndPlacesDraggedWindowAbove]' started.
Test Case '-[AppBundleTests.WindowTabsTest testApplyWindowStackSplitDragIntentWrapsTargetAndPlacesDraggedWindowAbove]' passed (0.010 seconds).
Test Case '-[AppBundleTests.WindowTabsTest testApplyWindowStackSplitDragIntentWrapsTargetAndPlacesDraggedWindowLeft]' started.
Test Case '-[AppBundleTests.WindowTabsTest testApplyWindowStackSplitDragIntentWrapsTargetAndPlacesDraggedWindowLeft]' passed (0.010 seconds).
Test Case '-[AppBundleTests.WindowTabsTest testApplyWindowSwapDragIntentFocusesDraggedTabGroupRepresentative]' started.
Test Case '-[AppBundleTests.WindowTabsTest testApplyWindowSwapDragIntentFocusesDraggedTabGroupRepresentative]' passed (0.010 seconds).
Test Case '-[AppBundleTests.WindowTabsTest testApplyWindowSwapDragIntentFocusesDraggedWindow]' started.
Test Case '-[AppBundleTests.WindowTabsTest testApplyWindowSwapDragIntentFocusesDraggedWindow]' passed (0.010 seconds).
Test Case '-[AppBundleTests.WindowTabsTest testApplyWindowSwapDragIntentRejectsDraggingTabGroupOntoItsOwnTab]' started.
Test Case '-[AppBundleTests.WindowTabsTest testApplyWindowSwapDragIntentRejectsDraggingTabGroupOntoItsOwnTab]' passed (0.003 seconds).
Test Case '-[AppBundleTests.WindowTabsTest testApplyWindowSwapDragIntentRejectsSelfTabGroupTabStripDrags]' started.
Test Case '-[AppBundleTests.WindowTabsTest testApplyWindowSwapDragIntentRejectsSelfTabGroupTabStripDrags]' passed (0.003 seconds).
Test Case '-[AppBundleTests.WindowTabsTest testBeginWindowMoveSessionClearsPreviousWindowAnchorWhenDragSourceChanges]' started.
Test Case '-[AppBundleTests.WindowTabsTest testBeginWindowMoveSessionClearsPreviousWindowAnchorWhenDragSourceChanges]' passed (0.003 seconds).
Test Case '-[AppBundleTests.WindowTabsTest testBeginWindowMoveSessionPreservesAnchorRectAcrossRepeatedCallbacks]' started.
Test Case '-[AppBundleTests.WindowTabsTest testBeginWindowMoveSessionPreservesAnchorRectAcrossRepeatedCallbacks]' passed (0.003 seconds).
Test Case '-[AppBundleTests.WindowTabsTest testCompositedGroupPreviewOnlyRunsForTabStripOriginatedGroupDrags]' started.
Test Case '-[AppBundleTests.WindowTabsTest testCompositedGroupPreviewOnlyRunsForTabStripOriginatedGroupDrags]' passed (0.000 seconds).
Test Case '-[AppBundleTests.WindowTabsTest testCreateTabStackFromTwoSiblingWindows]' started.
Test Case '-[AppBundleTests.WindowTabsTest testCreateTabStackFromTwoSiblingWindows]' passed (0.009 seconds).
Test Case '-[AppBundleTests.WindowTabsTest testCrossWorkspaceBodyMovePreservesFloatingSourceLayout]' started.
Test Case '-[AppBundleTests.WindowTabsTest testCrossWorkspaceBodyMovePreservesFloatingSourceLayout]' passed (0.006 seconds).
Test Case '-[AppBundleTests.WindowTabsTest testCrossWorkspaceDragOverTargetWindowOffersSurfaceIntent]' started.
Test Case '-[AppBundleTests.WindowTabsTest testCrossWorkspaceDragOverTargetWindowOffersSurfaceIntent]' passed (0.020 seconds).
Test Case '-[AppBundleTests.WindowTabsTest testCrossWorkspaceMoveHintStillWorks]' started.
Test Case '-[AppBundleTests.WindowTabsTest testCrossWorkspaceMoveHintStillWorks]' passed (0.006 seconds).
Test Case '-[AppBundleTests.WindowTabsTest testCrossWorkspaceOverlayDoesNotHideTargetTabGroupChrome]' started.
Test Case '-[AppBundleTests.WindowTabsTest testCrossWorkspaceOverlayDoesNotHideTargetTabGroupChrome]' passed (0.007 seconds).
Test Case '-[AppBundleTests.WindowTabsTest testDetachedTabReentryReordersWithinCurrentTabGroup]' started.
Test Case '-[AppBundleTests.WindowTabsTest testDetachedTabReentryReordersWithinCurrentTabGroup]' passed (0.009 seconds).
Test Case '-[AppBundleTests.WindowTabsTest testDetachedTabStillOffersTabReentryHint]' started.
Test Case '-[AppBundleTests.WindowTabsTest testDetachedTabStillOffersTabReentryHint]' passed (0.019 seconds).
Test Case '-[AppBundleTests.WindowTabsTest testFocusAfterWindowClosureFallsBackToPreviousPreviousFocusAfterInterimFallbackFocus]' started.
Test Case '-[AppBundleTests.WindowTabsTest testFocusAfterWindowClosureFallsBackToPreviousPreviousFocusAfterInterimFallbackFocus]' passed (0.003 seconds).
Test Case '-[AppBundleTests.WindowTabsTest testFocusAfterWindowClosurePrefersPreviousActiveTabOverMacOsFallback]' started.
Test Case '-[AppBundleTests.WindowTabsTest testFocusAfterWindowClosurePrefersPreviousActiveTabOverMacOsFallback]' passed (0.006 seconds).
Test Case '-[AppBundleTests.WindowTabsTest testFocusAfterWindowClosurePrefersSnapshotCloseFallbackOverProvisionalSameAppFocus]' started.
Test Case '-[AppBundleTests.WindowTabsTest testFocusAfterWindowClosurePrefersSnapshotCloseFallbackOverProvisionalSameAppFocus]' passed (0.006 seconds).
Test Case '-[AppBundleTests.WindowTabsTest testFocusAfterWindowClosurePrefersSnapshotPreviousFocusOverFallbackTabInSameGroup]' started.
Test Case '-[AppBundleTests.WindowTabsTest testFocusAfterWindowClosurePrefersSnapshotPreviousFocusOverFallbackTabInSameGroup]' passed (0.006 seconds).
Test Case '-[AppBundleTests.WindowTabsTest testFocusAfterWindowClosurePrefersSnapshotPreviousPreviousFocusOverFallbackTabWhenClosingTransientWindow]' started.
Test Case '-[AppBundleTests.WindowTabsTest testFocusAfterWindowClosurePrefersSnapshotPreviousPreviousFocusOverFallbackTabWhenClosingTransientWindow]' passed (0.006 seconds).
Test Case '-[AppBundleTests.WindowTabsTest testFocusAfterWindowClosureUsesPreFallbackWorkspaceCandidateWhenHistoryIsStale]' started.
Test Case '-[AppBundleTests.WindowTabsTest testFocusAfterWindowClosureUsesPreFallbackWorkspaceCandidateWhenHistoryIsStale]' passed (0.006 seconds).
Test Case '-[AppBundleTests.WindowTabsTest testFocusAfterWindowClosureUsesRefreshSnapshotWhenPrevFocusWasOverwritten]' started.
Test Case '-[AppBundleTests.WindowTabsTest testFocusAfterWindowClosureUsesRefreshSnapshotWhenPrevFocusWasOverwritten]' passed (0.006 seconds).
Test Case '-[AppBundleTests.WindowTabsTest testFullscreenActiveTabHidesTabStrip]' started.
Test Case '-[AppBundleTests.WindowTabsTest testFullscreenActiveTabHidesTabStrip]' passed (0.006 seconds).
Test Case '-[AppBundleTests.WindowTabsTest testFullscreenWindowInTabGroupHidesChromeAndCoversSiblingWindows]' started.
Test Case '-[AppBundleTests.WindowTabsTest testFullscreenWindowInTabGroupHidesChromeAndCoversSiblingWindows]' passed (0.009 seconds).
Test Case '-[AppBundleTests.WindowTabsTest testGroupDragDoesNotOfferSplitHintAgainstItsOwnTab]' started.
Test Case '-[AppBundleTests.WindowTabsTest testGroupDragDoesNotOfferSplitHintAgainstItsOwnTab]' passed (0.006 seconds).
Test Case '-[AppBundleTests.WindowTabsTest testGroupDragDoesNotOfferSwapHintAgainstItsOwnTab]' started.
Test Case '-[AppBundleTests.WindowTabsTest testGroupDragDoesNotOfferSwapHintAgainstItsOwnTab]' passed (0.005 seconds).
Test Case '-[AppBundleTests.WindowTabsTest testHudPanelBaseDoesNotPaintSystemHudBackdrop]' started.
Test Case '-[AppBundleTests.WindowTabsTest testHudPanelBaseDoesNotPaintSystemHudBackdrop]' passed (0.002 seconds).
Test Case '-[AppBundleTests.WindowTabsTest testManagedTabGroupLayoutInsetsActiveWindowInsideTabShell]' started.
Test Case '-[AppBundleTests.WindowTabsTest testManagedTabGroupLayoutInsetsActiveWindowInsideTabShell]' passed (0.006 seconds).
Test Case '-[AppBundleTests.WindowTabsTest testMovedObsIgnoresManagedGroupBodyDragSession]' started.
Test Case '-[AppBundleTests.WindowTabsTest testMovedObsIgnoresManagedGroupBodyDragSession]' passed (0.000 seconds).
Test Case '-[AppBundleTests.WindowTabsTest testMovedObsIgnoresSidebarManagedDragSession]' started.
Test Case '-[AppBundleTests.WindowTabsTest testMovedObsIgnoresSidebarManagedDragSession]' passed (0.000 seconds).
Test Case '-[AppBundleTests.WindowTabsTest testMovedObsIgnoresTabStripDetachDragSession]' started.
Test Case '-[AppBundleTests.WindowTabsTest testMovedObsIgnoresTabStripDetachDragSession]' passed (0.000 seconds).
Test Case '-[AppBundleTests.WindowTabsTest testMovedObsKeepsNormalBodyDragSessionActive]' started.
Test Case '-[AppBundleTests.WindowTabsTest testMovedObsKeepsNormalBodyDragSessionActive]' passed (0.000 seconds).
Test Case '-[AppBundleTests.WindowTabsTest testNativeFocusShortcutIsDisabledForTabbedLogicalWindows]' started.
Test Case '-[AppBundleTests.WindowTabsTest testNativeFocusShortcutIsDisabledForTabbedLogicalWindows]' passed (0.000 seconds).
Test Case '-[AppBundleTests.WindowTabsTest testPinnedDraggedWindowRectFallsBackWhenWindowRectMissing]' started.
Test Case '-[AppBundleTests.WindowTabsTest testPinnedDraggedWindowRectFallsBackWhenWindowRectMissing]' passed (0.003 seconds).
Test Case '-[AppBundleTests.WindowTabsTest testPinnedDraggedWindowRectUsesWindowRectForGroupSidebarDrag]' started.
Test Case '-[AppBundleTests.WindowTabsTest testPinnedDraggedWindowRectUsesWindowRectForGroupSidebarDrag]' passed (0.003 seconds).
Test Case '-[AppBundleTests.WindowTabsTest testRemoveWindowFromNestedTabStack]' started.
Test Case '-[AppBundleTests.WindowTabsTest testRemoveWindowFromNestedTabStack]' passed (0.014 seconds).
Test Case '-[AppBundleTests.WindowTabsTest testRemoveWindowFromNestedTwoTabStackFlattensDeadTabGroup]' started.
Test Case '-[AppBundleTests.WindowTabsTest testRemoveWindowFromNestedTwoTabStackFlattensDeadTabGroup]' passed (0.014 seconds).
Test Case '-[AppBundleTests.WindowTabsTest testRemoveWindowFromRootTabStackPreservesRemainingActiveTab]' started.
Test Case '-[AppBundleTests.WindowTabsTest testRemoveWindowFromRootTabStackPreservesRemainingActiveTab]' passed (0.015 seconds).
Test Case '-[AppBundleTests.WindowTabsTest testResizePreviewCreatesSurfaceForEveryPassivePane]' started.
Test Case '-[AppBundleTests.WindowTabsTest testResizePreviewCreatesSurfaceForEveryPassivePane]' passed (0.003 seconds).
Test Case '-[AppBundleTests.WindowTabsTest testResizePreviewStopsBeforeTiledSiblingWouldOverlap]' started.
Test Case '-[AppBundleTests.WindowTabsTest testResizePreviewStopsBeforeTiledSiblingWouldOverlap]' passed (0.006 seconds).
Test Case '-[AppBundleTests.WindowTabsTest testResizePreviewWeightMapDoesNotMutateWeightsUntilCommit]' started.
Test Case '-[AppBundleTests.WindowTabsTest testResizePreviewWeightMapDoesNotMutateWeightsUntilCommit]' passed (0.003 seconds).
Test Case '-[AppBundleTests.WindowTabsTest testResolvedDraggedWindowAnchorRectUsesWholeGroupForGroupDrag]' started.
Test Case '-[AppBundleTests.WindowTabsTest testResolvedDraggedWindowAnchorRectUsesWholeGroupForGroupDrag]' passed (0.006 seconds).
Test Case '-[AppBundleTests.WindowTabsTest testResolvedSplitPreviewUsesAncestorBranchRectForSameAxisNestedInsertions]' started.
Test Case '-[AppBundleTests.WindowTabsTest testResolvedSplitPreviewUsesAncestorBranchRectForSameAxisNestedInsertions]' passed (0.003 seconds).
Test Case '-[AppBundleTests.WindowTabsTest testResolvedSplitPreviewUsesVisibleBranchBoundsWhenSiblingOverflowsLayoutSlot]' started.
Test Case '-[AppBundleTests.WindowTabsTest testResolvedSplitPreviewUsesVisibleBranchBoundsWhenSiblingOverflowsLayoutSlot]' passed (0.003 seconds).
Test Case '-[AppBundleTests.WindowTabsTest testResolveWindowDragActualRectKeepsCachedOverflowWhenCandidateMatchesLayout]' started.
Test Case '-[AppBundleTests.WindowTabsTest testResolveWindowDragActualRectKeepsCachedOverflowWhenCandidateMatchesLayout]' passed (0.000 seconds).
Test Case '-[AppBundleTests.WindowTabsTest testSameTabGroupMiddleIntentKeepsTheOverlayVisible]' started.
Test Case '-[AppBundleTests.WindowTabsTest testSameTabGroupMiddleIntentKeepsTheOverlayVisible]' passed (0.003 seconds).
Test Case '-[AppBundleTests.WindowTabsTest testSameTabGroupOverlayDoesNotHideOwnTabGroupChrome]' started.
Test Case '-[AppBundleTests.WindowTabsTest testSameTabGroupOverlayDoesNotHideOwnTabGroupChrome]' passed (0.007 seconds).
Test Case '-[AppBundleTests.WindowTabsTest testSameTabGroupTabInsertTargetIsSuppressedForDetachDrags]' started.
Test Case '-[AppBundleTests.WindowTabsTest testSameTabGroupTabInsertTargetIsSuppressedForDetachDrags]' passed (0.003 seconds).
Test Case '-[AppBundleTests.WindowTabsTest testSameTabGroupTabStripReentryPrioritizesTabTakeBackIntent]' started.
Test Case '-[AppBundleTests.WindowTabsTest testSameTabGroupTabStripReentryPrioritizesTabTakeBackIntent]' passed (0.007 seconds).
Test Case '-[AppBundleTests.WindowTabsTest testSameWorkspaceOverlayDoesNotHideTargetTabGroupChrome]' started.
Test Case '-[AppBundleTests.WindowTabsTest testSameWorkspaceOverlayDoesNotHideTargetTabGroupChrome]' passed (0.007 seconds).
Test Case '-[AppBundleTests.WindowTabsTest testSplitPreviewRectsStayFlushWithTheInternalSplitSeam]' started.
Test Case '-[AppBundleTests.WindowTabsTest testSplitPreviewRectsStayFlushWithTheInternalSplitSeam]' passed (0.003 seconds).
Test Case '-[AppBundleTests.WindowTabsTest testStickySwapHintDoesNotSurviveTargetGeometryChanges]' started.
Test Case '-[AppBundleTests.WindowTabsTest testStickySwapHintDoesNotSurviveTargetGeometryChanges]' passed (0.011 seconds).
Test Case '-[AppBundleTests.WindowTabsTest testStickySwapHintDoesNotSurviveTargetRemoval]' started.
Test Case '-[AppBundleTests.WindowTabsTest testStickySwapHintDoesNotSurviveTargetRemoval]' passed (0.007 seconds).
Test Case '-[AppBundleTests.WindowTabsTest testStickyTabInsertHintDoesNotSurviveTargetGeometryChanges]' started.
Test Case '-[AppBundleTests.WindowTabsTest testStickyTabInsertHintDoesNotSurviveTargetGeometryChanges]' passed (0.005 seconds).
Test Case '-[AppBundleTests.WindowTabsTest testStickyTabInsertHintDoesNotSurviveTargetRemoval]' started.
Test Case '-[AppBundleTests.WindowTabsTest testStickyTabInsertHintDoesNotSurviveTargetRemoval]' passed (0.007 seconds).
Test Case '-[AppBundleTests.WindowTabsTest testStickyTabInsertHintDoesNotSurviveWindowTabsBeingDisabled]' started.
Test Case '-[AppBundleTests.WindowTabsTest testStickyTabInsertHintDoesNotSurviveWindowTabsBeingDisabled]' passed (0.004 seconds).
Test Case '-[AppBundleTests.WindowTabsTest testStickyWindowDragIntentDisabledForDetachPreview]' started.
Test Case '-[AppBundleTests.WindowTabsTest testStickyWindowDragIntentDisabledForDetachPreview]' passed (0.000 seconds).
Test Case '-[AppBundleTests.WindowTabsTest testStickyWindowDragIntentEnabledForTabInsertAndSwapPreviews]' started.
Test Case '-[AppBundleTests.WindowTabsTest testStickyWindowDragIntentEnabledForTabInsertAndSwapPreviews]' passed (0.000 seconds).
Test Case '-[AppBundleTests.WindowTabsTest testSwapDestinationGateAllowsTiledWindowSource]' started.
Test Case '-[AppBundleTests.WindowTabsTest testSwapDestinationGateAllowsTiledWindowSource]' passed (0.003 seconds).
Test Case '-[AppBundleTests.WindowTabsTest testSwapDestinationIsSuppressedForFloatingWindowSource]' started.
Test Case '-[AppBundleTests.WindowTabsTest testSwapDestinationIsSuppressedForFloatingWindowSource]' passed (0.003 seconds).
Test Case '-[AppBundleTests.WindowTabsTest testSwapNodesKeepsDraggedSourceMostRecentWhenMovingBackward]' started.
Test Case '-[AppBundleTests.WindowTabsTest testSwapNodesKeepsDraggedSourceMostRecentWhenMovingBackward]' passed (0.009 seconds).
Test Case '-[AppBundleTests.WindowTabsTest testSwapNodesPreservesDestinationSlotWeights]' started.
Test Case '-[AppBundleTests.WindowTabsTest testSwapNodesPreservesDestinationSlotWeights]' passed (0.009 seconds).
Test Case '-[AppBundleTests.WindowTabsTest testTabDetachKeepRectsDifferentiateWindowAndTabStripDrags]' started.
Test Case '-[AppBundleTests.WindowTabsTest testTabDetachKeepRectsDifferentiateWindowAndTabStripDrags]' passed (0.003 seconds).
Test Case '-[AppBundleTests.WindowTabsTest testTabGroupDropAndSwapZonesDoNotOverlap]' started.
Test Case '-[AppBundleTests.WindowTabsTest testTabGroupDropAndSwapZonesDoNotOverlap]' passed (0.003 seconds).
Test Case '-[AppBundleTests.WindowTabsTest testTabGroupResizeChromeFrameDerivesFromActiveWindowContentFrame]' started.
Test Case '-[AppBundleTests.WindowTabsTest testTabGroupResizeChromeFrameDerivesFromActiveWindowContentFrame]' passed (0.000 seconds).
Test Case '-[AppBundleTests.WindowTabsTest testTabGroupSwapZoneKeepsBodyActive]' started.
Test Case '-[AppBundleTests.WindowTabsTest testTabGroupSwapZoneKeepsBodyActive]' passed (0.003 seconds).
Test Case '-[AppBundleTests.WindowTabsTest testTabGroupTabBarUsesAppliedContainerFrame]' started.
Test Case '-[AppBundleTests.WindowTabsTest testTabGroupTabBarUsesAppliedContainerFrame]' passed (0.003 seconds).
Test Case '-[AppBundleTests.WindowTabsTest testTabGroupTabInsertAndTopSplitIntentZonesTouchWithoutDeadBand]' started.
Test Case '-[AppBundleTests.WindowTabsTest testTabGroupTabInsertAndTopSplitIntentZonesTouchWithoutDeadBand]' passed (0.003 seconds).
Test Case '-[AppBundleTests.WindowTabsTest testTabInsertAndTopSplitIntentZonesTouchWithoutDeadBand]' started.
Test Case '-[AppBundleTests.WindowTabsTest testTabInsertAndTopSplitIntentZonesTouchWithoutDeadBand]' passed (0.003 seconds).
Test Case '-[AppBundleTests.WindowTabsTest testTabInsertPreviewRectStaysFlushWithBottomEdgeOfTabBand]' started.
Test Case '-[AppBundleTests.WindowTabsTest testTabInsertPreviewRectStaysFlushWithBottomEdgeOfTabBand]' passed (0.003 seconds).
Test Case '-[AppBundleTests.WindowTabsTest testTabInsertWindowDragIntentKindTracksWindowTabsFeatureFlag]' started.
Test Case '-[AppBundleTests.WindowTabsTest testTabInsertWindowDragIntentKindTracksWindowTabsFeatureFlag]' passed (0.000 seconds).
Test Case '-[AppBundleTests.WindowTabsTest testTabStackOntoHiddenTabbedWindowUsesGroupContentRect]' started.
Test Case '-[AppBundleTests.WindowTabsTest testTabStackOntoHiddenTabbedWindowUsesGroupContentRect]' passed (0.006 seconds).
Test Case '-[AppBundleTests.WindowTabsTest testTabStripOriginatedDragKeepsTabStripMouseEventsEnabled]' started.
Test Case '-[AppBundleTests.WindowTabsTest testTabStripOriginatedDragKeepsTabStripMouseEventsEnabled]' passed (0.000 seconds).
Test Case '-[AppBundleTests.WindowTabsTest testTabStripReentrySourceVisualOffsetTracksPointerSmoothly]' started.
Test Case '-[AppBundleTests.WindowTabsTest testTabStripReentrySourceVisualOffsetTracksPointerSmoothly]' passed (0.000 seconds).
Test Case '-[AppBundleTests.WindowTabsTest testTabStripReentryTargetIndexAdjustsForSourceRemovalWhenDraggingBackward]' started.
Test Case '-[AppBundleTests.WindowTabsTest testTabStripReentryTargetIndexAdjustsForSourceRemovalWhenDraggingBackward]' passed (0.000 seconds).
Test Case '-[AppBundleTests.WindowTabsTest testTabStripReentryTargetIndexTracksPointerPosition]' started.
Test Case '-[AppBundleTests.WindowTabsTest testTabStripReentryTargetIndexTracksPointerPosition]' passed (0.000 seconds).
Test Case '-[AppBundleTests.WindowTabsTest testWindowAndTabGroupTabInsertZonesUseSameTopBarShape]' started.
Test Case '-[AppBundleTests.WindowTabsTest testWindowAndTabGroupTabInsertZonesUseSameTopBarShape]' passed (0.003 seconds).
Test Case '-[AppBundleTests.WindowTabsTest testWindowDragTargetLookupCanExcludeDraggedSourceWindowFromOverlapHitTesting]' started.
Test Case '-[AppBundleTests.WindowTabsTest testWindowDragTargetLookupCanExcludeDraggedSourceWindowFromOverlapHitTesting]' passed (0.003 seconds).
Test Case '-[AppBundleTests.WindowTabsTest testWindowDragTargetLookupUsesSiblingTabWhenActiveTabIsExcluded]' started.
Test Case '-[AppBundleTests.WindowTabsTest testWindowDragTargetLookupUsesSiblingTabWhenActiveTabIsExcluded]' passed (0.003 seconds).
Test Case '-[AppBundleTests.WindowTabsTest testWindowDropAndSwapZonesDoNotOverlap]' started.
Test Case '-[AppBundleTests.WindowTabsTest testWindowDropAndSwapZonesDoNotOverlap]' passed (0.003 seconds).
Test Case '-[AppBundleTests.WindowTabsTest testWindowDropIntentResolverUsesFullHeightSideBandsAndCenteredVerticalBands]' started.
Test Case '-[AppBundleTests.WindowTabsTest testWindowDropIntentResolverUsesFullHeightSideBandsAndCenteredVerticalBands]' passed (0.003 seconds).
Test Case '-[AppBundleTests.WindowTabsTest testWindowSplitZonesWrapCenteredSwapZoneWithoutTouchingTabDropZone]' started.
Test Case '-[AppBundleTests.WindowTabsTest testWindowSplitZonesWrapCenteredSwapZoneWithoutTouchingTabDropZone]' passed (0.003 seconds).
Test Case '-[AppBundleTests.WindowTabsTest testWindowStackSplitAvailabilityAllowsMiddleColumnFromDifferentBranch]' started.
Test Case '-[AppBundleTests.WindowTabsTest testWindowStackSplitAvailabilityAllowsMiddleColumnFromDifferentBranch]' passed (0.003 seconds).
Test Case '-[AppBundleTests.WindowTabsTest testWindowStackSplitAvailabilityAlwaysOffersAllFourBodyDirections]' started.
Test Case '-[AppBundleTests.WindowTabsTest testWindowStackSplitAvailabilityAlwaysOffersAllFourBodyDirections]' passed (0.003 seconds).
Test Case '-[AppBundleTests.WindowTabsTest testWindowSwapZoneKeepsCenterActive]' started.
Test Case '-[AppBundleTests.WindowTabsTest testWindowSwapZoneKeepsCenterActive]' passed (0.003 seconds).
Test Case '-[AppBundleTests.WindowTabsTest testWindowTabLocalOcclusionRectsConvertScreenCoordinatesToPanelCoordinates]' started.
Test Case '-[AppBundleTests.WindowTabsTest testWindowTabLocalOcclusionRectsConvertScreenCoordinatesToPanelCoordinates]' passed (0.000 seconds).
Test Case '-[AppBundleTests.WindowTabsTest testWindowTabStripDragInProgressIgnoresRegularWindowMove]' started.
Test Case '-[AppBundleTests.WindowTabsTest testWindowTabStripDragInProgressIgnoresRegularWindowMove]' passed (0.000 seconds).
Test Case '-[AppBundleTests.WindowTabsTest testWindowTabStripDragInProgressRecognizesDetachedTabDrag]' started.
Test Case '-[AppBundleTests.WindowTabsTest testWindowTabStripDragInProgressRecognizesDetachedTabDrag]' passed (0.000 seconds).
Test Case '-[AppBundleTests.WindowTabsTest testWindowTabStripDragInProgressRecognizesGroupDrag]' started.
Test Case '-[AppBundleTests.WindowTabsTest testWindowTabStripDragInProgressRecognizesGroupDrag]' passed (0.000 seconds).
Test Case '-[AppBundleTests.WindowTabsTest testWindowTabStripGroupDragDefersToDetachedTabDrag]' started.
Test Case '-[AppBundleTests.WindowTabsTest testWindowTabStripGroupDragDefersToDetachedTabDrag]' passed (0.003 seconds).
Test Case '-[AppBundleTests.WindowTabsTest testWindowTabStripGroupDragEndIsIgnoredForDetachedTabDrags]' started.
Test Case '-[AppBundleTests.WindowTabsTest testWindowTabStripGroupDragEndIsIgnoredForDetachedTabDrags]' passed (0.000 seconds).
Test Case '-[AppBundleTests.WindowTabsTest testWindowTabStripGroupDragEndRunsForGroupDrags]' started.
Test Case '-[AppBundleTests.WindowTabsTest testWindowTabStripGroupDragEndRunsForGroupDrags]' passed (0.000 seconds).
Test Case '-[AppBundleTests.WindowTabsTest testWindowTabStripLayoutMatchesNextChromeMetrics]' started.
Test Case '-[AppBundleTests.WindowTabsTest testWindowTabStripLayoutMatchesNextChromeMetrics]' passed (0.000 seconds).
Test Case '-[AppBundleTests.WindowTabsTest testWindowTabStripLeadingFadeOnlyAppearsAfterScrollingFromLeftEdge]' started.
Test Case '-[AppBundleTests.WindowTabsTest testWindowTabStripLeadingFadeOnlyAppearsAfterScrollingFromLeftEdge]' passed (0.000 seconds).
Test Case '-[AppBundleTests.WindowTabsTest testWindowTabStripScrollBackgroundDragIgnoresTabPills]' started.
Test Case '-[AppBundleTests.WindowTabsTest testWindowTabStripScrollBackgroundDragIgnoresTabPills]' passed (0.000 seconds).
Test Case '-[AppBundleTests.WindowTabsTest testWindowTabStripTrailingFadeTracksScrollableContent]' started.
Test Case '-[AppBundleTests.WindowTabsTest testWindowTabStripTrailingFadeTracksScrollableContent]' passed (0.000 seconds).
Test Case '-[AppBundleTests.WindowTabsTest testWindowTabStripViewModelTracksFloatingWindowOcclusionSeparatelyForStripAndFrame]' started.
Test Case '-[AppBundleTests.WindowTabsTest testWindowTabStripViewModelTracksFloatingWindowOcclusionSeparatelyForStripAndFrame]' passed (0.000 seconds).
Test Case '-[AppBundleTests.WindowTabsTest testWorkspaceAppendBindingDataWrapsRootTabGroupInsteadOfAppendingAsTab]' started.
Test Case '-[AppBundleTests.WindowTabsTest testWorkspaceAppendBindingDataWrapsRootTabGroupInsteadOfAppendingAsTab]' passed (0.005 seconds).
Test Case '-[AppBundleTests.WindowTabsTest testWorkspaceMoveBindingDataWithoutSwapTargetAppendsInsteadOfPrepending]' started.
Test Case '-[AppBundleTests.WindowTabsTest testWorkspaceMoveBindingDataWithoutSwapTargetAppendsInsteadOfPrepending]' passed (0.008 seconds).
Test Case '-[AppBundleTests.WindowTabsTest testWorkspaceMoveBindingDataWrapsRootTabGroupInsteadOfTargetingWorkspace]' started.
Test Case '-[AppBundleTests.WindowTabsTest testWorkspaceMoveBindingDataWrapsRootTabGroupInsteadOfTargetingWorkspace]' passed (0.009 seconds).
Test Case '-[AppBundleTests.WindowTabsTest testWorkspaceWithFullscreenTabGroupWindowShowsNoTabStrips]' started.
Test Case '-[AppBundleTests.WindowTabsTest testWorkspaceWithFullscreenTabGroupWindowShowsNoTabStrips]' passed (0.006 seconds).
Test Case '-[AppBundleTests.WindowTabsTest testWorkspaceWithFullscreenWindowShowsNoTabStrips]' started.
Test Case '-[AppBundleTests.WindowTabsTest testWorkspaceWithFullscreenWindowShowsNoTabStrips]' passed (0.010 seconds).
Test Suite 'WindowTabsTest' passed at 2026-10-06 17:41:10.257.
	 Executed 110 tests, with 0 failures (0 unexpected) in 0.527 (0.539) seconds
Test Suite 'WindowTitleBenchmarkTest' started at 2026-10-06 17:41:10.257.
Test Case '-[AppBundleTests.WindowTitleBenchmarkTest testWindowTitleRefreshBenchmark]' started.
Test Case '-[AppBundleTests.WindowTitleBenchmarkTest testWindowTitleRefreshBenchmark]' passed (0.216 seconds).
Test Suite 'WindowTitleBenchmarkTest' passed at 2026-10-06 17:41:10.473.
	 Executed 1 test, with 0 failures (0 unexpected) in 0.216 (0.216) seconds
Test Suite 'WindowTitleCacheTest' started at 2026-10-06 17:41:10.473.
Test Case '-[AppBundleTests.WindowTitleCacheTest testGetCachedWindowTitleRefreshesExpiredValue]' started.
Test Case '-[AppBundleTests.WindowTitleCacheTest testGetCachedWindowTitleRefreshesExpiredValue]' passed (0.001 seconds).
Test Case '-[AppBundleTests.WindowTitleCacheTest testGetCachedWindowTitleReusesFreshValue]' started.
Test Case '-[AppBundleTests.WindowTitleCacheTest testGetCachedWindowTitleReusesFreshValue]' passed (0.000 seconds).
Test Suite 'WindowTitleCacheTest' passed at 2026-10-06 17:41:10.474.
	 Executed 2 tests, with 0 failures (0 unexpected) in 0.001 (0.001) seconds
Test Suite 'WorkspaceBackAndForthCommandTest' started at 2026-10-06 17:41:10.474.
Test Case '-[AppBundleTests.WorkspaceBackAndForthCommandTest testWorkspaceBackAndForthDoesNotRecreateDeletedWorkspace]' started.
Test Case '-[AppBundleTests.WorkspaceBackAndForthCommandTest testWorkspaceBackAndForthDoesNotRecreateDeletedWorkspace]' passed (0.029 seconds).
Test Suite 'WorkspaceBackAndForthCommandTest' passed at 2026-10-06 17:41:10.503.
	 Executed 1 test, with 0 failures (0 unexpected) in 0.029 (0.029) seconds
Test Suite 'WorkspaceCommandTest' started at 2026-10-06 17:41:10.503.
Test Case '-[AppBundleTests.WorkspaceCommandTest testBlankNumericWorkspaceIsDeletedAfterLeavingItEmpty]' started.
Test Case '-[AppBundleTests.WorkspaceCommandTest testBlankNumericWorkspaceIsDeletedAfterLeavingItEmpty]' passed (0.005 seconds).
Test Case '-[AppBundleTests.WorkspaceCommandTest testDirectWorkspaceFocusCreatesNextBlankNumericWorkspace]' started.
Test Case '-[AppBundleTests.WorkspaceCommandTest testDirectWorkspaceFocusCreatesNextBlankNumericWorkspace]' passed (0.005 seconds).
Test Case '-[AppBundleTests.WorkspaceCommandTest testDirectWorkspaceFocusDoesNotCreateConfiguredPersistentWorkspace]' started.
Test Case '-[AppBundleTests.WorkspaceCommandTest testDirectWorkspaceFocusDoesNotCreateConfiguredPersistentWorkspace]' passed (0.009 seconds).
Test Case '-[AppBundleTests.WorkspaceCommandTest testDirectWorkspaceFocusDoesNotCreateMissingWorkspace]' started.
Test Case '-[AppBundleTests.WorkspaceCommandTest testDirectWorkspaceFocusDoesNotCreateMissingWorkspace]' passed (0.005 seconds).
Test Case '-[AppBundleTests.WorkspaceCommandTest testDirectWorkspaceFocusDoesNotCreateMultipleHopsAfterBlankIsCollected]' started.
Test Case '-[AppBundleTests.WorkspaceCommandTest testDirectWorkspaceFocusDoesNotCreateMultipleHopsAfterBlankIsCollected]' passed (0.005 seconds).
Test Case '-[AppBundleTests.WorkspaceCommandTest testDirectWorkspaceFocusDoesNotSkipBlankNumericWorkspace]' started.
Test Case '-[AppBundleTests.WorkspaceCommandTest testDirectWorkspaceFocusDoesNotSkipBlankNumericWorkspace]' passed (0.005 seconds).
Test Case '-[AppBundleTests.WorkspaceCommandTest testDirectWorkspaceFocusFillsDisplayIndexGapBeforeAppending]' started.
Test Case '-[AppBundleTests.WorkspaceCommandTest testDirectWorkspaceFocusFillsDisplayIndexGapBeforeAppending]' passed (0.005 seconds).
Test Case '-[AppBundleTests.WorkspaceCommandTest testDirectWorkspaceFocusIgnoresWorkspaceWithOnlyMacosFullscreenWindows]' started.
Test Case '-[AppBundleTests.WorkspaceCommandTest testDirectWorkspaceFocusIgnoresWorkspaceWithOnlyMacosFullscreenWindows]' passed (0.013 seconds).
Test Case '-[AppBundleTests.WorkspaceCommandTest testDirectWorkspaceShortcutCreatesNextWorkspaceInsideActiveProject]' started.
Test Case '-[AppBundleTests.WorkspaceCommandTest testDirectWorkspaceShortcutCreatesNextWorkspaceInsideActiveProject]' passed (0.013 seconds).
Test Case '-[AppBundleTests.WorkspaceCommandTest testDirectWorkspaceShortcutPrefersActiveProjectDisplayIndex]' started.
Test Case '-[AppBundleTests.WorkspaceCommandTest testDirectWorkspaceShortcutPrefersActiveProjectDisplayIndex]' passed (0.017 seconds).
Test Case '-[AppBundleTests.WorkspaceCommandTest testDirectWorkspaceShortcutUsesProjectViewportOrderInsteadOfRawNameSort]' started.
Test Case '-[AppBundleTests.WorkspaceCommandTest testDirectWorkspaceShortcutUsesProjectViewportOrderInsteadOfRawNameSort]' passed (0.012 seconds).
Test Case '-[AppBundleTests.WorkspaceCommandTest testNextWorkspaceAfterRawNameGapCreatesRawTwoNotRawFour]' started.
Test Case '-[AppBundleTests.WorkspaceCommandTest testNextWorkspaceAfterRawNameGapCreatesRawTwoNotRawFour]' passed (0.010 seconds).
Test Case '-[AppBundleTests.WorkspaceCommandTest testParseWorkspaceCommand]' started.
Test Case '-[AppBundleTests.WorkspaceCommandTest testParseWorkspaceCommand]' passed (0.014 seconds).
Test Case '-[AppBundleTests.WorkspaceCommandTest testWorkspaceNextBlankNumericWorkspaceIsDeletedAfterLeavingItEmpty]' started.
Test Case '-[AppBundleTests.WorkspaceCommandTest testWorkspaceNextBlankNumericWorkspaceIsDeletedAfterLeavingItEmpty]' passed (0.002 seconds).
Test Case '-[AppBundleTests.WorkspaceCommandTest testWorkspaceNextCreatesBlankNumericWorkspaceAtRightEdge]' started.
Test Case '-[AppBundleTests.WorkspaceCommandTest testWorkspaceNextCreatesBlankNumericWorkspaceAtRightEdge]' passed (0.007 seconds).
Test Case '-[AppBundleTests.WorkspaceCommandTest testWorkspaceNextCreatesWorkspaceInsideActiveProject]' started.
Test Case '-[AppBundleTests.WorkspaceCommandTest testWorkspaceNextCreatesWorkspaceInsideActiveProject]' passed (0.011 seconds).
Test Case '-[AppBundleTests.WorkspaceCommandTest testWorkspaceNextDeduplicatesStdinWorkspaceList]' started.
Test Case '-[AppBundleTests.WorkspaceCommandTest testWorkspaceNextDeduplicatesStdinWorkspaceList]' passed (0.019 seconds).
Test Case '-[AppBundleTests.WorkspaceCommandTest testWorkspaceNextDoesNotCreateBlankWorkspaceWhenWrapping]' started.
Test Case '-[AppBundleTests.WorkspaceCommandTest testWorkspaceNextDoesNotCreateBlankWorkspaceWhenWrapping]' passed (0.014 seconds).
Test Case '-[AppBundleTests.WorkspaceCommandTest testWorkspaceNextPrevFollowDisplayOrderWhenRawNamesSortDifferently]' started.
Test Case '-[AppBundleTests.WorkspaceCommandTest testWorkspaceNextPrevFollowDisplayOrderWhenRawNamesSortDifferently]' passed (0.006 seconds).
Test Case '-[AppBundleTests.WorkspaceCommandTest testWorkspaceNextUsesCurrentWorkspacePositionWhenFilteredStdinOmitsIt]' started.
Test Case '-[AppBundleTests.WorkspaceCommandTest testWorkspaceNextUsesCurrentWorkspacePositionWhenFilteredStdinOmitsIt]' passed (0.017 seconds).
Test Case '-[AppBundleTests.WorkspaceCommandTest testWorkspacePrevUsesCurrentWorkspacePositionWhenFilteredStdinOmitsIt]' started.
Test Case '-[AppBundleTests.WorkspaceCommandTest testWorkspacePrevUsesCurrentWorkspacePositionWhenFilteredStdinOmitsIt]' passed (0.017 seconds).
Test Case '-[AppBundleTests.WorkspaceCommandTest testWorkspaceSwitchRefreshesClosedWindowsCacheVisibleWorkspaceSnapshot]' started.
Test Case '-[AppBundleTests.WorkspaceCommandTest testWorkspaceSwitchRefreshesClosedWindowsCacheVisibleWorkspaceSnapshot]' passed (0.042 seconds).
Test Suite 'WorkspaceCommandTest' passed at 2026-10-06 17:41:10.759.
	 Executed 22 tests, with 0 failures (0 unexpected) in 0.254 (0.256) seconds
Test Suite 'WorkspaceLifecycleTest' started at 2026-10-06 17:41:10.759.
Test Case '-[AppBundleTests.WorkspaceLifecycleTest testConnectingSecondMonitorCreatesVisibleWorkspaceForDefaultProject]' started.
Test Case '-[AppBundleTests.WorkspaceLifecycleTest testConnectingSecondMonitorCreatesVisibleWorkspaceForDefaultProject]' passed (0.010 seconds).
Test Case '-[AppBundleTests.WorkspaceLifecycleTest testEachMonitorKeepsAWorkspaceWhenWorkspacesSpanProjects]' started.
Test Case '-[AppBundleTests.WorkspaceLifecycleTest testEachMonitorKeepsAWorkspaceWhenWorkspacesSpanProjects]' passed (0.001 seconds).
Test Case '-[AppBundleTests.WorkspaceLifecycleTest testEmptyAdjacentWorkspaceIsDeletedAfterLeavingIt]' started.
Test Case '-[AppBundleTests.WorkspaceLifecycleTest testEmptyAdjacentWorkspaceIsDeletedAfterLeavingIt]' passed (0.007 seconds).
Test Case '-[AppBundleTests.WorkspaceLifecycleTest testFocusedAdjacentBlankWorkspaceCreationReusesExistingEmptySlot]' started.
Test Case '-[AppBundleTests.WorkspaceLifecycleTest testFocusedAdjacentBlankWorkspaceCreationReusesExistingEmptySlot]' passed (0.005 seconds).
Test Case '-[AppBundleTests.WorkspaceLifecycleTest testMovingLastProjectWindowAwayLeavesOneActiveEmptyProjectWorkspace]' started.
Test Case '-[AppBundleTests.WorkspaceLifecycleTest testMovingLastProjectWindowAwayLeavesOneActiveEmptyProjectWorkspace]' passed (0.017 seconds).
Test Case '-[AppBundleTests.WorkspaceLifecycleTest testReconcileKeepsOnlyVisibleWorkspaceWhenAllWorkspacesAreEmpty]' started.
Test Case '-[AppBundleTests.WorkspaceLifecycleTest testReconcileKeepsOnlyVisibleWorkspaceWhenAllWorkspacesAreEmpty]' passed (0.012 seconds).
Test Case '-[AppBundleTests.WorkspaceLifecycleTest testReconcilePrunesUnfocusedEmptyWorkspacesWhenProjectHasOccupiedWorkspace]' started.
Test Case '-[AppBundleTests.WorkspaceLifecycleTest testReconcilePrunesUnfocusedEmptyWorkspacesWhenProjectHasOccupiedWorkspace]' passed (0.001 seconds).
Test Case '-[AppBundleTests.WorkspaceLifecycleTest testReconcileRepairsCurrentMonitorViewportWithMissingActiveWorkspace]' started.
Test Case '-[AppBundleTests.WorkspaceLifecycleTest testReconcileRepairsCurrentMonitorViewportWithMissingActiveWorkspace]' passed (0.005 seconds).
Test Case '-[AppBundleTests.WorkspaceLifecycleTest testSameProjectCanBeActiveOnDifferentMonitorsWithDifferentWorkspaces]' started.
Test Case '-[AppBundleTests.WorkspaceLifecycleTest testSameProjectCanBeActiveOnDifferentMonitorsWithDifferentWorkspaces]' passed (0.001 seconds).
Test Case '-[AppBundleTests.WorkspaceLifecycleTest testSameWorkspaceCannotBeActiveOnTwoMonitorViewports]' started.
Test Case '-[AppBundleTests.WorkspaceLifecycleTest testSameWorkspaceCannotBeActiveOnTwoMonitorViewports]' passed (0.000 seconds).
Test Case '-[AppBundleTests.WorkspaceLifecycleTest testSidebarDragReusesRawAdjacentNameAfterUnfocusedBlankIsCollected]' started.
Test Case '-[AppBundleTests.WorkspaceLifecycleTest testSidebarDragReusesRawAdjacentNameAfterUnfocusedBlankIsCollected]' passed (0.007 seconds).
Test Case '-[AppBundleTests.WorkspaceLifecycleTest testSidebarWorkspaceModelsKeepSeparateMonitorScopesForSameProject]' started.
Test Case '-[AppBundleTests.WorkspaceLifecycleTest testSidebarWorkspaceModelsKeepSeparateMonitorScopesForSameProject]' passed (0.012 seconds).
Test Case '-[AppBundleTests.WorkspaceLifecycleTest testWorkspaceNextFromExistingBlankDoesNotCreateAnotherBlank]' started.
Test Case '-[AppBundleTests.WorkspaceLifecycleTest testWorkspaceNextFromExistingBlankDoesNotCreateAnotherBlank]' passed (0.014 seconds).
Test Suite 'WorkspaceLifecycleTest' passed at 2026-10-06 17:41:10.852.
	 Executed 13 tests, with 0 failures (0 unexpected) in 0.091 (0.093) seconds
Test Suite 'WorkspaceNamingTest' started at 2026-10-06 17:41:10.852.
Test Case '-[AppBundleTests.WorkspaceNamingTest testAutomaticDraftWorkspaceDisplayNamesCompactLiveWorkspaceSet]' started.
Test Case '-[AppBundleTests.WorkspaceNamingTest testAutomaticDraftWorkspaceDisplayNamesCompactLiveWorkspaceSet]' passed (0.009 seconds).
Test Case '-[AppBundleTests.WorkspaceNamingTest testAutomaticNumericWorkspaceDisplayNamesCompactLiveWorkspaceSet]' started.
Test Case '-[AppBundleTests.WorkspaceNamingTest testAutomaticNumericWorkspaceDisplayNamesCompactLiveWorkspaceSet]' passed (0.013 seconds).
Test Case '-[AppBundleTests.WorkspaceNamingTest testAutomaticNumericWorkspaceDisplayNamesCompactWithoutRenamingWorkspaceIds]' started.
Test Case '-[AppBundleTests.WorkspaceNamingTest testAutomaticNumericWorkspaceDisplayNamesCompactWithoutRenamingWorkspaceIds]' passed (0.014 seconds).
Test Case '-[AppBundleTests.WorkspaceNamingTest testAutomaticWorkspaceDisplayNameCompactionPreservesFocus]' started.
Test Case '-[AppBundleTests.WorkspaceNamingTest testAutomaticWorkspaceDisplayNameCompactionPreservesFocus]' passed (0.014 seconds).
Test Case '-[AppBundleTests.WorkspaceNamingTest testAutomaticWorkspaceDisplayNamesAreGlobalWithinProjectAcrossDisplays]' started.
Test Case '-[AppBundleTests.WorkspaceNamingTest testAutomaticWorkspaceDisplayNamesAreGlobalWithinProjectAcrossDisplays]' passed (0.012 seconds).
Test Case '-[AppBundleTests.WorkspaceNamingTest testAutomaticWorkspaceDisplayNamesFollowProjectOrderInsteadOfRawNameSort]' started.
Test Case '-[AppBundleTests.WorkspaceNamingTest testAutomaticWorkspaceDisplayNamesFollowProjectOrderInsteadOfRawNameSort]' passed (0.013 seconds).
Test Case '-[AppBundleTests.WorkspaceNamingTest testClosingLastWindowKeepsOneWorkspaceInActiveProject]' started.
Test Case '-[AppBundleTests.WorkspaceNamingTest testClosingLastWindowKeepsOneWorkspaceInActiveProject]' passed (0.017 seconds).
Test Case '-[AppBundleTests.WorkspaceNamingTest testClosingProjectWindowsDeletesProjectWithoutMovingWindowsToFallback]' started.
Test Case '-[AppBundleTests.WorkspaceNamingTest testClosingProjectWindowsDeletesProjectWithoutMovingWindowsToFallback]' passed (0.018 seconds).
Test Case '-[AppBundleTests.WorkspaceNamingTest testCreatedProjectPersistsIdentityAndDeleteRemovesPersistedIdentity]' started.
Test Case '-[AppBundleTests.WorkspaceNamingTest testCreatedProjectPersistsIdentityAndDeleteRemovesPersistedIdentity]' passed (0.006 seconds).
Test Case '-[AppBundleTests.WorkspaceNamingTest testCreatedProjectStartsWithEmptyWorkspace]' started.
Test Case '-[AppBundleTests.WorkspaceNamingTest testCreatedProjectStartsWithEmptyWorkspace]' passed (0.005 seconds).
Test Case '-[AppBundleTests.WorkspaceNamingTest testDeletingActiveProjectSwitchesToClosestProject]' started.
Test Case '-[AppBundleTests.WorkspaceNamingTest testDeletingActiveProjectSwitchesToClosestProject]' passed (0.002 seconds).
Test Case '-[AppBundleTests.WorkspaceNamingTest testDeletingFocusedWorkspaceFocusesNextClosestWorkspace]' started.
Test Case '-[AppBundleTests.WorkspaceNamingTest testDeletingFocusedWorkspaceFocusesNextClosestWorkspace]' passed (0.009 seconds).
Test Case '-[AppBundleTests.WorkspaceNamingTest testDeletingLastFocusedWorkspaceFocusesPreviousClosestWorkspace]' started.
Test Case '-[AppBundleTests.WorkspaceNamingTest testDeletingLastFocusedWorkspaceFocusesPreviousClosestWorkspace]' passed (0.018 seconds).
Test Case '-[AppBundleTests.WorkspaceNamingTest testDeletingMiddleAutomaticWorkspaceCompactsNamesWithoutReorderingSurvivors]' started.
Test Case '-[AppBundleTests.WorkspaceNamingTest testDeletingMiddleAutomaticWorkspaceCompactsNamesWithoutReorderingSurvivors]' passed (0.015 seconds).
Test Case '-[AppBundleTests.WorkspaceNamingTest testDeletingProjectFallsBackToClosestProject]' started.
Test Case '-[AppBundleTests.WorkspaceNamingTest testDeletingProjectFallsBackToClosestProject]' passed (0.016 seconds).
Test Case '-[AppBundleTests.WorkspaceNamingTest testDeletingWorkspaceKeepsStableWorkspaceIdsAndCompactsDisplayNames]' started.
Test Case '-[AppBundleTests.WorkspaceNamingTest testDeletingWorkspaceKeepsStableWorkspaceIdsAndCompactsDisplayNames]' passed (0.005 seconds).
Test Case '-[AppBundleTests.WorkspaceNamingTest testGcMonitorsIgnoresInactiveViewportsWhenPreservingVisibleWorkspace]' started.
Test Case '-[AppBundleTests.WorkspaceNamingTest testGcMonitorsIgnoresInactiveViewportsWhenPreservingVisibleWorkspace]' passed (0.010 seconds).
Test Case '-[AppBundleTests.WorkspaceNamingTest testGcMonitorsReconcilesChangedMonitorPointsWithSameMonitorCount]' started.
Test Case '-[AppBundleTests.WorkspaceNamingTest testGcMonitorsReconcilesChangedMonitorPointsWithSameMonitorCount]' passed (0.005 seconds).
Test Case '-[AppBundleTests.WorkspaceNamingTest testMonitorViewportFallbackIgnoresEmptyWorkspaceForcedToAnotherMonitor]' started.
Test Case '-[AppBundleTests.WorkspaceNamingTest testMonitorViewportFallbackIgnoresEmptyWorkspaceForcedToAnotherMonitor]' passed (0.005 seconds).
Test Case '-[AppBundleTests.WorkspaceNamingTest testMonitorViewportFallbackWorkspaceDoesNotForgetActiveProject]' started.
Test Case '-[AppBundleTests.WorkspaceNamingTest testMonitorViewportFallbackWorkspaceDoesNotForgetActiveProject]' passed (0.007 seconds).
Test Case '-[AppBundleTests.WorkspaceNamingTest testMovingWorkspaceToAnotherMonitorKeepsSourceMonitorInSameProject]' started.
Test Case '-[AppBundleTests.WorkspaceNamingTest testMovingWorkspaceToAnotherMonitorKeepsSourceMonitorInSameProject]' passed (0.009 seconds).
Test Case '-[AppBundleTests.WorkspaceNamingTest testNextAutomaticWorkspaceRawNameReusesLowestNumericGap]' started.
Test Case '-[AppBundleTests.WorkspaceNamingTest testNextAutomaticWorkspaceRawNameReusesLowestNumericGap]' passed (0.087 seconds).
Test Case '-[AppBundleTests.WorkspaceNamingTest testNextAutomaticWorkspaceRawNameSkipsNamesForcedToAnotherMonitor]' started.
Test Case '-[AppBundleTests.WorkspaceNamingTest testNextAutomaticWorkspaceRawNameSkipsNamesForcedToAnotherMonitor]' passed (0.009 seconds).
Test Case '-[AppBundleTests.WorkspaceNamingTest testPersistedProjectLabelMaterializesProject]' started.
Test Case '-[AppBundleTests.WorkspaceNamingTest testPersistedProjectLabelMaterializesProject]' passed (0.002 seconds).
Test Case '-[AppBundleTests.WorkspaceNamingTest testPersistedProjectMaterializesWithEmptyWorkspace]' started.
Test Case '-[AppBundleTests.WorkspaceNamingTest testPersistedProjectMaterializesWithEmptyWorkspace]' passed (0.002 seconds).
Test Case '-[AppBundleTests.WorkspaceNamingTest testProjectCreationAppendsAfterDeletedMiddleProject]' started.
Test Case '-[AppBundleTests.WorkspaceNamingTest testProjectCreationAppendsAfterDeletedMiddleProject]' passed (0.001 seconds).
Test Case '-[AppBundleTests.WorkspaceNamingTest testProjectCreationUsesUniqueIds]' started.
Test Case '-[AppBundleTests.WorkspaceNamingTest testProjectCreationUsesUniqueIds]' passed (0.005 seconds).
Test Case '-[AppBundleTests.WorkspaceNamingTest testProjectFocusHoldIgnoresNativeFocusFromOtherProject]' started.
Test Case '-[AppBundleTests.WorkspaceNamingTest testProjectFocusHoldIgnoresNativeFocusFromOtherProject]' passed (0.001 seconds).
Test Case '-[AppBundleTests.WorkspaceNamingTest testProjectNamesFollowStableInsertionOrder]' started.
Test Case '-[AppBundleTests.WorkspaceNamingTest testProjectNamesFollowStableInsertionOrder]' passed (0.005 seconds).
Test Case '-[AppBundleTests.WorkspaceNamingTest testProjectsOwnSeparateWorkspaceSetsOnTheSameDisplay]' started.
Test Case '-[AppBundleTests.WorkspaceNamingTest testProjectsOwnSeparateWorkspaceSetsOnTheSameDisplay]' passed (0.001 seconds).
Test Case '-[AppBundleTests.WorkspaceNamingTest testProjectSwitchCanReturnToDefaultOnSameMonitor]' started.
Test Case '-[AppBundleTests.WorkspaceNamingTest testProjectSwitchCanReturnToDefaultOnSameMonitor]' passed (0.021 seconds).
Test Case '-[AppBundleTests.WorkspaceNamingTest testReconcileMovesVisibleWorkspaceToNewForceAssignedMonitor]' started.
Test Case '-[AppBundleTests.WorkspaceNamingTest testReconcileMovesVisibleWorkspaceToNewForceAssignedMonitor]' passed (0.006 seconds).
Test Case '-[AppBundleTests.WorkspaceNamingTest testReconcileRepairsMissingProjectWorkspaceIndex]' started.
Test Case '-[AppBundleTests.WorkspaceNamingTest testReconcileRepairsMissingProjectWorkspaceIndex]' passed (0.005 seconds).
Test Case '-[AppBundleTests.WorkspaceNamingTest testRenamingAndDeletingProjectKeepsFallbackWorkspaces]' started.
Test Case '-[AppBundleTests.WorkspaceNamingTest testRenamingAndDeletingProjectKeepsFallbackWorkspaces]' passed (0.021 seconds).
Test Case '-[AppBundleTests.WorkspaceNamingTest testRenamingWorkspaceToDefaultDisplayNameClearsLabel]' started.
Test Case '-[AppBundleTests.WorkspaceNamingTest testRenamingWorkspaceToDefaultDisplayNameClearsLabel]' passed (0.005 seconds).
Test Case '-[AppBundleTests.WorkspaceNamingTest testResettingWorkspaceNameFromSidebarUsesDefaultDisplayName]' started.
Test Case '-[AppBundleTests.WorkspaceNamingTest testResettingWorkspaceNameFromSidebarUsesDefaultDisplayName]' passed (0.009 seconds).
Test Case '-[AppBundleTests.WorkspaceNamingTest testSameProjectCanStayActiveOnMultipleDisplays]' started.
Test Case '-[AppBundleTests.WorkspaceNamingTest testSameProjectCanStayActiveOnMultipleDisplays]' passed (0.009 seconds).
Test Case '-[AppBundleTests.WorkspaceNamingTest testSanitizedWorkspaceSidebarHoveredWorkspaceNameClearsDeadWorkspaceReferences]' started.
Test Case '-[AppBundleTests.WorkspaceNamingTest testSanitizedWorkspaceSidebarHoveredWorkspaceNameClearsDeadWorkspaceReferences]' passed (0.001 seconds).
Test Case '-[AppBundleTests.WorkspaceNamingTest testSanitizedWorkspaceSidebarHoveredWorkspaceNameKeepsLiveHoverState]' started.
Test Case '-[AppBundleTests.WorkspaceNamingTest testSanitizedWorkspaceSidebarHoveredWorkspaceNameKeepsLiveHoverState]' passed (0.000 seconds).
Test Case '-[AppBundleTests.WorkspaceNamingTest testSidebarWorkspaceCreationUsesAutomaticWorkspaceName]' started.
Test Case '-[AppBundleTests.WorkspaceNamingTest testSidebarWorkspaceCreationUsesAutomaticWorkspaceName]' passed (0.004 seconds).
Test Case '-[AppBundleTests.WorkspaceNamingTest testSummoningWorkspaceToFocusedMonitorKeepsSourceMonitorInSameProject]' started.
Test Case '-[AppBundleTests.WorkspaceNamingTest testSummoningWorkspaceToFocusedMonitorKeepsSourceMonitorInSameProject]' passed (0.009 seconds).
Test Case '-[AppBundleTests.WorkspaceNamingTest testTrayItemDisablesRawWorkspaceIconWhenDisplayNameIsCustom]' started.
Test Case '-[AppBundleTests.WorkspaceNamingTest testTrayItemDisablesRawWorkspaceIconWhenDisplayNameIsCustom]' passed (0.030 seconds).
Test Case '-[AppBundleTests.WorkspaceNamingTest testWorkspaceNameAfterCompactionUsesCurrentAutomaticName]' started.
Test Case '-[AppBundleTests.WorkspaceNamingTest testWorkspaceNameAfterCompactionUsesCurrentAutomaticName]' passed (0.005 seconds).
Test Case '-[AppBundleTests.WorkspaceNamingTest testWorkspaceRenameRejectsEmptyDisplayName]' started.
Test Case '-[AppBundleTests.WorkspaceNamingTest testWorkspaceRenameRejectsEmptyDisplayName]' passed (0.009 seconds).
Test Case '-[AppBundleTests.WorkspaceNamingTest testWorkspaceSidebarRenameUsesDisplayLabelWithoutRenamingWorkspaceIdentity]' started.
Test Case '-[AppBundleTests.WorkspaceNamingTest testWorkspaceSidebarRenameUsesDisplayLabelWithoutRenamingWorkspaceIdentity]' passed (0.000 seconds).
Test Case '-[AppBundleTests.WorkspaceNamingTest testWorkspaceToMonitorForceAssignmentRejectsWrongMonitor]' started.
Test Case '-[AppBundleTests.WorkspaceNamingTest testWorkspaceToMonitorForceAssignmentRejectsWrongMonitor]' passed (0.009 seconds).
Test Suite 'WorkspaceNamingTest' passed at 2026-10-06 17:41:11.333.
	 Executed 46 tests, with 0 failures (0 unexpected) in 0.475 (0.481) seconds
Test Suite 'WorkspaceProjectReorderingTest' started at 2026-10-06 17:41:11.333.
Test Case '-[AppBundleTests.WorkspaceProjectReorderingTest testDragChangesPositionAfterCrossingHalfADotAndClampsAtEnds]' started.
Test Case '-[AppBundleTests.WorkspaceProjectReorderingTest testDragChangesPositionAfterCrossingHalfADotAndClampsAtEnds]' passed (0.000 seconds).
Test Case '-[AppBundleTests.WorkspaceProjectReorderingTest testProjectsMoveInBothDirectionsIncludingDefault]' started.
Test Case '-[AppBundleTests.WorkspaceProjectReorderingTest testProjectsMoveInBothDirectionsIncludingDefault]' passed (0.000 seconds).
Test Case '-[AppBundleTests.WorkspaceProjectReorderingTest testReorderedProjectsSurviveRestartAndNewProjectsAppend]' started.
Test Case '-[AppBundleTests.WorkspaceProjectReorderingTest testReorderedProjectsSurviveRestartAndNewProjectsAppend]' passed (0.009 seconds).
Test Case '-[AppBundleTests.WorkspaceProjectReorderingTest testReorderingKeepsSelectionWorkspacesAndProjectMetadata]' started.
Test Case '-[AppBundleTests.WorkspaceProjectReorderingTest testReorderingKeepsSelectionWorkspacesAndProjectMetadata]' passed (0.001 seconds).
Test Case '-[AppBundleTests.WorkspaceProjectReorderingTest testStaleOrUnchangedDragDoesNotReorderProjects]' started.
Test Case '-[AppBundleTests.WorkspaceProjectReorderingTest testStaleOrUnchangedDragDoesNotReorderProjects]' passed (0.000 seconds).
Test Suite 'WorkspaceProjectReorderingTest' passed at 2026-10-06 17:41:11.345.
	 Executed 5 tests, with 0 failures (0 unexpected) in 0.012 (0.012) seconds
Test Suite 'WorkspaceReorderingTest' started at 2026-10-06 17:41:11.345.
Test Case '-[AppBundleTests.WorkspaceReorderingTest testCancelledDragReleasesActivationLockWithoutChangingOrder]' started.
Test Case '-[AppBundleTests.WorkspaceReorderingTest testCancelledDragReleasesActivationLockWithoutChangingOrder]' passed (0.000 seconds).
Test Case '-[AppBundleTests.WorkspaceReorderingTest testCardFollowsPointerAndHapticsOnlyFireOnNewSnapPositions]' started.
Test Case '-[AppBundleTests.WorkspaceReorderingTest testCardFollowsPointerAndHapticsOnlyFireOnNewSnapPositions]' passed (0.001 seconds).
Test Case '-[AppBundleTests.WorkspaceReorderingTest testCardsShiftByDraggedHeightAndSpacingInBothDirections]' started.
Test Case '-[AppBundleTests.WorkspaceReorderingTest testCardsShiftByDraggedHeightAndSpacingInBothDirections]' passed (0.000 seconds).
Test Case '-[AppBundleTests.WorkspaceReorderingTest testGroupsMoveBeforeAndAfterTargetsInBothDirections]' started.
Test Case '-[AppBundleTests.WorkspaceReorderingTest testGroupsMoveBeforeAndAfterTargetsInBothDirections]' passed (0.000 seconds).
Test Case '-[AppBundleTests.WorkspaceReorderingTest testInvalidAndUnchangedDropsPreserveOrder]' started.
Test Case '-[AppBundleTests.WorkspaceReorderingTest testInvalidAndUnchangedDropsPreserveOrder]' passed (0.000 seconds).
Test Case '-[AppBundleTests.WorkspaceReorderingTest testReleaseSettlesAtSlotUntilModelCompletes]' started.
Test Case '-[AppBundleTests.WorkspaceReorderingTest testReleaseSettlesAtSlotUntilModelCompletes]' passed (0.001 seconds).
Test Case '-[AppBundleTests.WorkspaceReorderingTest testReorderedGroupsSurviveRestartAndNewGroupsAppend]' started.
Test Case '-[AppBundleTests.WorkspaceReorderingTest testReorderedGroupsSurviveRestartAndNewGroupsAppend]' passed (0.015 seconds).
Test Case '-[AppBundleTests.WorkspaceReorderingTest testReorderingPreservesFocusMembershipAndLabels]' started.
Test Case '-[AppBundleTests.WorkspaceReorderingTest testReorderingPreservesFocusMembershipAndLabels]' passed (0.001 seconds).
Test Case '-[AppBundleTests.WorkspaceReorderingTest testSnapThresholdHasHysteresisAndClampsAtListEnds]' started.
Test Case '-[AppBundleTests.WorkspaceReorderingTest testSnapThresholdHasHysteresisAndClampsAtListEnds]' passed (0.005 seconds).
Test Suite 'WorkspaceReorderingTest' passed at 2026-10-06 17:41:11.370.
	 Executed 9 tests, with 0 failures (0 unexpected) in 0.024 (0.024) seconds
Test Suite 'WorkspaceSidebarClockComponentsTest' started at 2026-10-06 17:41:11.370.
Test Case '-[AppBundleTests.WorkspaceSidebarClockComponentsTest testExpandedClockAccessibilityKeepsDateAndWeekdayIndependent]' started.
Test Case '-[AppBundleTests.WorkspaceSidebarClockComponentsTest testExpandedClockAccessibilityKeepsDateAndWeekdayIndependent]' passed (0.003 seconds).
Test Case '-[AppBundleTests.WorkspaceSidebarClockComponentsTest testExpandedClockDateAndWeekdayLinesAreIndependent]' started.
Test Case '-[AppBundleTests.WorkspaceSidebarClockComponentsTest testExpandedClockDateAndWeekdayLinesAreIndependent]' passed (0.000 seconds).
Test Case '-[AppBundleTests.WorkspaceSidebarClockComponentsTest testExpandedClockGrowsForEachVisibleDateLine]' started.
Test Case '-[AppBundleTests.WorkspaceSidebarClockComponentsTest testExpandedClockGrowsForEachVisibleDateLine]' passed (0.000 seconds).
Test Case '-[AppBundleTests.WorkspaceSidebarClockComponentsTest testExpandedClockKeepsLongLocalizedDateTextUnabbreviated]' started.
Test Case '-[AppBundleTests.WorkspaceSidebarClockComponentsTest testExpandedClockKeepsLongLocalizedDateTextUnabbreviated]' passed (0.003 seconds).
Test Case '-[AppBundleTests.WorkspaceSidebarClockComponentsTest testExpandedClockUsesSeparateFullEnglishWeekdayAndMonthDayLines]' started.
Test Case '-[AppBundleTests.WorkspaceSidebarClockComponentsTest testExpandedClockUsesSeparateFullEnglishWeekdayAndMonthDayLines]' passed (0.001 seconds).
Test Suite 'WorkspaceSidebarClockComponentsTest' passed at 2026-10-06 17:41:11.378.
	 Executed 5 tests, with 0 failures (0 unexpected) in 0.008 (0.008) seconds
Test Suite 'WorkspaceSidebarDragTest' started at 2026-10-06 17:41:11.378.
Test Case '-[AppBundleTests.WorkspaceSidebarDragTest testAlwaysExpandedSidebarUsesExpandedRestingAndActivationWidths]' started.
Test Case '-[AppBundleTests.WorkspaceSidebarDragTest testAlwaysExpandedSidebarUsesExpandedRestingAndActivationWidths]' passed (0.000 seconds).
Test Case '-[AppBundleTests.WorkspaceSidebarDragTest testBlankSidebarAreaIsNotActionable]' started.
Test Case '-[AppBundleTests.WorkspaceSidebarDragTest testBlankSidebarAreaIsNotActionable]' passed (0.000 seconds).
Test Case '-[AppBundleTests.WorkspaceSidebarDragTest testChromeIsSuppressedForNativeFullscreen]' started.
Test Case '-[AppBundleTests.WorkspaceSidebarDragTest testChromeIsSuppressedForNativeFullscreen]' passed (0.000 seconds).
Test Case '-[AppBundleTests.WorkspaceSidebarDragTest testCollapsedAndAutoHiddenSidebarsAllowLeftEdgeTrap]' started.
Test Case '-[AppBundleTests.WorkspaceSidebarDragTest testCollapsedAndAutoHiddenSidebarsAllowLeftEdgeTrap]' passed (0.000 seconds).
Test Case '-[AppBundleTests.WorkspaceSidebarDragTest testCompactClockAccessibilityHonorsSecondsVisibility]' started.
Test Case '-[AppBundleTests.WorkspaceSidebarDragTest testCompactClockAccessibilityHonorsSecondsVisibility]' passed (0.003 seconds).
Test Case '-[AppBundleTests.WorkspaceSidebarDragTest testDifferentWorkspaceSidebarDropTargetIsActionable]' started.
Test Case '-[AppBundleTests.WorkspaceSidebarDragTest testDifferentWorkspaceSidebarDropTargetIsActionable]' passed (0.000 seconds).
Test Case '-[AppBundleTests.WorkspaceSidebarDragTest testLeftMouseButtonPressedUsesBitmask]' started.
Test Case '-[AppBundleTests.WorkspaceSidebarDragTest testLeftMouseButtonPressedUsesBitmask]' passed (0.000 seconds).
Test Case '-[AppBundleTests.WorkspaceSidebarDragTest testMonitorScopeResolvesMonitorPoint]' started.
Test Case '-[AppBundleTests.WorkspaceSidebarDragTest testMonitorScopeResolvesMonitorPoint]' passed (0.000 seconds).
Test Case '-[AppBundleTests.WorkspaceSidebarDragTest testMonitorScopeSelectionIsPanelLocal]' started.
Test Case '-[AppBundleTests.WorkspaceSidebarDragTest testMonitorScopeSelectionIsPanelLocal]' passed (0.000 seconds).
Test Case '-[AppBundleTests.WorkspaceSidebarDragTest testMonitorScopesIncludeFocusFilterWhenEnabled]' started.
Test Case '-[AppBundleTests.WorkspaceSidebarDragTest testMonitorScopesIncludeFocusFilterWhenEnabled]' passed (0.000 seconds).
Test Case '-[AppBundleTests.WorkspaceSidebarDragTest testMonitorScopesOmitDisabledFocusAndAllFilters]' started.
Test Case '-[AppBundleTests.WorkspaceSidebarDragTest testMonitorScopesOmitDisabledFocusAndAllFilters]' passed (0.000 seconds).
Test Case '-[AppBundleTests.WorkspaceSidebarDragTest testMonitorSidebarDropTargetIsActionable]' started.
Test Case '-[AppBundleTests.WorkspaceSidebarDragTest testMonitorSidebarDropTargetIsActionable]' passed (0.000 seconds).
Test Case '-[AppBundleTests.WorkspaceSidebarDragTest testMouseWindowDragInProgressRequiresMoveSessionWindowAndPressedButton]' started.
Test Case '-[AppBundleTests.WorkspaceSidebarDragTest testMouseWindowDragInProgressRequiresMoveSessionWindowAndPressedButton]' passed (0.000 seconds).
Test Case '-[AppBundleTests.WorkspaceSidebarDragTest testNewWorkspaceSidebarDropTargetIsActionable]' started.
Test Case '-[AppBundleTests.WorkspaceSidebarDragTest testNewWorkspaceSidebarDropTargetIsActionable]' passed (0.000 seconds).
Test Case '-[AppBundleTests.WorkspaceSidebarDragTest testProjectColorHexNormalizes]' started.
Test Case '-[AppBundleTests.WorkspaceSidebarDragTest testProjectColorHexNormalizes]' passed (0.000 seconds).
Test Case '-[AppBundleTests.WorkspaceSidebarDragTest testProjectColorUsesConfiguredHexWhenPresent]' started.
Test Case '-[AppBundleTests.WorkspaceSidebarDragTest testProjectColorUsesConfiguredHexWhenPresent]' passed (0.001 seconds).
Test Case '-[AppBundleTests.WorkspaceSidebarDragTest testProjectHueIsStableAndNormalized]' started.
Test Case '-[AppBundleTests.WorkspaceSidebarDragTest testProjectHueIsStableAndNormalized]' passed (0.000 seconds).
Test Case '-[AppBundleTests.WorkspaceSidebarDragTest testProjectPagerDragTracksRealAdjacentPagesDirectly]' started.
Test Case '-[AppBundleTests.WorkspaceSidebarDragTest testProjectPagerDragTracksRealAdjacentPagesDirectly]' passed (0.000 seconds).
Test Case '-[AppBundleTests.WorkspaceSidebarDragTest testProjectPagerDragUsesResistanceAtProjectEdges]' started.
Test Case '-[AppBundleTests.WorkspaceSidebarDragTest testProjectPagerDragUsesResistanceAtProjectEdges]' passed (0.000 seconds).
Test Case '-[AppBundleTests.WorkspaceSidebarDragTest testProjectPagerRendersOnlyCurrentAndSwipeTargetPages]' started.
Test Case '-[AppBundleTests.WorkspaceSidebarDragTest testProjectPagerRendersOnlyCurrentAndSwipeTargetPages]' passed (0.000 seconds).
Test Case '-[AppBundleTests.WorkspaceSidebarDragTest testProjectSwipeCreatesOnlyPastEdgesAfterBreakPoint]' started.
Test Case '-[AppBundleTests.WorkspaceSidebarDragTest testProjectSwipeCreatesOnlyPastEdgesAfterBreakPoint]' passed (0.000 seconds).
Test Case '-[AppBundleTests.WorkspaceSidebarDragTest testProjectSwipeDirectionRequiresHorizontalIntent]' started.
Test Case '-[AppBundleTests.WorkspaceSidebarDragTest testProjectSwipeDirectionRequiresHorizontalIntent]' passed (0.000 seconds).
Test Case '-[AppBundleTests.WorkspaceSidebarDragTest testProjectSwipeDoesNotCreateOrPreviewAtEitherEdgeWhenDisabled]' started.
Test Case '-[AppBundleTests.WorkspaceSidebarDragTest testProjectSwipeDoesNotCreateOrPreviewAtEitherEdgeWhenDisabled]' passed (0.000 seconds).
Test Case '-[AppBundleTests.WorkspaceSidebarDragTest testProjectSwipeFormationProgressOnlyAtEdges]' started.
Test Case '-[AppBundleTests.WorkspaceSidebarDragTest testProjectSwipeFormationProgressOnlyAtEdges]' passed (0.000 seconds).
Test Case '-[AppBundleTests.WorkspaceSidebarDragTest testProjectSwipeNavigatesWithoutWrapping]' started.
Test Case '-[AppBundleTests.WorkspaceSidebarDragTest testProjectSwipeNavigatesWithoutWrapping]' passed (0.000 seconds).
Test Case '-[AppBundleTests.WorkspaceSidebarDragTest testProjectSwipeScrollDeltaPreservesSystemDirection]' started.
Test Case '-[AppBundleTests.WorkspaceSidebarDragTest testProjectSwipeScrollDeltaPreservesSystemDirection]' passed (0.000 seconds).
Test Case '-[AppBundleTests.WorkspaceSidebarDragTest testProjectSwipeSwitchProgressReachesOneAtNavigationThreshold]' started.
Test Case '-[AppBundleTests.WorkspaceSidebarDragTest testProjectSwipeSwitchProgressReachesOneAtNavigationThreshold]' passed (0.000 seconds).
Test Case '-[AppBundleTests.WorkspaceSidebarDragTest testSameWorkspaceSidebarDropTargetIsNotActionable]' started.
Test Case '-[AppBundleTests.WorkspaceSidebarDragTest testSameWorkspaceSidebarDropTargetIsNotActionable]' passed (0.000 seconds).
Test Case '-[AppBundleTests.WorkspaceSidebarDragTest testSidebarContentsFitRailThroughoutExpansionFrom28Points]' started.
Test Case '-[AppBundleTests.WorkspaceSidebarDragTest testSidebarContentsFitRailThroughoutExpansionFrom28Points]' passed (0.000 seconds).
Test Case '-[AppBundleTests.WorkspaceSidebarDragTest testSidebarNewWorkspaceTargetHonorsExplicitMonitorSelection]' started.
Test Case '-[AppBundleTests.WorkspaceSidebarDragTest testSidebarNewWorkspaceTargetHonorsExplicitMonitorSelection]' passed (0.000 seconds).
Test Case '-[AppBundleTests.WorkspaceSidebarDragTest testSidebarNewWorkspaceTargetUsesDropPointMonitorBeforeSourceMonitor]' started.
Test Case '-[AppBundleTests.WorkspaceSidebarDragTest testSidebarNewWorkspaceTargetUsesDropPointMonitorBeforeSourceMonitor]' passed (0.000 seconds).
Test Case '-[AppBundleTests.WorkspaceSidebarDragTest testSidebarWorkspaceClickActivatesHiddenWorkspaceOnOwningPanelMonitor]' started.
Test Case '-[AppBundleTests.WorkspaceSidebarDragTest testSidebarWorkspaceClickActivatesHiddenWorkspaceOnOwningPanelMonitor]' passed (0.000 seconds).
Test Case '-[AppBundleTests.WorkspaceSidebarDragTest testSidebarWorkspaceClickDoesNotFocusWorkspaceVisibleOnOtherMonitor]' started.
Test Case '-[AppBundleTests.WorkspaceSidebarDragTest testSidebarWorkspaceClickDoesNotFocusWorkspaceVisibleOnOtherMonitor]' passed (0.000 seconds).
Test Case '-[AppBundleTests.WorkspaceSidebarDragTest testVisibleWorkspacesAreGroupedByProjectAndScope]' started.
Test Case '-[AppBundleTests.WorkspaceSidebarDragTest testVisibleWorkspacesAreGroupedByProjectAndScope]' passed (0.000 seconds).
Test Case '-[AppBundleTests.WorkspaceSidebarDragTest testWindowChromeUsesNormalAppWindowLayer]' started.
Test Case '-[AppBundleTests.WorkspaceSidebarDragTest testWindowChromeUsesNormalAppWindowLayer]' passed (0.000 seconds).
Test Case '-[AppBundleTests.WorkspaceSidebarDragTest testWindowHoverExitClearsMatchingHoveredWindow]' started.
Test Case '-[AppBundleTests.WorkspaceSidebarDragTest testWindowHoverExitClearsMatchingHoveredWindow]' passed (0.000 seconds).
Test Case '-[AppBundleTests.WorkspaceSidebarDragTest testWindowHoverExitDoesNotClearNewerHoveredWindow]' started.
Test Case '-[AppBundleTests.WorkspaceSidebarDragTest testWindowHoverExitDoesNotClearNewerHoveredWindow]' passed (0.000 seconds).
Test Case '-[AppBundleTests.WorkspaceSidebarDragTest testWindowIntentPreviewRendersBelowWorkspaceSidebar]' started.
Test Case '-[AppBundleTests.WorkspaceSidebarDragTest testWindowIntentPreviewRendersBelowWorkspaceSidebar]' passed (0.007 seconds).
Test Case '-[AppBundleTests.WorkspaceSidebarDragTest testWorkspaceHoverExitClearsMatchingHoveredWorkspace]' started.
Test Case '-[AppBundleTests.WorkspaceSidebarDragTest testWorkspaceHoverExitClearsMatchingHoveredWorkspace]' passed (0.000 seconds).
Test Case '-[AppBundleTests.WorkspaceSidebarDragTest testWorkspaceHoverExitDoesNotClearNewerHoveredWorkspace]' started.
Test Case '-[AppBundleTests.WorkspaceSidebarDragTest testWorkspaceHoverExitDoesNotClearNewerHoveredWorkspace]' passed (0.000 seconds).
Test Case '-[AppBundleTests.WorkspaceSidebarDragTest testWorkspaceSidebarActionsForwardWindowAndTabGroupDragClosures]' started.
Test Case '-[AppBundleTests.WorkspaceSidebarDragTest testWorkspaceSidebarActionsForwardWindowAndTabGroupDragClosures]' passed (0.000 seconds).
Test Case '-[AppBundleTests.WorkspaceSidebarDragTest testWorkspaceSidebarActivationBlocksWhileAnyWorkspaceIsEditing]' started.
Test Case '-[AppBundleTests.WorkspaceSidebarDragTest testWorkspaceSidebarActivationBlocksWhileAnyWorkspaceIsEditing]' passed (0.000 seconds).
Test Case '-[AppBundleTests.WorkspaceSidebarDragTest testWorkspaceSidebarActivationRequiresNoEditAndNoDrag]' started.
Test Case '-[AppBundleTests.WorkspaceSidebarDragTest testWorkspaceSidebarActivationRequiresNoEditAndNoDrag]' passed (0.000 seconds).
Test Case '-[AppBundleTests.WorkspaceSidebarDragTest testWorkspaceSidebarAutoHideUsesZeroRestingWidthAndKeepsConfiguredEdgeActivationWidth]' started.
Test Case '-[AppBundleTests.WorkspaceSidebarDragTest testWorkspaceSidebarAutoHideUsesZeroRestingWidthAndKeepsConfiguredEdgeActivationWidth]' passed (0.000 seconds).
Test Case '-[AppBundleTests.WorkspaceSidebarDragTest testWorkspaceSidebarCreateScopeUsesFocusedScopeForSyntheticSelections]' started.
Test Case '-[AppBundleTests.WorkspaceSidebarDragTest testWorkspaceSidebarCreateScopeUsesFocusedScopeForSyntheticSelections]' passed (0.000 seconds).
Test Case '-[AppBundleTests.WorkspaceSidebarDragTest testWorkspaceSidebarDefaultScopeShowsWholeProject]' started.
Test Case '-[AppBundleTests.WorkspaceSidebarDragTest testWorkspaceSidebarDefaultScopeShowsWholeProject]' passed (0.000 seconds).
Test Case '-[AppBundleTests.WorkspaceSidebarDragTest testWorkspaceSidebarDragInProgressIgnoresNonSidebarMoves]' started.
Test Case '-[AppBundleTests.WorkspaceSidebarDragTest testWorkspaceSidebarDragInProgressIgnoresNonSidebarMoves]' passed (0.000 seconds).
Test Case '-[AppBundleTests.WorkspaceSidebarDragTest testWorkspaceSidebarDragInProgressRecognizesSidebarMoveSession]' started.
Test Case '-[AppBundleTests.WorkspaceSidebarDragTest testWorkspaceSidebarDragInProgressRecognizesSidebarMoveSession]' passed (0.000 seconds).
Test Case '-[AppBundleTests.WorkspaceSidebarDragTest testWorkspaceSidebarDragPayloadRoundTripsWindowAndTabGroupIds]' started.
Test Case '-[AppBundleTests.WorkspaceSidebarDragTest testWorkspaceSidebarDragPayloadRoundTripsWindowAndTabGroupIds]' passed (0.000 seconds).
Test Case '-[AppBundleTests.WorkspaceSidebarDragTest testWorkspaceSidebarExpansionDelayOnlyAppliesToPassiveCollapsedHover]' started.
Test Case '-[AppBundleTests.WorkspaceSidebarDragTest testWorkspaceSidebarExpansionDelayOnlyAppliesToPassiveCollapsedHover]' passed (0.000 seconds).
Test Case '-[AppBundleTests.WorkspaceSidebarDragTest testWorkspaceSidebarExplicitMonitorScopeOnlyMatchesThatMonitor]' started.
Test Case '-[AppBundleTests.WorkspaceSidebarDragTest testWorkspaceSidebarExplicitMonitorScopeOnlyMatchesThatMonitor]' passed (0.000 seconds).
Test Case '-[AppBundleTests.WorkspaceSidebarDragTest testWorkspaceSidebarFallbackWorkspaceNameFindsWindowsAndTabGroups]' started.
Test Case '-[AppBundleTests.WorkspaceSidebarDragTest testWorkspaceSidebarFallbackWorkspaceNameFindsWindowsAndTabGroups]' passed (0.000 seconds).
Test Case '-[AppBundleTests.WorkspaceSidebarDragTest testWorkspaceSidebarFocusedMonitorScopeOnlyMatchesFocusedMonitor]' started.
Test Case '-[AppBundleTests.WorkspaceSidebarDragTest testWorkspaceSidebarFocusedMonitorScopeOnlyMatchesFocusedMonitor]' passed (0.000 seconds).
Test Case '-[AppBundleTests.WorkspaceSidebarDragTest testWorkspaceSidebarFocusFilterDefaultsOff]' started.
Test Case '-[AppBundleTests.WorkspaceSidebarDragTest testWorkspaceSidebarFocusFilterDefaultsOff]' passed (0.000 seconds).
Test Case '-[AppBundleTests.WorkspaceSidebarDragTest testWorkspaceSidebarFooterBottomPaddingAddsSpaceWithoutClock]' started.
Test Case '-[AppBundleTests.WorkspaceSidebarDragTest testWorkspaceSidebarFooterBottomPaddingAddsSpaceWithoutClock]' passed (0.000 seconds).
Test Case '-[AppBundleTests.WorkspaceSidebarDragTest testWorkspaceSidebarHoverCueWidthDoesNotProtrudeTowardExpandedWidth]' started.
Test Case '-[AppBundleTests.WorkspaceSidebarDragTest testWorkspaceSidebarHoverCueWidthDoesNotProtrudeTowardExpandedWidth]' passed (0.000 seconds).
Test Case '-[AppBundleTests.WorkspaceSidebarDragTest testWorkspaceSidebarHoverCueWidthStaysCollapsed]' started.
Test Case '-[AppBundleTests.WorkspaceSidebarDragTest testWorkspaceSidebarHoverCueWidthStaysCollapsed]' passed (0.000 seconds).
Test Case '-[AppBundleTests.WorkspaceSidebarDragTest testWorkspaceSidebarHoverExpansionIsSuppressedForSidebarOriginatedDrags]' started.
Test Case '-[AppBundleTests.WorkspaceSidebarDragTest testWorkspaceSidebarHoverExpansionIsSuppressedForSidebarOriginatedDrags]' passed (0.000 seconds).
Test Case '-[AppBundleTests.WorkspaceSidebarDragTest testWorkspaceSidebarHoverExpansionRequiresAtLeastThreeQuarterDepth]' started.
Test Case '-[AppBundleTests.WorkspaceSidebarDragTest testWorkspaceSidebarHoverExpansionRequiresAtLeastThreeQuarterDepth]' passed (0.000 seconds).
Test Case '-[AppBundleTests.WorkspaceSidebarDragTest testWorkspaceSidebarInlineTextDeletesLastWord]' started.
Test Case '-[AppBundleTests.WorkspaceSidebarDragTest testWorkspaceSidebarInlineTextDeletesLastWord]' passed (0.000 seconds).
Test Case '-[AppBundleTests.WorkspaceSidebarDragTest testWorkspaceSidebarInUseOverlayOnlyAppliesToVisibleOtherMonitor]' started.
Test Case '-[AppBundleTests.WorkspaceSidebarDragTest testWorkspaceSidebarInUseOverlayOnlyAppliesToVisibleOtherMonitor]' passed (0.000 seconds).
Test Case '-[AppBundleTests.WorkspaceSidebarDragTest testWorkspaceSidebarIsSuppressedForWinMuxFullscreen]' started.
Test Case '-[AppBundleTests.WorkspaceSidebarDragTest testWorkspaceSidebarIsSuppressedForWinMuxFullscreen]' passed (0.000 seconds).
Test Case '-[AppBundleTests.WorkspaceSidebarDragTest testWorkspaceSidebarItemDragCanBeResetAfterMissedEnd]' started.
Test Case '-[AppBundleTests.WorkspaceSidebarDragTest testWorkspaceSidebarItemDragCanBeResetAfterMissedEnd]' passed (0.000 seconds).
Test Case '-[AppBundleTests.WorkspaceSidebarDragTest testWorkspaceSidebarLayerIsAboveAllWinMuxPanels]' started.
Test Case '-[AppBundleTests.WorkspaceSidebarDragTest testWorkspaceSidebarLayerIsAboveAllWinMuxPanels]' passed (0.000 seconds).
Test Case '-[AppBundleTests.WorkspaceSidebarDragTest testWorkspaceSidebarSearchFiltersByWindowTitleAndAppName]' started.
Test Case '-[AppBundleTests.WorkspaceSidebarDragTest testWorkspaceSidebarSearchFiltersByWindowTitleAndAppName]' passed (0.000 seconds).
Test Case '-[AppBundleTests.WorkspaceSidebarDragTest testWorkspaceSidebarSearchKeepsWholeWorkspaceForWorkspaceMatch]' started.
Test Case '-[AppBundleTests.WorkspaceSidebarDragTest testWorkspaceSidebarSearchKeepsWholeWorkspaceForWorkspaceMatch]' passed (0.000 seconds).
Test Case '-[AppBundleTests.WorkspaceSidebarDragTest testWorkspaceSidebarSnapshotIncludesEmptyWorkspaceInBrowsedProject]' started.
Test Case '-[AppBundleTests.WorkspaceSidebarDragTest testWorkspaceSidebarSnapshotIncludesEmptyWorkspaceInBrowsedProject]' passed (0.013 seconds).
Test Suite 'WorkspaceSidebarDragTest' passed at 2026-10-06 17:41:11.416.
	 Executed 67 tests, with 0 failures (0 unexpected) in 0.034 (0.038) seconds
Test Suite 'WorkspaceSidebarFullscreenTest' started at 2026-10-06 17:41:11.416.
Test Case '-[AppBundleTests.WorkspaceSidebarFullscreenTest testAlwaysExpandedSidebarKeepsConfiguredGapsWhileFullscreen]' started.
Test Case '-[AppBundleTests.WorkspaceSidebarFullscreenTest testAlwaysExpandedSidebarKeepsConfiguredGapsWhileFullscreen]' passed (0.009 seconds).
Test Case '-[AppBundleTests.WorkspaceSidebarFullscreenTest testFullscreenOnlyHidesSidebarOnItsMonitor]' started.
Test Case '-[AppBundleTests.WorkspaceSidebarFullscreenTest testFullscreenOnlyHidesSidebarOnItsMonitor]' passed (0.005 seconds).
Test Case '-[AppBundleTests.WorkspaceSidebarFullscreenTest testFullscreenReclaimsSidebarInsetAndRestoresItOnExit]' started.
Test Case '-[AppBundleTests.WorkspaceSidebarFullscreenTest testFullscreenReclaimsSidebarInsetAndRestoresItOnExit]' passed (0.010 seconds).
Test Case '-[AppBundleTests.WorkspaceSidebarFullscreenTest testFullscreenTabKeepsSidebarHiddenWhenSwitchingTabs]' started.
Test Case '-[AppBundleTests.WorkspaceSidebarFullscreenTest testFullscreenTabKeepsSidebarHiddenWhenSwitchingTabs]' passed (0.005 seconds).
Test Case '-[AppBundleTests.WorkspaceSidebarFullscreenTest testInactiveFullscreenWindowDoesNotHideSidebar]' started.
Test Case '-[AppBundleTests.WorkspaceSidebarFullscreenTest testInactiveFullscreenWindowDoesNotHideSidebar]' passed (0.005 seconds).
Test Case '-[AppBundleTests.WorkspaceSidebarFullscreenTest testNativeFullscreenHidesSidebarAndRestoresItOnExit]' started.
Test Case '-[AppBundleTests.WorkspaceSidebarFullscreenTest testNativeFullscreenHidesSidebarAndRestoresItOnExit]' passed (0.005 seconds).
Test Case '-[AppBundleTests.WorkspaceSidebarFullscreenTest testSwitchingAwayFromFullscreenWorkspaceRestoresSidebar]' started.
Test Case '-[AppBundleTests.WorkspaceSidebarFullscreenTest testSwitchingAwayFromFullscreenWorkspaceRestoresSidebar]' passed (0.005 seconds).
Test Suite 'WorkspaceSidebarFullscreenTest' passed at 2026-10-06 17:41:11.460.
	 Executed 7 tests, with 0 failures (0 unexpected) in 0.043 (0.044) seconds
Test Suite 'WorkspaceSidebarOrganizeTest' started at 2026-10-06 17:41:11.460.
Test Case '-[AppBundleTests.WorkspaceSidebarOrganizeTest testAutoscrollHasNoIdleTimerAndStopsAfterMouseUpOrMissedMouseUp]' started.
Test Case '-[AppBundleTests.WorkspaceSidebarOrganizeTest testAutoscrollHasNoIdleTimerAndStopsAfterMouseUpOrMissedMouseUp]' passed (0.005 seconds).
Test Case '-[AppBundleTests.WorkspaceSidebarOrganizeTest testAutoscrollStopsWhenHiddenOccludedOrDetached]' started.
Test Case '-[AppBundleTests.WorkspaceSidebarOrganizeTest testAutoscrollStopsWhenHiddenOccludedOrDetached]' passed (0.006 seconds).
Test Case '-[AppBundleTests.WorkspaceSidebarOrganizeTest testClippingKeepsPartiallyVisibleTargetsWithOriginalReorderGeometry]' started.
Test Case '-[AppBundleTests.WorkspaceSidebarOrganizeTest testClippingKeepsPartiallyVisibleTargetsWithOriginalReorderGeometry]' passed (0.000 seconds).
Test Case '-[AppBundleTests.WorkspaceSidebarOrganizeTest testDismantlingCancelsQueuedDragRefresh]' started.
Test Case '-[AppBundleTests.WorkspaceSidebarOrganizeTest testDismantlingCancelsQueuedDragRefresh]' passed (0.027 seconds).
Test Case '-[AppBundleTests.WorkspaceSidebarOrganizeTest testDragAndDropUseQueuedEventLocationInsteadOfGlobalCursor]' started.
Test Case '-[AppBundleTests.WorkspaceSidebarOrganizeTest testDragAndDropUseQueuedEventLocationInsteadOfGlobalCursor]' passed (0.002 seconds).
Test Case '-[AppBundleTests.WorkspaceSidebarOrganizeTest testEdgeScrollingStopsOutsideViewportAndAcceleratesTowardEdge]' started.
Test Case '-[AppBundleTests.WorkspaceSidebarOrganizeTest testEdgeScrollingStopsOutsideViewportAndAcceleratesTowardEdge]' passed (0.000 seconds).
Test Case '-[AppBundleTests.WorkspaceSidebarOrganizeTest testMenuAndSearchExpansionKeepAllOrganizeColumnsVisible]' started.
Test Case '-[AppBundleTests.WorkspaceSidebarOrganizeTest testMenuAndSearchExpansionKeepAllOrganizeColumnsVisible]' passed (0.028 seconds).
Test Case '-[AppBundleTests.WorkspaceSidebarOrganizeTest testNestedClippingExcludesHiddenColumnsAndVerticallyHiddenGroups]' started.
Test Case '-[AppBundleTests.WorkspaceSidebarOrganizeTest testNestedClippingExcludesHiddenColumnsAndVerticallyHiddenGroups]' passed (0.000 seconds).
Test Case '-[AppBundleTests.WorkspaceSidebarOrganizeTest testOrganizeModeIsPanelLocalAndIncludedInSnapshot]' started.
Test Case '-[AppBundleTests.WorkspaceSidebarOrganizeTest testOrganizeModeIsPanelLocalAndIncludedInSnapshot]' passed (0.003 seconds).
Test Case '-[AppBundleTests.WorkspaceSidebarOrganizeTest testOrganizeSnapshotIncludesEmptySpacesAndMovesDoNotActivateDestination]' started.
Test Case '-[AppBundleTests.WorkspaceSidebarOrganizeTest testOrganizeSnapshotIncludesEmptySpacesAndMovesDoNotActivateDestination]' passed (0.026 seconds).
Test Case '-[AppBundleTests.WorkspaceSidebarOrganizeTest testProductionOrganizeViewUsesNativeHorizontalScrollView]' started.
Test Case '-[AppBundleTests.WorkspaceSidebarOrganizeTest testProductionOrganizeViewUsesNativeHorizontalScrollView]' passed (0.205 seconds).
Test Case '-[AppBundleTests.WorkspaceSidebarOrganizeTest testResizeAndSpaceDeletionRecomputeNaturalWidth]' started.
Test Case '-[AppBundleTests.WorkspaceSidebarOrganizeTest testResizeAndSpaceDeletionRecomputeNaturalWidth]' passed (0.000 seconds).
Test Case '-[AppBundleTests.WorkspaceSidebarOrganizeTest testSearchTraversesAllOrganizeColumnsInSavedOrder]' started.
Test Case '-[AppBundleTests.WorkspaceSidebarOrganizeTest testSearchTraversesAllOrganizeColumnsInSavedOrder]' passed (0.016 seconds).
Test Case '-[AppBundleTests.WorkspaceSidebarOrganizeTest testSingleSpaceKeepsNormalWidthAndManySpacesFitDisplay]' started.
Test Case '-[AppBundleTests.WorkspaceSidebarOrganizeTest testSingleSpaceKeepsNormalWidthAndManySpacesFitDisplay]' passed (0.000 seconds).
Test Case '-[AppBundleTests.WorkspaceSidebarOrganizeTest testTabGroupMovesTogetherAndCanCreateGroupInInactiveSpace]' started.
Test Case '-[AppBundleTests.WorkspaceSidebarOrganizeTest testTabGroupMovesTogetherAndCanCreateGroupInInactiveSpace]' passed (0.012 seconds).
Test Suite 'WorkspaceSidebarOrganizeTest' passed at 2026-10-06 17:41:11.793.
	 Executed 15 tests, with 0 failures (0 unexpected) in 0.331 (0.333) seconds
Test Suite 'WorkspaceSidebarProjectIconTest' started at 2026-10-06 17:41:11.793.
Test Case '-[AppBundleTests.WorkspaceSidebarProjectIconTest testCatalogIsCompleteSortedUniqueAndIncludesKeywords]' started.
Test Case '-[AppBundleTests.WorkspaceSidebarProjectIconTest testCatalogIsCompleteSortedUniqueAndIncludesKeywords]' passed (0.038 seconds).
Test Case '-[AppBundleTests.WorkspaceSidebarProjectIconTest testConfigEditsRoundTripAndResetWithoutChangingOtherSections]' started.
Test Case '-[AppBundleTests.WorkspaceSidebarProjectIconTest testConfigEditsRoundTripAndResetWithoutChangingOtherSections]' passed (0.001 seconds).
Test Case '-[AppBundleTests.WorkspaceSidebarProjectIconTest testDeletedProjectCannotRecreateIconMetadata]' started.
Test Case '-[AppBundleTests.WorkspaceSidebarProjectIconTest testDeletedProjectCannotRecreateIconMetadata]' passed (0.001 seconds).
Test Case '-[AppBundleTests.WorkspaceSidebarProjectIconTest testExactNameLookupWorksWithoutCatalogEntryAndAvoidsDuplicates]' started.
Test Case '-[AppBundleTests.WorkspaceSidebarProjectIconTest testExactNameLookupWorksWithoutCatalogEntryAndAvoidsDuplicates]' passed (0.005 seconds).
Test Case '-[AppBundleTests.WorkspaceSidebarProjectIconTest testFailedPersistenceLeavesExistingIconUnchanged]' started.
Test Case '-[AppBundleTests.WorkspaceSidebarProjectIconTest testFailedPersistenceLeavesExistingIconUnchanged]' passed (0.002 seconds).
Test Case '-[AppBundleTests.WorkspaceSidebarProjectIconTest testIconFollowsProjectAcrossMonitorSelections]' started.
Test Case '-[AppBundleTests.WorkspaceSidebarProjectIconTest testIconFollowsProjectAcrossMonitorSelections]' passed (0.003 seconds).
Test Case '-[AppBundleTests.WorkspaceSidebarProjectIconTest testNameKeywordTokenSearchAndStableRanking]' started.
Test Case '-[AppBundleTests.WorkspaceSidebarProjectIconTest testNameKeywordTokenSearchAndStableRanking]' passed (0.001 seconds).
Test Case '-[AppBundleTests.WorkspaceSidebarProjectIconTest testNativeMenuImageRetainsItsColorAndFitsFourteenPoints]' started.
Test Case '-[AppBundleTests.WorkspaceSidebarProjectIconTest testNativeMenuImageRetainsItsColorAndFitsFourteenPoints]' passed (0.005 seconds).
Test Case '-[AppBundleTests.WorkspaceSidebarProjectIconTest testOSAvailabilityAndGridNavigationBoundaries]' started.
Test Case '-[AppBundleTests.WorkspaceSidebarProjectIconTest testOSAvailabilityAndGridNavigationBoundaries]' passed (0.001 seconds).
Test Case '-[AppBundleTests.WorkspaceSidebarProjectIconTest testParsesIconsAndPreservesUnavailableNames]' started.
Test Case '-[AppBundleTests.WorkspaceSidebarProjectIconTest testParsesIconsAndPreservesUnavailableNames]' passed (0.001 seconds).
Test Case '-[AppBundleTests.WorkspaceSidebarProjectIconTest testRenameAndReorderPreserveIconAndDeletionCleansItUp]' started.
Test Case '-[AppBundleTests.WorkspaceSidebarProjectIconTest testRenameAndReorderPreserveIconAndDeletionCleansItUp]' passed (0.004 seconds).
Test Case '-[AppBundleTests.WorkspaceSidebarProjectIconTest testSetNormalizesAndPersistsBeforePublishingThenClears]' started.
Test Case '-[AppBundleTests.WorkspaceSidebarProjectIconTest testSetNormalizesAndPersistsBeforePublishingThenClears]' passed (0.006 seconds).
Test Case '-[AppBundleTests.WorkspaceSidebarProjectIconTest testUnsupportedSymbolFallsBackWithoutDeletingStoredName]' started.
Test Case '-[AppBundleTests.WorkspaceSidebarProjectIconTest testUnsupportedSymbolFallsBackWithoutDeletingStoredName]' passed (0.001 seconds).
Test Case '-[AppBundleTests.WorkspaceSidebarProjectIconTest testWrittenIconsSurviveReload]' started.
Test Case '-[AppBundleTests.WorkspaceSidebarProjectIconTest testWrittenIconsSurviveReload]' passed (0.005 seconds).
Test Suite 'WorkspaceSidebarProjectIconTest' passed at 2026-10-06 17:41:11.868.
	 Executed 14 tests, with 0 failures (0 unexpected) in 0.073 (0.075) seconds
Test Suite 'WorkspaceSidebarPublicationTest' started at 2026-10-06 17:41:11.868.
Test Case '-[AppBundleTests.WorkspaceSidebarPublicationTest testOptimisticGroupSelectionPreservesPinnedSectionUntilAsyncRefresh]' started.
Test Case '-[AppBundleTests.WorkspaceSidebarPublicationTest testOptimisticGroupSelectionPreservesPinnedSectionUntilAsyncRefresh]' passed (0.001 seconds).
Test Case '-[AppBundleTests.WorkspaceSidebarPublicationTest testRefreshingExpandedSidebarDoesNotPublishUnchangedExpansion]' started.
Test Case '-[AppBundleTests.WorkspaceSidebarPublicationTest testRefreshingExpandedSidebarDoesNotPublishUnchangedExpansion]' passed (0.003 seconds).
Test Case '-[AppBundleTests.WorkspaceSidebarPublicationTest testUnrelatedMenuChangeDoesNotInvalidateSidebarAndLocalStateSurvivesSync]' started.
Test Case '-[AppBundleTests.WorkspaceSidebarPublicationTest testUnrelatedMenuChangeDoesNotInvalidateSidebarAndLocalStateSurvivesSync]' passed (0.004 seconds).
Test Suite 'WorkspaceSidebarPublicationTest' passed at 2026-10-06 17:41:11.876.
	 Executed 3 tests, with 0 failures (0 unexpected) in 0.007 (0.008) seconds
Test Suite 'WorkspaceSidebarSurfaceDragTest' started at 2026-10-06 17:41:11.876.
Test Case '-[AppBundleTests.WorkspaceSidebarSurfaceDragTest testAnotherSubjectCannotTakeOverOrFinishAnActiveGesture]' started.
Test Case '-[AppBundleTests.WorkspaceSidebarSurfaceDragTest testAnotherSubjectCannotTakeOverOrFinishAnActiveGesture]' passed (0.054 seconds).
Test Case '-[AppBundleTests.WorkspaceSidebarSurfaceDragTest testCancellationCannotRestartOrCommitUntilPointerRelease]' started.
Test Case '-[AppBundleTests.WorkspaceSidebarSurfaceDragTest testCancellationCannotRestartOrCommitUntilPointerRelease]' passed (0.001 seconds).
Test Case '-[AppBundleTests.WorkspaceSidebarSurfaceDragTest testGroupPayloadKeepsItsUUIDAndRejectsInvalidNumericOwners]' started.
Test Case '-[AppBundleTests.WorkspaceSidebarSurfaceDragTest testGroupPayloadKeepsItsUUIDAndRejectsInvalidNumericOwners]' passed (0.001 seconds).
Test Case '-[AppBundleTests.WorkspaceSidebarSurfaceDragTest testLeafPreviewRetainsProfileQualifiedIdentityWithoutNativeWindowNumber]' started.
Test Case '-[AppBundleTests.WorkspaceSidebarSurfaceDragTest testLeafPreviewRetainsProfileQualifiedIdentityWithoutNativeWindowNumber]' passed (0.002 seconds).
Test Case '-[AppBundleTests.WorkspaceSidebarSurfaceDragTest testMixedGroupPreviewUsesTheEntireTreeEvenWhenPresentationIsFiltered]' started.
Test Case '-[AppBundleTests.WorkspaceSidebarSurfaceDragTest testMixedGroupPreviewUsesTheEntireTreeEvenWhenPresentationIsFiltered]' passed (0.007 seconds).
Test Case '-[AppBundleTests.WorkspaceSidebarSurfaceDragTest testMovingSelectedNativeSidebarLeafKeepsFocusOnTheSourceGroup]' started.
Test Case '-[AppBundleTests.WorkspaceSidebarSurfaceDragTest testMovingSelectedNativeSidebarLeafKeepsFocusOnTheSourceGroup]' passed (0.013 seconds).
Test Case '-[AppBundleTests.WorkspaceSidebarSurfaceDragTest testPanelExpansionStaysLockedDuringSidebarGestureWithoutNativeDragOrDropPreview]' started.
Test Case '-[AppBundleTests.WorkspaceSidebarSurfaceDragTest testPanelExpansionStaysLockedDuringSidebarGestureWithoutNativeDragOrDropPreview]' passed (0.009 seconds).
Test Case '-[AppBundleTests.WorkspaceSidebarSurfaceDragTest testRejectedNewGroupMoveDoesNotLeaveAnEmptyDestination]' started.
Test Case '-[AppBundleTests.WorkspaceSidebarSurfaceDragTest testRejectedNewGroupMoveDoesNotLeaveAnEmptyDestination]' passed (0.001 seconds).
Test Case '-[AppBundleTests.WorkspaceSidebarSurfaceDragTest testRejectedNewGroupMovePreservesAnExistingRetainedEmptyGroup]' started.
Test Case '-[AppBundleTests.WorkspaceSidebarSurfaceDragTest testRejectedNewGroupMovePreservesAnExistingRetainedEmptyGroup]' passed (0.005 seconds).
Test Suite 'WorkspaceSidebarSurfaceDragTest' passed at 2026-10-06 17:41:11.969.
	 Executed 9 tests, with 0 failures (0 unexpected) in 0.092 (0.093) seconds
Test Suite 'WorkspaceSidebarTransitionTest' started at 2026-10-06 17:41:11.969.
Test Case '-[AppBundleTests.WorkspaceSidebarTransitionTest testExpansionBookkeepingDoesNotInvalidateRenderedSnapshot]' started.
Test Case '-[AppBundleTests.WorkspaceSidebarTransitionTest testExpansionBookkeepingDoesNotInvalidateRenderedSnapshot]' passed (0.056 seconds).
Test Case '-[AppBundleTests.WorkspaceSidebarTransitionTest testHoverCollapseReachesRestingState]' started.
Test Case '-[AppBundleTests.WorkspaceSidebarTransitionTest testHoverCollapseReachesRestingState]' passed (0.135 seconds).
Test Case '-[AppBundleTests.WorkspaceSidebarTransitionTest testMenuAndEditorLocksPreventHoverCollapse]' started.
Test Case '-[AppBundleTests.WorkspaceSidebarTransitionTest testMenuAndEditorLocksPreventHoverCollapse]' passed (0.057 seconds).
Test Case '-[AppBundleTests.WorkspaceSidebarTransitionTest testPendingExitKeepsContentAndItsOriginalDeadline]' started.
Test Case '-[AppBundleTests.WorkspaceSidebarTransitionTest testPendingExitKeepsContentAndItsOriginalDeadline]' passed (0.048 seconds).
Test Case '-[AppBundleTests.WorkspaceSidebarTransitionTest testPointerMovementDuringCloseDoesNotScheduleAnotherCollapse]' started.
Test Case '-[AppBundleTests.WorkspaceSidebarTransitionTest testPointerMovementDuringCloseDoesNotScheduleAnotherCollapse]' passed (0.050 seconds).
Test Case '-[AppBundleTests.WorkspaceSidebarTransitionTest testReentryCancelsExitWithoutAnotherExpansion]' started.
Test Case '-[AppBundleTests.WorkspaceSidebarTransitionTest testReentryCancelsExitWithoutAnotherExpansion]' passed (0.044 seconds).
Test Case '-[AppBundleTests.WorkspaceSidebarTransitionTest testReentryDuringCloseCancelsFinalizationAndRestoresWidth]' started.
Test Case '-[AppBundleTests.WorkspaceSidebarTransitionTest testReentryDuringCloseCancelsFinalizationAndRestoresWidth]' passed (0.057 seconds).
Test Case '-[AppBundleTests.WorkspaceSidebarTransitionTest testRepeatedExpansionRequestsDoNotPublishOrRestartTransition]' started.
[sidebar-rename-debug] 2026-10-07 00:41:12 +0000 beginInlineTextEditing isKeyBefore=false firstResponder=Optional(<AppBundle.WorkspaceSidebarPanel: 0x7679e2cc00>) mouseInside=false
[sidebar-rename-debug] 2026-10-07 00:41:12 +0000 prepareForInlineTextEditing before visible=false isKey=false ignoresMouse=true firstResponder=Optional(<AppBundle.WorkspaceSidebarPanel: 0x7679e2cc00>)
[sidebar-rename-debug] 2026-10-07 00:41:12 +0000 endInlineTextEditing isKey=false firstResponder=Optional(<AppBundle.WorkspaceSidebarPanel: 0x7679e2cc00>)
[sidebar-rename-debug] 2026-10-07 00:41:12 +0000 prepareForInlineTextEditing after visible=true isKey=false ignoresMouse=false firstResponder=Optional(<AppBundle.WorkspaceSidebarPanel: 0x7679e2cc00>) activeApp=false
[sidebar-rename-debug] 2026-10-07 00:41:12 +0000 installKeyEventTap ok
Test Case '-[AppBundleTests.WorkspaceSidebarTransitionTest testRepeatedExpansionRequestsDoNotPublishOrRestartTransition]' passed (0.067 seconds).
Test Suite 'WorkspaceSidebarTransitionTest' passed at 2026-10-06 17:41:12.484.
	 Executed 8 tests, with 0 failures (0 unexpected) in 0.514 (0.515) seconds
Test Suite 'WorkspaceSidebarWidthTest' started at 2026-10-06 17:41:12.484.
Test Case '-[AppBundleTests.WorkspaceSidebarWidthTest testDensityUsesSectionWidthAfterInsets]' started.
Test Case '-[AppBundleTests.WorkspaceSidebarWidthTest testDensityUsesSectionWidthAfterInsets]' passed (0.000 seconds).
Test Case '-[AppBundleTests.WorkspaceSidebarWidthTest testDottedWidthIsUpdatedWithoutDuplicateTable]' started.
Test Case '-[AppBundleTests.WorkspaceSidebarWidthTest testDottedWidthIsUpdatedWithoutDuplicateTable]' passed (0.000 seconds).
Test Case '-[AppBundleTests.WorkspaceSidebarWidthTest testMissingWidthIsInsertedInSidebarTable]' started.
Test Case '-[AppBundleTests.WorkspaceSidebarWidthTest testMissingWidthIsInsertedInSidebarTable]' passed (0.000 seconds).
Test Case '-[AppBundleTests.WorkspaceSidebarWidthTest testResizeClampsToUsableWidthsAndDisplay]' started.
Test Case '-[AppBundleTests.WorkspaceSidebarWidthTest testResizeClampsToUsableWidthsAndDisplay]' passed (0.000 seconds).
Test Case '-[AppBundleTests.WorkspaceSidebarWidthTest testWidthEditPreservesCommentAndUnrelatedSettings]' started.
Test Case '-[AppBundleTests.WorkspaceSidebarWidthTest testWidthEditPreservesCommentAndUnrelatedSettings]' passed (0.000 seconds).
Test Suite 'WorkspaceSidebarWidthTest' passed at 2026-10-06 17:41:12.486.
	 Executed 5 tests, with 0 failures (0 unexpected) in 0.001 (0.002) seconds
Test Suite 'WorkspaceSwitchFrameTest' started at 2026-10-06 17:41:12.486.
Test Case '-[AppBundleTests.WorkspaceSwitchFrameTest testCancelledObservationClearsOldAcceptedSizeAndRequestedFrame]' started.
Test Case '-[AppBundleTests.WorkspaceSwitchFrameTest testCancelledObservationClearsOldAcceptedSizeAndRequestedFrame]' passed (0.044 seconds).
Test Case '-[AppBundleTests.WorkspaceSwitchFrameTest testClampedNativeSizeDoesNotBecomeAnAcceptedFrame]' started.
Test Case '-[AppBundleTests.WorkspaceSwitchFrameTest testClampedNativeSizeDoesNotBecomeAnAcceptedFrame]' passed (0.031 seconds).
Test Case '-[AppBundleTests.WorkspaceSwitchFrameTest testFloatingFrameMapsAndClampsOnlyWhenMonitorChanges]' started.
Test Case '-[AppBundleTests.WorkspaceSwitchFrameTest testFloatingFrameMapsAndClampsOnlyWhenMonitorChanges]' passed (0.019 seconds).
Test Case '-[AppBundleTests.WorkspaceSwitchFrameTest testFloatingFrameReturnsExactlyIncludingPartialOffscreenPlacement]' started.
Test Case '-[AppBundleTests.WorkspaceSwitchFrameTest testFloatingFrameReturnsExactlyIncludingPartialOffscreenPlacement]' passed (0.002 seconds).
Test Case '-[AppBundleTests.WorkspaceSwitchFrameTest testFloatingLayoutDoesNotRelocateJustRestoredCrossMonitorWindow]' started.
Test Case '-[AppBundleTests.WorkspaceSwitchFrameTest testFloatingLayoutDoesNotRelocateJustRestoredCrossMonitorWindow]' passed (0.001 seconds).
Test Case '-[AppBundleTests.WorkspaceSwitchFrameTest testHiddenResizeInvalidatesAcceptedSizeButParkingMoveDoesNot]' started.
Test Case '-[AppBundleTests.WorkspaceSwitchFrameTest testHiddenResizeInvalidatesAcceptedSizeButParkingMoveDoesNot]' passed (0.008 seconds).
Test Case '-[AppBundleTests.WorkspaceSwitchFrameTest testParkedTilingToFloatingConversionKeepsCommandSelectedSize]' started.
Test Case '-[AppBundleTests.WorkspaceSwitchFrameTest testParkedTilingToFloatingConversionKeepsCommandSelectedSize]' passed (0.005 seconds).
Test Case '-[AppBundleTests.WorkspaceSwitchFrameTest testRepeatedGroupRestoresQueueFramesWithoutRepeatedNativeProbes]' started.
Test Case '-[AppBundleTests.WorkspaceSwitchFrameTest testRepeatedGroupRestoresQueueFramesWithoutRepeatedNativeProbes]' passed (0.005 seconds).
Test Case '-[AppBundleTests.WorkspaceSwitchFrameTest testResizeAndNativeGeometryEventsRecheckAcceptedSize]' started.
Test Case '-[AppBundleTests.WorkspaceSwitchFrameTest testResizeAndNativeGeometryEventsRecheckAcceptedSize]' passed (0.005 seconds).
Test Case '-[AppBundleTests.WorkspaceSwitchFrameTest testResizeDuringObservationCannotRestoreAcceptedSize]' started.
Test Case '-[AppBundleTests.WorkspaceSwitchFrameTest testResizeDuringObservationCannotRestoreAcceptedSize]' passed (0.005 seconds).
Test Case '-[AppBundleTests.WorkspaceSwitchFrameTest testSupersededObservationCannotCacheAnObsoleteFrame]' started.
Test Case '-[AppBundleTests.WorkspaceSwitchFrameTest testSupersededObservationCannotCacheAnObsoleteFrame]' passed (0.006 seconds).
Test Suite 'WorkspaceSwitchFrameTest' passed at 2026-10-06 17:41:12.619.
	 Executed 11 tests, with 0 failures (0 unexpected) in 0.132 (0.133) seconds
Test Suite 'WorkspaceViewsPerformanceTest' started at 2026-10-06 17:41:12.619.
Test Case '-[AppBundleTests.WorkspaceViewsPerformanceTest testStandaloneSidebarRefreshBenchmark]' started.
Test Case '-[AppBundleTests.WorkspaceViewsPerformanceTest testStandaloneSidebarRefreshBenchmark]' passed (0.099 seconds).
Test Suite 'WorkspaceViewsPerformanceTest' passed at 2026-10-06 17:41:12.718.
	 Executed 1 test, with 0 failures (0 unexpected) in 0.099 (0.099) seconds
Test Suite 'WorkspaceViewsTest' started at 2026-10-06 17:41:12.718.
Test Case '-[AppBundleTests.WorkspaceViewsTest testAllocatorRetainsMinimizedAndNamedEmptyViews]' started.
Test Case '-[AppBundleTests.WorkspaceViewsTest testAllocatorRetainsMinimizedAndNamedEmptyViews]' passed (0.028 seconds).
Test Case '-[AppBundleTests.WorkspaceViewsTest testBrowserCreationAllocatesExactlyOneViewInEitherArrivalOrder]' started.
2026-10-06 17:41:12.756 xctest[75365:6495484] WinMux new tab: dispatch
2026-10-06 17:41:12.756 xctest[75365:6495484] WinMux new tab: issued
2026-10-06 17:41:12.760 xctest[75365:6495484] WinMux new tab: dispatch
2026-10-06 17:41:12.760 xctest[75365:6495484] WinMux new tab: issued
Test Case '-[AppBundleTests.WorkspaceViewsTest testBrowserCreationAllocatesExactlyOneViewInEitherArrivalOrder]' passed (0.015 seconds).
Test Case '-[AppBundleTests.WorkspaceViewsTest testClosingLastWindowRemovesUsedNamedGroupAndFocusesRemainingView]' started.
Test Case '-[AppBundleTests.WorkspaceViewsTest testClosingLastWindowRemovesUsedNamedGroupAndFocusesRemainingView]' passed (0.008 seconds).
Test Case '-[AppBundleTests.WorkspaceViewsTest testCombineSeparateAndPinnedBoundaryAreTransactional]' started.
Test Case '-[AppBundleTests.WorkspaceViewsTest testCombineSeparateAndPinnedBoundaryAreTransactional]' passed (0.015 seconds).
Test Case '-[AppBundleTests.WorkspaceViewsTest testDelayedBrowserCreationKeepsCapturedSpaceAndDoesNotTakeBackFocus]' started.
2026-10-06 17:41:12.793 xctest[75365:6495484] WinMux new tab: dispatch
2026-10-06 17:41:12.793 xctest[75365:6495484] WinMux new tab: issued
Test Case '-[AppBundleTests.WorkspaceViewsTest testDelayedBrowserCreationKeepsCapturedSpaceAndDoesNotTakeBackFocus]' passed (0.010 seconds).
Test Case '-[AppBundleTests.WorkspaceViewsTest testFailedBrowserCreationDoesNotAllocateAView]' started.
2026-10-06 17:41:12.804 xctest[75365:6495484] WinMux new tab: dispatch
2026-10-06 17:41:12.804 xctest[75365:6495484] WinMux new tab: unavailable
Test Case '-[AppBundleTests.WorkspaceViewsTest testFailedBrowserCreationDoesNotAllocateAView]' passed (0.010 seconds).
Test Case '-[AppBundleTests.WorkspaceViewsTest testMinimizedMemberKeepsGroupAndLastClosedViewLeavesBlankSpace]' started.
Test Case '-[AppBundleTests.WorkspaceViewsTest testMinimizedMemberKeepsGroupAndLastClosedViewLeavesBlankSpace]' passed (0.006 seconds).
Test Case '-[AppBundleTests.WorkspaceViewsTest testModeIsOptInAndRejectsUnknownValues]' started.
Test Case '-[AppBundleTests.WorkspaceViewsTest testModeIsOptInAndRejectsUnknownValues]' passed (0.001 seconds).
Test Case '-[AppBundleTests.WorkspaceViewsTest testMovingLastWindowPrunesAutomaticGroupButKeepsUnusedNamedGroup]' started.
Test Case '-[AppBundleTests.WorkspaceViewsTest testMovingLastWindowPrunesAutomaticGroupButKeepsUnusedNamedGroup]' passed (0.003 seconds).
Test Case '-[AppBundleTests.WorkspaceViewsTest testMultipleBackgroundArrivalsHaveSeparateViewsWithoutSelection]' started.
Test Case '-[AppBundleTests.WorkspaceViewsTest testMultipleBackgroundArrivalsHaveSeparateViewsWithoutSelection]' passed (0.006 seconds).
Test Case '-[AppBundleTests.WorkspaceViewsTest testNativeArrivalDoesNotShrinkExistingViewOrUseNamedEmptyGroup]' started.
Test Case '-[AppBundleTests.WorkspaceViewsTest testNativeArrivalDoesNotShrinkExistingViewOrUseNamedEmptyGroup]' passed (0.003 seconds).
Test Case '-[AppBundleTests.WorkspaceViewsTest testPinnedViewsSelectIndependentlyAndUnpinIntoStandaloneView]' started.
Test Case '-[AppBundleTests.WorkspaceViewsTest testPinnedViewsSelectIndependentlyAndUnpinIntoStandaloneView]' passed (0.019 seconds).
Test Case '-[AppBundleTests.WorkspaceViewsTest testPinningTwoWindowsOfSameAppKeepsEachInItsOwnDesktop]' started.
Test Case '-[AppBundleTests.WorkspaceViewsTest testPinningTwoWindowsOfSameAppKeepsEachInItsOwnDesktop]' passed (0.023 seconds).
Test Case '-[AppBundleTests.WorkspaceViewsTest testSearchDoesNotPresentOneMatchingMemberAsAStandaloneView]' started.
Test Case '-[AppBundleTests.WorkspaceViewsTest testSearchDoesNotPresentOneMatchingMemberAsAStandaloneView]' passed (0.014 seconds).
Test Case '-[AppBundleTests.WorkspaceViewsTest testSeparatingSingletonIsNoOpAndPreservesItsName]' started.
Test Case '-[AppBundleTests.WorkspaceViewsTest testSeparatingSingletonIsNoOpAndPreservesItsName]' passed (0.001 seconds).
Test Case '-[AppBundleTests.WorkspaceViewsTest testUnpinDuringBrowserReopenPlacesCreatedPageInItsOwnView]' started.
2026-10-06 17:41:12.887 xctest[75365:6495484] WinMux new tab: dispatch
2026-10-06 17:41:12.887 xctest[75365:6495484] WinMux new tab: issued
Test Case '-[AppBundleTests.WorkspaceViewsTest testUnpinDuringBrowserReopenPlacesCreatedPageInItsOwnView]' passed (0.007 seconds).
Test Suite 'WorkspaceViewsTest' passed at 2026-10-06 17:41:12.888.
	 Executed 16 tests, with 0 failures (0 unexpected) in 0.169 (0.170) seconds
Test Suite 'WorkspaceVisibilityBenchmarkTest' started at 2026-10-06 17:41:12.888.
Test Case '-[AppBundleTests.WorkspaceVisibilityBenchmarkTest testEmptyAndMinimizedWorkspaceVisibilityBenchmark]' started.
Test Case '-[AppBundleTests.WorkspaceVisibilityBenchmarkTest testEmptyAndMinimizedWorkspaceVisibilityBenchmark]' passed (0.074 seconds).
Test Suite 'WorkspaceVisibilityBenchmarkTest' passed at 2026-10-06 17:41:12.963.
	 Executed 1 test, with 0 failures (0 unexpected) in 0.074 (0.074) seconds
Test Suite 'WorkspaceVisibilitySnapshotTest' started at 2026-10-06 17:41:12.963.
Test Case '-[AppBundleTests.WorkspaceVisibilitySnapshotTest testBatchedVisibilityMatchesOriginalRulesAcrossLifecycleChanges]' started.
Test Case '-[AppBundleTests.WorkspaceVisibilitySnapshotTest testBatchedVisibilityMatchesOriginalRulesAcrossLifecycleChanges]' passed (0.279 seconds).
Test Suite 'WorkspaceVisibilitySnapshotTest' passed at 2026-10-06 17:41:13.242.
	 Executed 1 test, with 0 failures (0 unexpected) in 0.279 (0.279) seconds
Test Suite 'AppBundleTests.xctest' passed at 2026-10-06 17:41:13.242.
	 Executed 1015 tests, with 0 failures (0 unexpected) in 14.338 (14.448) seconds
Test Suite 'All tests' passed at 2026-10-06 17:41:13.243.
	 Executed 1015 tests, with 0 failures (0 unexpected) in 14.338 (14.452) seconds
AX_REFRESH_BENCHMARK {"normalizeCount":0,"elapsedMilliseconds":4.007791,"branch":"unknown","refreshCount":0,"normalizeDelayMilliseconds":40,"refreshDelayMilliseconds":80,"iterations":10,"scenario":"focused-window-changed","event":"ax(AXFocusedWindowChanged)"}
AX_REFRESH_BENCHMARK {"branch":"unknown","refreshCount":10,"normalizeDelayMilliseconds":40,"normalizeCount":10,"event":"ax(AXWindowCreated)","elapsedMilliseconds":1268.006583,"scenario":"window-created","refreshDelayMilliseconds":80,"iterations":10}
AX_REFRESH_BENCHMARK {"branch":"unknown","refreshCount":0,"normalizeDelayMilliseconds":40,"normalizeCount":0,"event":"globalObserver(NSWorkspaceDidActivateApplicationNotification)","elapsedMilliseconds":4.5035,"scenario":"app-activation","refreshDelayMilliseconds":80,"iterations":10}
FOCUS_LATENCY_BENCHMARK explicit_focus_geometry_reads=0 elapsed=0.000392667 seconds
FOCUS_LATENCY_BENCHMARK fullscreen_reads=1 elapsed=0.003181209 seconds
GEOMETRY_BENCHMARK scope=all simulatedFrameCostMs=1 frameRequests=120 medianMs=8.475833 p95Ms=8.889459
GEOMETRY_BENCHMARK scope=windows([1: 0]) simulatedFrameCostMs=1 frameRequests=20 medianMs=2.395875 p95Ms=3.788625
LAYOUT_FRAME_BENCHMARK {"branch":"unknown","frameWriteCount":60,"windowCount":6,"frameDelayMilliseconds":1,"elapsedMilliseconds":77.677792,"scenario":"steady-hotkey","iterations":10}
LAYOUT_FRAME_BENCHMARK {"branch":"unknown","frameWriteCount":60,"windowCount":6,"frameDelayMilliseconds":1,"elapsedMilliseconds":77.515917,"scenario":"steady-ax","iterations":10}
MODEL_REFRESH_BENCHMARK frozen-256-siblings median_ms=0.30075 p95_ms=0.30575
MODEL_REFRESH_BENCHMARK closed-cache-256-windows median_ms=0.05225 p95_ms=0.052708
MODEL_REFRESH_BENCHMARK session-128-windows-json median_ms=1.284667 p95_ms=1.486208
MODEL_REFRESH_BENCHMARK session-128-windows-values median_ms=0.020291 p95_ms=0.028208
MODEL_REFRESH_BENCHMARK sidebar-8-groups median_ms=0.221583 p95_ms=0.333167
MODEL_REFRESH_BENCHMARK sidebar-32-groups median_ms=1.562042 p95_ms=1.661166
MODEL_REFRESH_BENCHMARK tabs-40-windows median_ms=0.6685 p95_ms=1.295791
POST_COMMAND_REFRESH_BENCHMARK {"scheduledRefreshCount":0,"elapsedMilliseconds":1.50625,"branch":"unknown","scenario":"safe-command","refreshDelayMilliseconds":100,"iterations":10}
POST_COMMAND_REFRESH_BENCHMARK {"iterations":10,"scheduledRefreshCount":10,"refreshDelayMilliseconds":100,"branch":"unknown","elapsedMilliseconds":1034.020083,"scenario":"unsafe-command"}
LIFECYCLE_REFRESH_BENCHMARK simulatedSlowApp=100ms global=0.106408708 seconds scoped=0.000260125 seconds
WINDOW_TITLE_BENCHMARK {"scenario":"cold","titleGetCount":0,"elapsedMilliseconds":28.141125,"iterations":1,"windowsPerWorkspace":5,"branch":"unknown","workspaceCount":4,"titleDelayMilliseconds":1}
WINDOW_TITLE_BENCHMARK {"scenario":"steady","titleGetCount":0,"elapsedMilliseconds":33.653291,"iterations":10,"branch":"unknown","windowsPerWorkspace":5,"workspaceCount":4,"titleDelayMilliseconds":1}
SIDEBAR_CLOSE_BENCHMARK elapsed=0.089268875 seconds
SIDEBAR_TRANSITION_BENCHMARK requests=100 publications=0 expansionNotifications=0
VIEWS_SIDEBAR_BENCHMARK count=50 samples=10 median_ms=0.535958 p95_ms=0.732708
VIEWS_SIDEBAR_BENCHMARK count=200 samples=10 median_ms=2.730125 p95_ms=2.998167
VISIBILITY_BENCHMARK groups=96 minimized=24 median_ms=0.285708 p95_ms=0.381083
◇ Test run started.
↳ Testing Library Version: 2084
↳ Target Platform: arm64e-apple-macos14.0
✔ Test run with 0 tests in 0 suites passed after 0.001 seconds.
/bin/bash -lc 'cd "/Users/james/Documents/Codex/winmux" && \
	set -euo pipefail && \
	source ./script/setup.sh && \
	python3 -m unittest script/test_validate_appcast.py && \
	python3 -m unittest discover -s browser/tools -p test_workspace_views_trial.py && \
	swift package resolve && \
	git diff --exit-code -- Package.resolved'
.....
----------------------------------------------------------------------
Ran 5 tests in 0.005s

OK
.....
----------------------------------------------------------------------
Ran 5 tests in 0.005s

OK
Trial stopped. Its separate profile and layout are retained.
warning: swiftly is not installed. Fallback to plain swift. Swift compilation might not be reproducible
swift-driver version: 1.168.6 Apple Swift version 6.4 (swiftlang-6.4.0.34.1 clang-2100.3.34.1)
Target: arm64-apple-macosx27.0.0
